Customer ID,Age,Gender,Loyalty Member
19033,47,Female,No
1402,77,Male,No
14264,36,Male,No
9976,36,Female,No
19471,54,Female,No
5015,34,Male,No
15639,18,Male,No
2022,37,Male,No
17677,76,Female,Yes
16418,76,Male,No
11269,65,Male,No
4910,77,Female,No
2839,47,Male,No
7907,32,Female,No
11990,18,Female,No
17211,41,Female,No
16405,65,Female,Yes
14449,53,Male,No
4426,32,Female,No
18070,70,Male,Yes
16863,33,Male,No
9479,50,Female,Yes
4399,25,Male,Yes
18200,31,Male,No
3255,55,Female,No
2164,29,Female,No
19882,22,Male,No
17974,61,Female,No
11809,36,Female,No
11351,78,Female,No
18352,78,Male,No
13636,57,Male,No
11827,39,Female,Yes
17930,74,Male,No
1234,58,Male,No
14793,41,Male,No
16885,79,Male,No
13932,38,Female,No
4902,47,Male,No
2621,30,Female,No
13934,44,Male,No
15385,23,Female,No
11631,47,Male,No
13413,24,Female,No
16731,53,Female,Yes
9331,38,Male,No
12883,51,Female,No
19341,36,Male,Yes
6276,57,Female,No
2671,78,Male,No
5128,57,Female,No
5838,34,Female,Yes
11209,53,Female,No
17128,34,Female,No
6964,45,Male,No
1038,56,Female,No
2082,19,Male,Yes
18014,28,Female,No
18883,53,Male,Yes
4335,56,Male,Yes
6574,42,Male,No
11730,78,Male,No
17311,31,Male,No
14815,78,Female,No
17250,78,Male,No
16990,23,Female,No
2859,63,Female,No
19984,62,Male,No
9507,63,Female,Yes
15491,66,Female,Yes
18662,43,Male,No
7055,58,Male,No
6557,60,Male,Yes
3294,26,Female,No
6548,65,Male,No
8493,43,Female,No
7812,78,Female,No
18955,55,Female,No
3704,74,Male,No
12532,51,Male,No
8917,58,Male,Yes
9202,58,Male,No
11578,65,Female,No
6678,35,Female,No
3001,22,Female,No
4048,68,Male,No
4679,73,Female,No
7766,24,Female,No
3593,72,Female,No
6281,21,Female,Yes
1375,45,Female,No
6139,49,Female,No
12441,68,Male,No
12550,55,Male,No
1673,43,Male,Yes
6071,57,Male,Yes
12109,56,Male,No
15245,40,Male,No
13435,59,Male,No
2486,65,Female,No
18690,73,Female,No
16513,75,Female,No
15345,66,Female,No
18871,33,Male,No
4436,75,Female,Yes
17729,19,Female,Yes
2460,72,Male,Yes
6231,59,Male,Yes
17192,69,Female,Yes
19182,80,Male,No
3420,69,Male,Yes
3165,28,Male,No
14021,61,Male,No
4391,47,Female,No
17701,39,Female,No
5070,18,Female,Yes
15480,31,Male,No
12134,72,Male,No
19339,64,Female,No
7440,52,Male,Yes
14289,43,Female,No
15125,60,Male,No
12700,40,Female,Yes
19969,67,Male,No
14521,19,Female,No
15941,68,Male,No
16911,74,Female,No
6397,30,Male,Yes
5828,52,Female,No
4442,71,Male,No
19772,48,Female,No
1698,42,Female,No
14633,30,Female,No
9100,18,Male,No
15394,40,Male,No
2587,28,Female,No
2879,55,Male,No
1197,77,Female,No
4791,46,Male,No
16509,53,Male,No
3393,50,Male,No
12151,25,Male,No
12473,50,Male,No
15088,27,Female,Yes
13870,60,Male,No
18398,26,Female,No
14690,18,Male,No
6242,76,Male,No
14213,50,Male,Yes
12458,46,Female,No
9215,45,Male,No
3122,72,Male,No
18266,26,Female,Yes
17091,71,Female,Yes
2547,60,Female,No
2898,37,Male,No
19901,80,Female,Yes
19672,25,Female,No
13609,55,Male,Yes
13463,55,Male,No
16216,50,Female,No
11476,24,Female,No
6186,68,Female,No
2147,61,Male,No
18788,27,Male,Yes
2556,35,Female,No
5816,21,Female,No
11560,54,Male,No
8993,76,Male,Yes
17682,59,Male,No
15059,38,Male,Yes
14717,59,Male,No
7718,62,Male,No
16970,23,Female,No
1265,29,Female,No
19214,80,Male,Yes
15779,58,Male,No
8526,78,Male,No
6403,61,Male,No
9497,39,Female,No
1139,56,Female,No
5034,60,Male,No
15231,68,Female,No
19223,69,Female,No
8194,33,Female,No
5981,53,Female,No
2720,28,Female,No
19820,32,Female,Yes
13190,50,Male,No
6297,21,Female,Yes
9318,50,Male,Yes
2881,64,Female,Yes
1422,62,Female,Yes
6489,39,Male,No
12477,76,Male,No
1216,35,Female,Yes
1799,73,Female,No
16139,58,Female,No
1327,80,Male,No
14267,21,Female,Yes
6168,38,Female,No
12408,75,Female,No
2300,36,Male,No
11062,58,Female,No
18679,43,Female,No
13776,52,Male,No
11829,66,Female,No
5371,25,Female,No
17367,23,Female,Yes
5281,76,Male,No
3792,80,Female,No
6280,26,Female,Yes
11303,41,Female,Yes
11987,70,Female,No
15350,18,Male,No
9299,75,Male,No
14194,78,Female,No
5789,69,Female,No
16105,37,Male,Yes
14558,51,Female,No
8406,39,Male,No
13632,71,Female,No
16020,51,Male,Yes
7632,79,Male,Yes
18797,22,Female,No
8492,57,Female,No
18783,34,Male,No
19213,32,Male,No
14563,51,Female,No
1484,63,Male,No
5566,67,Female,No
3575,49,Male,Yes
13964,50,Male,No
15489,58,Male,No
17778,63,Female,No
2562,23,Male,No
4408,40,Male,Yes
3502,67,Male,No
1105,42,Female,No
5844,30,Male,No
9592,45,Male,No
9528,78,Female,Yes
19610,67,Male,Yes
5603,28,Male,No
14856,46,Female,No
13976,29,Female,No
12329,50,Female,No
7518,54,Male,No
1271,36,Female,No
18026,57,Female,Yes
18022,48,Male,No
19880,63,Female,No
14028,35,Male,No
5674,20,Male,No
9760,33,Female,No
15242,49,Female,No
3170,68,Male,No
11465,46,Female,No
4495,72,Female,No
11483,65,Male,Yes
14439,36,Male,No
19807,56,Female,No
16628,72,Male,No
19960,78,Male,Yes
9570,50,Male,No
6507,38,Female,Yes
18943,80,Male,No
6128,66,Male,No
19014,45,Female,No
18127,71,Female,No
3515,67,Female,No
14497,18,Female,No
4232,46,Female,No
17314,77,Female,Yes
11790,24,Male,No
18996,48,Male,No
2778,28,Male,Yes
12442,56,Female,No
13888,32,Female,No
5849,57,Male,No
4841,53,Male,Yes
13909,42,Female,Yes
8731,34,Female,No
15031,70,Male,No
13074,49,Female,No
14632,57,Male,No
6997,30,Male,No
3464,32,Male,Yes
5555,56,Female,Yes
4122,36,Female,No
12419,20,Female,Yes
17343,23,Male,No
5479,40,Female,No
18490,48,Female,No
17174,67,Female,Yes
8983,58,Male,No
11104,57,Male,No
18982,67,Female,No
7776,49,Female,No
4663,52,Male,Yes
18403,54,Female,No
1480,48,Male,No
11162,62,Male,No
16130,38,Female,Yes
13439,77,Female,No
5169,29,Male,Yes
2396,58,Male,No
7025,41,Female,No
13715,38,Female,No
17141,53,Male,No
15259,79,Female,Yes
6986,18,Male,No
7662,78,Female,Yes
19605,62,Female,No
12687,30,Male,No
6320,60,Male,No
18784,63,Female,No
8310,23,Male,No
12865,52,Female,No
5350,62,Male,No
7932,32,Male,No
17780,32,Female,Yes
18703,55,Male,No
7434,53,Male,No
13549,67,Male,No
15879,21,Female,Yes
4236,39,Female,No
17883,18,Male,No
14052,78,Female,No
5283,79,Male,Yes
6969,57,Male,No
12884,45,Male,No
2134,35,Female,No
19529,26,Male,No
4441,35,Female,Yes
12244,79,Female,No
11444,54,Female,No
1601,40,Male,No
19909,44,Male,No
17915,58,Female,No
13081,18,Female,No
13673,50,Male,No
7551,43,Female,Yes
3782,80,Female,No
1183,80,Male,Yes
5685,23,Male,No
3197,56,Male,No
14836,18,Male,Yes
6077,56,Male,No
15212,80,Female,Yes
14236,41,Male,Yes
11318,45,Female,No
6715,62,Male,No
1695,75,Male,No
1909,29,Male,No
2076,69,Female,Yes
12597,43,Male,No
15656,18,Female,No
16179,40,Female,Yes
14569,36,Male,No
13162,29,Male,No
8989,49,Female,No
17272,51,Male,No
17422,28,Male,No
3659,73,Female,No
1803,44,Female,No
7525,40,Male,No
5020,62,Female,No
8039,75,Male,No
13579,37,Female,No
12666,71,Male,No
8488,46,Female,Yes
4064,53,Female,No
11175,75,Male,No
13184,68,Male,No
15198,32,Male,Yes
18715,20,Male,No
2745,75,Male,Yes
6845,42,Male,No
16036,43,Female,Yes
3013,43,Female,No
6719,70,Female,No
7773,32,Male,No
15609,68,Male,Yes
3737,24,Female,No
18767,54,Female,No
3727,80,Male,No
1411,23,Male,No
15386,29,Male,No
19204,58,Male,Yes
18832,35,Male,No
8807,27,Male,No
18143,60,Female,No
13358,54,Male,No
18373,76,Male,No
11430,22,Female,No
16836,30,Male,No
5911,23,Male,No
15356,73,Female,No
8984,79,Male,No
11612,22,Male,Yes
18156,62,Male,No
14647,62,Female,No
11313,47,Female,Yes
7745,25,Female,No
19671,53,Female,No
2150,63,Female,No
11050,58,Female,No
9880,74,Female,No
6914,75,Male,No
17862,57,Male,No
4013,41,Male,No
15878,39,Male,No
6457,79,Female,Yes
9700,72,Female,No
18594,63,Male,No
7389,42,Male,No
17615,52,Male,Yes
12990,41,Male,Yes
8617,28,Male,No
6831,69,Male,No
5040,47,Female,No
12367,71,Male,No
14153,69,Female,No
17247,35,Female,No
17285,21,Male,Yes
14784,76,Male,Yes
18036,61,Female,Yes
12280,48,Female,No
9538,45,Female,No
12302,36,Female,No
14772,64,Female,No
15748,79,Female,No
4015,33,Female,No
15634,39,Female,Yes
7034,42,Male,No
4044,20,Male,No
8546,27,Male,No
13078,27,Female,No
14983,32,Female,No
5181,43,Male,No
1175,62,Male,No
17992,35,Female,No
14058,66,Male,No
12569,64,Male,No
19081,62,Female,No
19905,76,Male,No
15776,60,Male,No
8400,29,Male,No
8498,22,Female,No
12341,26,Female,No
12407,72,Male,No
9439,44,Male,No
18178,51,Male,No
17569,53,Male,No
2589,73,Female,No
12545,43,Male,Yes
1878,39,Female,No
9768,74,Female,No
2961,18,Male,No
12485,70,Male,No
5395,35,Female,No
4957,36,Male,No
11380,19,Female,No
19463,75,Male,No
9376,54,Male,Yes
4935,50,Female,Yes
18501,66,Female,No
18735,35,Female,No
17317,44,Female,No
9263,30,Female,No
9927,68,Male,No
8497,44,Male,No
19295,74,Male,No
12573,74,Male,Yes
16929,45,Female,No
15540,66,Female,Yes
15174,66,Female,No
16207,45,Female,No
16382,75,Male,No
15100,80,Male,No
6463,63,Male,No
19109,20,Male,No
2212,69,Female,No
18304,33,Female,No
2526,22,Male,No
12831,77,Female,No
14697,66,Female,No
18285,43,Male,No
14274,43,Female,No
11139,50,Male,No
16331,43,Female,No
15599,65,Male,No
18987,45,Female,No
16344,50,Male,No
8329,75,Female,Yes
3869,30,Male,No
18984,58,Male,No
14084,49,Female,No
12755,35,Female,No
15067,77,Male,Yes
12667,40,Female,No
8652,80,Male,No
5344,45,Female,No
7125,58,Female,Yes
19537,36,Female,No
5029,27,Female,Yes
3442,80,Male,No
14895,46,Male,Yes
15982,79,Male,No
16805,73,Female,No
7897,71,Male,No
15459,74,Female,No
16018,68,Female,No
4482,31,Female,No
8527,35,Female,No
13568,39,Male,No
9859,74,Male,No
15159,18,Female,No
17536,29,Male,No
1122,69,Male,Yes
18557,28,Female,Yes
6710,69,Female,No
3146,62,Female,No
1079,64,Male,No
9471,68,Male,Yes
6809,47,Male,No
4568,27,Female,Yes
12607,73,Male,No
15476,48,Female,No
17616,40,Male,No
1936,53,Female,Yes
12716,79,Male,Yes
17629,53,Female,No
4365,36,Male,Yes
2215,65,Male,No
18277,29,Male,No
17578,28,Male,No
4132,43,Male,Yes
16629,63,Male,Yes
16729,55,Male,No
16881,50,Female,No
7960,58,Male,No
4061,61,Male,No
12156,48,Female,No
5279,27,Female,No
17198,53,Female,No
6602,63,Male,No
15207,50,Female,No
11943,49,Female,No
18062,29,Male,Yes
9962,38,Female,No
5323,62,Female,No
8866,72,Male,Yes
7420,35,Male,No
7842,47,Female,No
15332,76,Male,No
16414,37,Male,No
11975,41,Female,Yes
4968,53,Female,No
14791,70,Male,Yes
19276,64,Female,No
18053,26,Female,No
7413,52,Female,No
6510,41,Male,No
18867,45,Male,No
12285,39,Male,Yes
18004,58,Male,Yes
1215,47,Male,No
11782,45,Male,No
12074,57,Female,No
15610,70,Male,No
1880,48,Female,No
18114,56,Female,No
1355,30,Male,No
7563,21,Female,No
17418,69,Male,No
14292,41,Female,No
4031,50,Male,No
4037,27,Male,No
1863,55,Male,Yes
16284,70,Male,No
6305,71,Male,No
2738,30,Female,No
18449,33,Male,No
18319,34,Male,No
19732,33,Male,Yes
18939,69,Male,No
7712,78,Male,No
19252,66,Male,No
14144,38,Female,No
18774,53,Female,No
7988,59,Male,No
14902,24,Female,Yes
18877,19,Female,No
13555,49,Male,No
5235,45,Female,Yes
3901,77,Male,No
12211,56,Male,No
11599,54,Female,No
12787,36,Female,No
1972,37,Female,Yes
18840,20,Male,Yes
7989,53,Female,No
17058,41,Female,No
18306,50,Female,No
9895,67,Male,No
13014,54,Male,No
19906,40,Female,No
14350,37,Male,No
5594,45,Male,No
11855,40,Female,No
5579,30,Male,No
9485,23,Male,Yes
17658,79,Male,Yes
18897,58,Male,Yes
8840,59,Female,No
13860,28,Female,No
1495,45,Female,No
7762,46,Male,No
9197,28,Male,No
13877,43,Female,No
1192,60,Male,No
16462,36,Female,No
2258,25,Male,No
17897,59,Male,No
3992,67,Male,No
3982,44,Female,No
12655,54,Female,Yes
13997,49,Female,No
12643,28,Male,No
19593,30,Female,Yes
18909,69,Male,Yes
16825,75,Male,No
2750,28,Female,No
13728,68,Female,No
15462,75,Female,Yes
19517,54,Female,No
14211,62,Female,No
9759,66,Female,No
19474,20,Female,No
6416,27,Female,No
16132,66,Male,No
6424,23,Female,No
2180,26,Male,No
16285,32,Female,Yes
11340,38,Female,No
11310,63,Male,No
6716,36,Male,No
15518,53,Female,Yes
11575,64,Female,Yes
2099,79,Male,No
6946,73,Female,No
18513,24,Female,No
2037,37,Male,No
18653,57,Male,No
19475,61,Male,No
5983,30,Female,No
16452,41,Female,No
7169,75,Male,Yes
9783,53,Female,Yes
2182,41,Male,No
8953,70,Male,No
8736,42,Male,No
11764,75,Female,No
11779,36,Male,No
2413,56,Female,No
4559,55,Male,No
18819,20,Female,No
2605,33,Male,No
2755,41,Male,No
3641,33,Female,No
12613,54,Female,No
15391,40,Male,Yes
17309,35,Female,No
18808,71,Male,No
13125,42,Female,No
12431,21,Female,Yes
8496,65,Male,No
17365,34,Male,No
14744,65,Male,Yes
16995,70,Male,No
13417,57,Male,No
7726,71,Male,No
15344,74,Male,No
19191,44,Male,No
5799,27,Male,No
18082,28,Female,No
4238,32,Female,Yes
19791,59,Female,No
1145,75,Female,No
18084,78,Female,No
6100,50,Female,No
18329,26,Female,No
9868,58,Male,No
4099,44,Male,No
5597,69,Male,No
2593,44,Female,No
2610,36,Male,No
16864,29,Male,No
15292,21,Male,No
19569,28,Male,No
17482,71,Female,No
8571,69,Male,No
13823,33,Male,No
4881,35,Female,Yes
13665,29,Female,No
5219,55,Male,No
13287,44,Female,No
3857,47,Male,No
6239,58,Male,No
15285,34,Male,No
13332,60,Female,No
11972,77,Male,No
11086,75,Male,No
1794,80,Male,No
7526,34,Male,No
13369,38,Male,No
19723,38,Male,Yes
11904,46,Male,No
19824,76,Male,No
11029,40,Female,No
11323,24,Male,No
6726,77,Male,No
5999,44,Male,No
9075,27,Male,Yes
19351,50,Male,No
1073,46,Female,Yes
19918,71,Female,Yes
3649,42,Female,No
5722,40,Male,Yes
1559,59,Male,No
11625,38,Female,Yes
3614,54,Female,Yes
14490,18,Male,Yes
14112,63,Male,No
14452,35,Male,No
2473,69,Female,No
13535,69,Male,No
11680,49,Male,Yes
2800,19,Female,No
16707,22,Male,Yes
18629,80,Male,No
11459,52,Male,No
8574,71,Male,No
8349,70,Male,No
3968,64,Male,No
11905,32,Female,Yes
17717,19,Male,No
7446,64,Male,No
6508,30,Female,No
19222,39,Female,No
13672,37,Male,No
12031,35,Male,Yes
11602,23,Female,No
18843,78,Male,No
7188,30,Female,No
2890,54,Male,Yes
5899,31,Male,No
19378,30,Male,No
15238,73,Female,No
14520,34,Male,No
19795,46,Male,No
3331,44,Male,No
19373,69,Male,No
13214,36,Female,No
1602,23,Male,Yes
12175,62,Female,No
3878,40,Male,No
13686,35,Female,No
14288,21,Male,No
4125,37,Male,No
3340,46,Female,No
17946,72,Male,No
2112,20,Male,No
19277,23,Male,No
8102,21,Female,No
11677,39,Female,No
17647,68,Female,No
12433,22,Male,No
17792,73,Female,No
4520,32,Female,Yes
8951,56,Male,No
13883,42,Male,Yes
13569,38,Female,No
18221,19,Male,No
7578,32,Male,Yes
14808,24,Female,No
3194,24,Female,No
1921,23,Female,No
7968,75,Female,No
1350,77,Male,No
5709,53,Male,Yes
13838,26,Male,No
8064,30,Male,No
11111,70,Female,Yes
16708,71,Female,No
7562,74,Female,No
15297,68,Male,No
3281,76,Male,Yes
8783,38,Male,No
4917,43,Male,No
14609,34,Female,No
11232,25,Male,No
13726,31,Female,No
14445,38,Male,No
11133,49,Male,Yes
16315,18,Female,No
15944,56,Female,Yes
12932,55,Male,Yes
17939,51,Male,No
15271,74,Female,No
18658,34,Male,No
4662,55,Female,No
13055,72,Female,No
7212,75,Female,No
4129,69,Male,No
4696,23,Female,No
3207,60,Male,Yes
19298,48,Male,Yes
14798,45,Female,No
1115,31,Female,No
12671,22,Female,No
12705,49,Female,No
12771,74,Male,Yes
19286,42,Female,No
7136,40,Female,No
13147,53,Female,No
15641,27,Male,Yes
4983,67,Male,No
9743,59,Female,No
18892,26,Male,No
4235,30,Female,No
3947,78,Male,No
11025,73,Female,No
8719,36,Female,No
18149,68,Female,Yes
1742,43,Female,No
15399,61,Male,No
6155,68,Female,No
14496,62,Male,No
1727,24,Male,Yes
7645,69,Female,No
1574,31,Female,No
16917,20,Female,No
3811,41,Male,No
5354,27,Female,No
15549,42,Male,No
13469,61,Female,No
5689,52,Male,No
18262,66,Male,No
14649,29,Female,No
2244,43,Male,No
1616,39,Female,No
5650,21,Female,Yes
15485,70,Female,Yes
9297,23,Female,No
14711,38,Male,No
2699,66,Male,No
7601,74,Male,No
5633,71,Female,No
13414,63,Female,Yes
14383,21,Female,No
17113,51,Male,No
16798,47,Male,Yes
5945,36,Female,Yes
4997,26,Male,No
3761,42,Female,No
4506,51,Female,No
6028,19,Female,Yes
11743,38,Female,No
16609,65,Male,Yes
4160,36,Female,No
3770,28,Male,Yes
6698,52,Female,Yes
14179,67,Male,Yes
14845,77,Female,Yes
11761,51,Male,No
4892,65,Female,No
4686,38,Male,No
17349,48,Female,No
17539,44,Female,Yes
8067,28,Female,No
19450,43,Female,No
9866,39,Male,No
1154,70,Female,No
16823,40,Male,No
4629,71,Female,No
13939,79,Female,Yes
6735,20,Male,No
15679,63,Male,No
5502,33,Male,No
11767,37,Male,No
9140,41,Female,No
17586,42,Female,Yes
2087,61,Female,No
19228,69,Female,No
8521,35,Female,No
18407,20,Female,No
14657,19,Male,No
8254,27,Male,No
19754,34,Male,Yes
14135,23,Female,No
5786,58,Male,No
19763,30,Male,No
8171,66,Male,No
19793,80,Female,No
13514,72,Male,No
5172,43,Male,No
13230,44,Male,No
5879,48,Male,Yes
17788,37,Female,No
9096,57,Female,No
14463,44,Female,Yes
12881,23,Female,Yes
4274,58,Female,No
2922,39,Female,No
8746,76,Female,No
5322,52,Female,No
13732,60,Male,No
17186,47,Female,Yes
12147,50,Female,No
12152,32,Male,No
9560,66,Male,No
16646,66,Male,No
13212,45,Male,No
12233,30,Male,Yes
17888,77,Female,Yes
3806,35,Male,No
9735,74,Female,No
2806,26,Male,No
19042,69,Female,No
16574,32,Female,Yes
8553,52,Female,Yes
14825,28,Male,No
2817,44,Female,No
15889,75,Female,No
11580,35,Female,Yes
17802,38,Male,No
4293,58,Female,No
11745,65,Female,No
5710,21,Male,No
17467,53,Female,No
6889,46,Male,Yes
12929,29,Male,Yes
14899,66,Female,Yes
19991,75,Male,Yes
2861,48,Female,Yes
4577,40,Male,Yes
4655,23,Female,No
13001,72,Male,No
12956,36,Male,Yes
7074,30,Female,No
5892,51,Female,No
18226,34,Male,No
11684,53,Male,Yes
8218,54,Male,No
7159,68,Male,No
6799,32,Female,No
5665,32,Female,No
19190,76,Male,No
17460,62,Female,No
9245,36,Male,Yes
7774,27,Male,No
11812,76,Male,No
19742,37,Male,No
2943,49,Male,Yes
1461,65,Female,No
13151,61,Female,No
17232,39,Female,No
18664,54,Male,No
8811,47,Female,No
3994,18,Male,Yes
6500,45,Male,No
15225,20,Female,Yes
5461,43,Male,No
2629,49,Male,Yes
19714,43,Female,No
12378,79,Male,Yes
19786,22,Female,No
14311,57,Female,No
18858,34,Female,No
17117,39,Male,Yes
14574,63,Female,No
19784,22,Male,No
6340,55,Male,Yes
6652,73,Male,No
2114,29,Female,No
12303,43,Male,Yes
18426,32,Male,No
19059,59,Male,No
17783,31,Male,No
17886,37,Male,No
13202,51,Male,Yes
15128,72,Female,Yes
17096,68,Male,No
9588,26,Female,No
6487,41,Female,Yes
12626,78,Female,No
18928,75,Female,No
17820,47,Male,Yes
18681,39,Male,Yes
17266,73,Female,No
14988,49,Male,No
11197,39,Female,No
18103,38,Male,No
12220,24,Female,No
1314,30,Male,No
18141,23,Female,No
14126,21,Female,Yes
5242,49,Female,No
18386,69,Female,No
4443,74,Female,No
16294,66,Female,No
9571,76,Male,No
1352,19,Male,No
14689,39,Female,No
16655,26,Female,No
1389,22,Male,Yes
8725,64,Female,No
8383,57,Male,No
13879,36,Female,No
13090,69,Female,No
2254,57,Female,No
19409,47,Male,No
15509,46,Female,No
17922,29,Female,No
16903,74,Female,No
13834,78,Female,No
1893,51,Female,No
8123,61,Male,No
14376,18,Male,Yes
1171,50,Male,No
16896,79,Male,No
14399,76,Female,No
11701,24,Female,No
17954,43,Male,Yes
9453,59,Female,No
9898,48,Male,No
3494,58,Male,Yes
4709,19,Female,No
13630,24,Male,Yes
15410,67,Male,Yes
7355,60,Female,No
13431,22,Male,No
17561,41,Female,No
7003,64,Male,No
2156,75,Male,No
4152,49,Male,Yes
16926,53,Male,No
6771,68,Male,No
9821,74,Female,No
11458,35,Female,Yes
17591,50,Male,Yes
11015,36,Male,No
17596,79,Female,No
9810,46,Male,No
17302,68,Female,No
4970,39,Female,No
9126,76,Male,No
12344,59,Female,No
7053,48,Male,No
8599,40,Male,No
14648,73,Female,No
19028,68,Female,No
7282,71,Male,No
9005,36,Female,No
3040,28,Female,No
14233,70,Male,No
15810,53,Male,Yes
14703,52,Male,No
19097,68,Male,No
2658,28,Male,Yes
15558,34,Male,No
8286,74,Male,No
9368,24,Male,No
8918,32,Female,No
14322,31,Male,No
15875,76,Male,No
8614,62,Female,No
15557,43,Female,No
19066,52,Male,No
7566,29,Female,No
18972,21,Female,No
11617,41,Female,Yes
19782,56,Female,Yes
12325,24,Male,No
18198,21,Female,No
9741,44,Female,No
13572,69,Male,No
5957,41,Female,No
19853,55,Male,Yes
5997,40,Male,No
13329,65,Female,No
5516,53,Female,No
13004,80,Male,No
16553,56,Female,No
16454,63,Female,No
3810,64,Female,Yes
12565,73,Female,No
3785,51,Male,Yes
11739,41,Female,Yes
6137,58,Male,No
5730,40,Male,Yes
11187,51,Female,No
12136,76,Female,No
3143,34,Male,No
12897,35,Male,No
6343,18,Male,No
11695,51,Female,No
5054,29,Female,No
15289,35,Female,No
13670,47,Female,No
5335,53,Female,No
15682,41,Female,No
19743,32,Female,Yes
3445,18,Male,Yes
13334,30,Male,No
19559,45,Female,No
11107,67,Female,No
1789,69,Male,No
3800,23,Female,No
1316,52,Male,Yes
8523,33,Male,No
12615,71,Female,No
11989,18,Male,No
14805,28,Male,No
16200,43,Male,No
7397,26,Male,No
13824,71,Male,No
17100,51,Male,No
13276,64,Male,Yes
1357,30,Female,Yes
8036,75,Female,No
14373,30,Female,No
9351,50,Female,No
4920,22,Male,No
5179,44,Female,No
13299,20,Male,No
18384,42,Male,No
7358,21,Female,No
8035,18,Female,No
8027,50,Female,No
15210,28,Female,No
11618,80,Male,No
9462,29,Male,No
18324,29,Female,No
11571,39,Female,No
3129,61,Male,Yes
15808,49,Female,No
5864,61,Male,No
11558,19,Female,No
14001,67,Male,No
19012,43,Female,No
1504,41,Male,No
15114,64,Female,No
15168,44,Female,No
1483,52,Female,No
4363,45,Male,No
11489,27,Male,No
17744,61,Male,Yes
13562,36,Male,No
19943,55,Male,Yes
18194,56,Male,No
15151,28,Male,Yes
7584,45,Female,No
8142,59,Male,No
1124,24,Female,No
1689,31,Male,No
7716,40,Female,No
9193,77,Female,Yes
17798,51,Female,No
18312,18,Female,No
14108,75,Male,No
4499,67,Female,No
11375,52,Female,Yes
2181,44,Male,No
2822,71,Female,No
16788,80,Male,No
9073,57,Female,No
9064,32,Female,No
16376,25,Male,No
3588,22,Male,Yes
7447,27,Female,No
13448,70,Female,No
18794,43,Male,No
9312,79,Male,No
12157,56,Female,No
9296,49,Male,No
16381,68,Male,No
11925,80,Male,No
3476,30,Male,No
5424,73,Male,No
13351,49,Male,No
15542,63,Male,No
19555,51,Female,No
16924,45,Male,No
15368,44,Female,Yes
6029,72,Male,No
19576,57,Female,No
7908,19,Female,No
5527,28,Female,Yes
9150,53,Male,No
9284,21,Male,No
5985,31,Female,No
11237,55,Female,Yes
16616,53,Female,No
14712,26,Male,No
19118,21,Male,No
15299,63,Female,Yes
7010,80,Female,No
1160,22,Female,Yes
15148,34,Male,No
13096,56,Male,No
4689,70,Male,No
13900,19,Male,No
15169,68,Female,No
14048,26,Female,No
15162,40,Female,Yes
6760,22,Female,No
16077,53,Female,Yes
8705,45,Male,Yes
17843,25,Female,No
12424,31,Female,No
17890,41,Male,No
13012,65,Female,No
1965,28,Male,No
4216,21,Female,No
14027,29,Male,Yes
9545,28,Female,Yes
17731,55,Female,No
12796,28,Male,No
8249,77,Female,No
7313,70,Female,No
1945,31,Male,No
17237,18,Male,No
17253,74,Female,Yes
19086,72,Male,No
12917,39,Male,No
15637,58,Female,No
5478,22,Female,No
3689,53,Female,No
12706,79,Male,No
9578,27,Male,No
19510,28,Male,No
5876,54,Female,No
7706,33,Male,No
16194,76,Female,Yes
19787,19,Female,No
17683,63,Female,No
8867,75,Female,Yes
12657,29,Male,No
16532,45,Female,No
6789,46,Male,No
11712,36,Male,No
19479,27,Female,No
11811,53,Male,No
6801,72,Male,No
7394,62,Female,No
15417,22,Male,No
12799,31,Female,Yes
5540,58,Female,No
3123,29,Male,No
8438,44,Female,Yes
15996,42,Male,No
13580,67,Female,No
17169,21,Female,No
3168,56,Male,Yes
17730,68,Female,No
9144,54,Female,No
18801,72,Male,No
13998,60,Female,Yes
5995,49,Female,Yes
12813,19,Female,No
16522,36,Male,No
14380,42,Female,No
3026,74,Male,Yes
7381,23,Female,No
16450,26,Female,Yes
19139,34,Female,Yes
16769,77,Female,No
15695,41,Female,Yes
15195,37,Female,No
19879,68,Female,Yes
2607,68,Male,No
9012,32,Male,No
6972,52,Female,No
2513,40,Female,No
6211,48,Female,No
16386,31,Female,No
9994,55,Male,No
17481,37,Female,No
13820,73,Male,No
19890,28,Male,No
1031,20,Female,No
15226,56,Male,No
12618,55,Female,No
11022,26,Male,No
15295,50,Male,Yes
15007,19,Male,No
15577,57,Male,No
13666,65,Female,No
6275,29,Female,No
5702,72,Male,No
12556,76,Male,No
6140,22,Male,No
17330,34,Female,No
19892,45,Female,No
16187,27,Female,No
19971,56,Male,No
19657,33,Male,No
12925,64,Female,No
1015,22,Male,No
15083,38,Male,No
18243,69,Male,No
11640,26,Female,No
12186,70,Male,No
5458,63,Male,No
11762,45,Male,No
5539,42,Female,Yes
12191,49,Female,No
12249,45,Female,No
7979,49,Female,No
3946,43,Female,No
14780,19,Female,No
12322,33,Male,No
3876,28,Female,No
8078,43,Male,No
4867,19,Male,No
18833,53,Male,Yes
8110,66,Female,No
7872,35,Male,No
11926,22,Female,Yes
16982,25,Female,No
13024,73,Male,No
13023,24,Female,No
4491,64,Male,No
18181,66,Female,No
11816,47,Male,No
14623,77,Female,No
3738,44,Male,No
14906,59,Male,No
17715,59,Female,No
7240,62,Male,Yes
16201,51,Male,Yes
3225,47,Male,Yes
6015,25,Male,No
16667,54,Male,No
19568,60,Female,No
15759,39,Female,No
16068,19,Male,Yes
15672,79,Male,No
6638,44,Male,No
16070,71,Male,Yes
1907,18,Female,No
6647,79,Female,Yes
15538,79,Female,No
18635,80,Male,No
16095,35,Female,Yes
5936,22,Male,Yes
7190,65,Female,No
14359,35,Female,Yes
14420,55,Male,No
14465,42,Male,No
15812,25,Male,No
11271,40,Male,No
11581,53,Female,No
6345,73,Female,No
14303,28,Male,No
15935,78,Female,No
11105,48,Female,Yes
13743,28,Male,No
15902,73,Male,Yes
16283,43,Female,No
16278,19,Female,No
19257,38,Female,No
6691,18,Male,No
6913,60,Female,No
9189,23,Male,No
3085,35,Male,No
18548,61,Female,No
2880,43,Female,No
2297,61,Female,No
12471,62,Male,No
1883,75,Female,No
17403,39,Male,No
8575,39,Female,Yes
11867,39,Male,No
6642,40,Female,No
11870,39,Female,No
6064,42,Female,Yes
13664,72,Female,No
17265,35,Female,No
2337,65,Male,No
13283,41,Female,No
18882,41,Female,No
6488,22,Male,No
16211,80,Male,Yes
12052,43,Male,Yes
13303,79,Female,No
14774,27,Female,No
9968,30,Male,No
13827,26,Female,No
19049,42,Male,No
15349,43,Male,No
1236,55,Male,No
13840,42,Female,No
8183,39,Male,No
8289,43,Female,Yes
3590,45,Male,Yes
8326,21,Male,No
18283,22,Male,No
17641,21,Male,No
16611,28,Male,No
3670,53,Female,No
14435,58,Male,No
7630,70,Female,No
14208,40,Male,No
9872,45,Female,No
2496,55,Female,No
12953,76,Female,No
13412,47,Male,No
13037,25,Female,Yes
9892,24,Female,No
15738,55,Male,Yes
14391,75,Male,No
13616,65,Female,No
5496,75,Male,No
16556,50,Female,No
4271,52,Female,Yes
1039,53,Female,No
1302,46,Male,No
18950,71,Male,No
18050,71,Female,Yes
14057,79,Female,No
16269,73,Male,No
8318,19,Female,Yes
19491,30,Female,No
13217,28,Female,No
17819,47,Male,No
18080,66,Female,Yes
19798,49,Male,No
14066,27,Female,Yes
18620,18,Female,No
17678,27,Female,No
1938,75,Female,Yes
15796,24,Male,No
13094,42,Male,Yes
12534,61,Male,Yes
19437,22,Male,Yes
4837,49,Female,No
15175,32,Male,No
19291,65,Female,No
4189,77,Female,No
18925,32,Male,No
9819,76,Female,No
18931,57,Female,No
19468,62,Male,No
12375,65,Female,Yes
9401,61,Female,Yes
15133,56,Female,Yes
5145,76,Male,No
11019,76,Male,No
15216,31,Female,Yes
12710,53,Male,No
18527,51,Male,Yes
15802,77,Male,No
19794,25,Female,No
19628,39,Female,Yes
14308,77,Female,No
19563,46,Male,Yes
13718,36,Male,No
12066,51,Male,No
5290,49,Female,Yes
11280,53,Female,No
14339,39,Female,Yes
18249,43,Female,No
11962,77,Male,No
8833,35,Female,No
15596,66,Female,Yes
14646,58,Female,No
13397,38,Male,No
13257,75,Female,No
8968,52,Female,No
18318,33,Female,No
2856,71,Male,No
16766,76,Male,No
7765,55,Female,No
11606,19,Male,No
13280,68,Female,No
19629,54,Male,Yes
11687,68,Male,Yes
9088,69,Male,No
1606,29,Female,No
19300,50,Female,No
9529,63,Female,Yes
13000,72,Male,No
18685,23,Male,No
3619,62,Male,No
7092,45,Female,Yes
1882,77,Male,No
8839,27,Male,No
7684,55,Male,Yes
11527,37,Male,No
1797,67,Male,No
11326,55,Female,No
8465,77,Female,Yes
2447,40,Female,Yes
12530,60,Female,No
13556,51,Female,No
13898,48,Male,No
8127,24,Male,No
4584,38,Male,No
9163,23,Female,No
18314,52,Male,No
19701,25,Female,No
14200,62,Male,Yes
17810,64,Female,No
11734,77,Female,No
7098,61,Female,Yes
3154,72,Male,No
13712,27,Male,No
4017,29,Female,No
14056,37,Male,No
14100,50,Female,No
5245,53,Female,No
18844,46,Female,No
17248,67,Male,Yes
19830,23,Male,No
3957,67,Female,No
1311,23,Female,Yes
11210,56,Male,Yes
14517,57,Female,Yes
19197,41,Male,No
13290,27,Female,No
8049,67,Female,Yes
9341,44,Female,No
9249,39,Female,No
16193,51,Female,No
15444,47,Male,No
13340,80,Male,No
6908,39,Female,No
16429,73,Male,No
18528,59,Female,No
14025,24,Female,No
6905,52,Male,Yes
6955,64,Female,No
4310,30,Female,No
5735,21,Female,No
12808,60,Male,Yes
11557,69,Male,No
13994,18,Female,No
16777,22,Female,No
12995,37,Male,Yes
4497,63,Male,No
7021,75,Male,No
16650,45,Female,No
9815,42,Male,No
9812,22,Female,No
7167,27,Male,No
12902,52,Male,No
14402,48,Female,No
18002,18,Male,No
11350,35,Female,No
4992,21,Female,Yes
19434,18,Male,No
18175,80,Female,No
12301,64,Male,No
1677,78,Male,No
13857,31,Male,No
9183,67,Male,Yes
17392,42,Female,Yes
11890,36,Male,No
16978,33,Male,Yes
8612,34,Male,No
6609,49,Female,No
17277,65,Female,No
14250,40,Female,No
9998,68,Female,Yes
13676,21,Female,No
1884,26,Male,No
3751,59,Female,No
15766,31,Male,Yes
6399,33,Male,No
11417,47,Female,No
8912,30,Female,No
7460,18,Male,No
19513,38,Female,No
16111,67,Male,No
6472,18,Male,Yes
19887,66,Female,No
17956,53,Female,No
8354,67,Male,No
15466,49,Male,Yes
5026,22,Female,Yes
7458,41,Female,No
18130,69,Female,No
4343,56,Female,No
5843,57,Male,No
15033,66,Male,No
18442,56,Male,No
15897,31,Female,No
5045,57,Female,No
5532,45,Female,Yes
7690,45,Male,No
18208,61,Female,Yes
16887,39,Male,No
18911,69,Male,Yes
17601,19,Male,No
4665,31,Male,No
16909,54,Male,No
2770,31,Male,Yes
3499,76,Male,No
7164,53,Female,No
17887,71,Female,No
16933,60,Female,No
17690,18,Male,No
15200,44,Male,No
15427,49,Male,Yes
18539,23,Male,No
15510,42,Male,Yes
15849,75,Male,Yes
4891,54,Male,Yes
5724,80,Female,No
11000,58,Female,No
13683,33,Male,No
12770,23,Female,No
2293,75,Male,No
12138,43,Female,No
1811,60,Male,No
1025,77,Male,No
14682,53,Male,No
14466,73,Female,Yes
19212,45,Female,No
14553,49,Female,No
13031,55,Male,No
11286,47,Male,No
11409,62,Female,No
9829,45,Male,No
14868,40,Female,Yes
2053,65,Male,No
11461,65,Male,No
11267,24,Female,No
19520,32,Male,No
13473,30,Male,Yes
12261,70,Male,No
19251,31,Male,No
2386,31,Male,No
14059,67,Male,No
11657,70,Male,No
12101,32,Female,No
12465,55,Male,Yes
13089,27,Female,No
19237,75,Male,Yes
8770,39,Male,No
8948,41,Female,No
11759,57,Male,No
13464,40,Male,No
3926,49,Male,No
16115,43,Male,No
15142,29,Male,Yes
16265,78,Male,No
16531,23,Male,No
15840,45,Female,Yes
12116,68,Male,No
18104,40,Male,Yes
8734,60,Male,No
12259,67,Male,Yes
16422,30,Female,No
3388,75,Female,No
16394,22,Male,No
3410,64,Female,No
8573,36,Female,No
6241,54,Female,No
1728,78,Female,No
12404,30,Male,Yes
12617,40,Female,No
15845,54,Male,No
14140,33,Male,No
3440,38,Male,No
13792,26,Female,No
2333,79,Male,No
4550,77,Male,No
3444,43,Female,Yes
9781,50,Male,No
15367,76,Male,No
18965,76,Male,No
7614,73,Male,Yes
14277,67,Male,No
5846,37,Male,Yes
5543,47,Female,No
15648,38,Female,No
19614,18,Male,Yes
11511,56,Male,No
4378,63,Female,Yes
12874,24,Male,No
14978,20,Female,No
19603,20,Female,No
5779,30,Male,No
11999,21,Female,No
15696,43,Female,No
19761,38,Female,No
7268,27,Male,No
16790,49,Male,No
3684,61,Female,No
5303,26,Male,No
15013,37,Male,No
11435,20,Male,Yes
5742,53,Female,No
14106,56,Male,No
18199,48,Female,No
11791,74,Female,Yes
9579,63,Female,Yes
16818,25,Female,No
3624,27,Female,Yes
12389,78,Male,No
1250,32,Female,No
4026,64,Female,No
9301,73,Female,No
18572,39,Male,No
5755,56,Male,No
12479,79,Male,No
5610,48,Male,No
3402,35,Male,No
17076,71,Female,No
2200,52,Male,No
12351,35,Female,No
17221,65,Male,No
16353,52,Female,Yes
7786,62,Female,No
16555,79,Male,No
5294,47,Male,Yes
17064,77,Female,No
2303,73,Male,Yes
19309,73,Female,No
9441,42,Male,No
12204,62,Male,Yes
19551,50,Male,No
5504,26,Female,No
18316,65,Male,No
14149,45,Female,No
9011,53,Male,No
9017,51,Male,No
2841,44,Male,No
8741,76,Male,No
2955,78,Male,No
15383,18,Male,No
18293,72,Male,Yes
19627,34,Female,No
17969,44,Female,No
18853,59,Male,Yes
8319,23,Male,Yes
17926,70,Male,No
9778,60,Male,No
8486,34,Female,Yes
9762,59,Female,No
3161,74,Male,No
19996,27,Female,No
4418,42,Female,No
19037,79,Female,No
12691,54,Male,No
18468,79,Male,No
13780,45,Male,No
12890,32,Female,No
2453,23,Female,No
8605,48,Female,No
15116,23,Male,Yes
4340,65,Female,No
9978,69,Male,No
16222,28,Male,Yes
8359,61,Female,No
15115,28,Male,Yes
2688,34,Female,Yes
16925,71,Male,No
6531,74,Male,No
7961,78,Male,No
6645,56,Male,No
13484,41,Male,No
18600,50,Male,No
15873,28,Male,Yes
5324,59,Male,No
5025,21,Female,No
2442,29,Male,Yes
19275,44,Male,Yes
17079,31,Female,No
13802,25,Female,No
4458,76,Male,No
11378,40,Male,No
17840,36,Male,No
19691,28,Female,Yes
16506,68,Female,No
12748,58,Female,No
3922,28,Female,No
12754,42,Female,No
16456,29,Male,No
19417,54,Female,No
9415,60,Female,No
18841,37,Female,No
14861,34,Female,No
17320,43,Female,Yes
17624,50,Male,Yes
11144,37,Female,No
11878,56,Male,Yes
11258,36,Female,No
11699,20,Male,No
16812,47,Male,No
7709,77,Male,Yes
5652,26,Female,No
3349,43,Female,Yes
12507,18,Female,No
3679,66,Male,No
4906,45,Male,No
14485,31,Male,Yes
4637,44,Male,No
8262,24,Female,No
17535,22,Male,No
16971,62,Male,No
16672,33,Female,No
9969,75,Male,No
3471,23,Female,No
3584,66,Female,No
14814,40,Female,No
9918,78,Female,No
8439,80,Male,No
3407,80,Male,No
7886,62,Female,No
8978,73,Male,No
19426,42,Female,No
6654,76,Male,Yes
4276,60,Male,No
13945,72,Female,No
17175,79,Male,No
2786,65,Female,No
11463,23,Male,No
14038,46,Female,Yes
2552,63,Female,Yes
11567,18,Female,No
5231,40,Male,No
13981,37,Male,Yes
4270,26,Female,No
18335,20,Male,Yes
6307,50,Male,No
19619,28,Female,Yes
3592,68,Female,No
15359,32,Male,No
14304,34,Female,No
17537,45,Female,No
4347,19,Female,Yes
1928,29,Male,Yes
2727,25,Male,No
12766,36,Male,No
3282,53,Male,No
13185,31,Female,No
8480,42,Female,No
13183,35,Female,No
13179,46,Male,No
15860,60,Male,No
14332,64,Male,Yes
6692,31,Male,No
9125,32,Female,No
12410,58,Female,No
1125,46,Male,No
6550,52,Male,No
13143,63,Female,No
12366,54,Female,No
15663,38,Male,No
7342,34,Male,Yes
5337,32,Female,Yes
2286,32,Female,No
12235,48,Male,No
1309,40,Male,No
17909,73,Male,No
19380,66,Female,No
19673,18,Male,No
13778,56,Female,No
15460,35,Female,No
13193,48,Female,No
2550,24,Female,No
16943,64,Female,Yes
2196,32,Male,No
11986,49,Female,No
3577,47,Male,No
16645,42,Female,No
18651,28,Male,No
6747,51,Male,No
5394,21,Female,Yes
18126,46,Female,No
14530,20,Female,No
14598,24,Male,No
2846,78,Female,No
14579,63,Male,No
13537,58,Male,Yes
17852,32,Female,No
7491,54,Male,No
16089,58,Female,No
18711,25,Male,No
13872,22,Female,No
13159,40,Male,No
16771,49,Female,No
4151,19,Female,No
3432,25,Female,Yes
19532,73,Male,Yes
15268,46,Female,No
18011,71,Male,No
12905,54,Male,No
11710,35,Male,No
5569,23,Male,No
17425,71,Male,No
6407,20,Female,Yes
8649,31,Male,Yes
11122,27,Male,No
19078,71,Female,No
4773,54,Male,No
17975,32,Female,Yes
19359,77,Male,No
11163,68,Female,Yes
19368,55,Male,No
6326,66,Female,No
11742,59,Male,No
19492,70,Female,Yes
18075,21,Female,No
1860,37,Female,No
3183,47,Male,Yes
7445,41,Female,No
3186,25,Male,Yes
14969,66,Female,Yes
5096,23,Female,No
12668,75,Male,Yes
2056,25,Female,No
14155,38,Female,Yes
13221,64,Female,No
11332,48,Male,Yes
7667,59,Male,No
1310,77,Male,No
13399,52,Female,No
14704,66,Female,Yes
1476,78,Male,No
5796,71,Male,No
5495,30,Female,Yes
16811,42,Female,No
14390,40,Male,No
11683,78,Male,No
15024,65,Male,Yes
5746,36,Female,Yes
4287,51,Male,No
5649,78,Male,No
2128,27,Male,No
6693,53,Male,Yes
7471,71,Male,Yes
16880,33,Male,No
11868,57,Male,No
3639,50,Female,Yes
13873,77,Female,No
14370,63,Female,Yes
1501,73,Female,Yes
17774,67,Female,No
12564,51,Male,Yes
5441,62,Male,No
19335,63,Male,No
13798,78,Female,Yes
19804,58,Male,Yes
1792,30,Male,No
17644,32,Male,No
12623,19,Female,Yes
7106,38,Female,Yes
16271,19,Male,No
16442,22,Female,No
3972,37,Female,Yes
16012,63,Male,No
7978,69,Male,Yes
12343,79,Male,No
19910,71,Female,No
12132,57,Female,Yes
16004,21,Female,Yes
8122,80,Male,Yes
2355,46,Male,Yes
17360,40,Female,No
1235,38,Female,No
17572,47,Female,No
1775,66,Female,No
15234,66,Male,No
6979,56,Male,Yes
13761,65,Male,No
1340,49,Male,Yes
16501,44,Female,No
13288,49,Male,Yes
11397,69,Male,No
8216,27,Female,No
11969,50,Male,No
12734,75,Male,No
11045,52,Female,No
12993,37,Female,No
13319,43,Male,No
3805,39,Male,No
6002,26,Male,No
7250,54,Male,No
16635,55,Female,No
19508,68,Male,No
16957,63,Female,No
3772,26,Female,No
15370,46,Male,No
3867,68,Male,Yes
17773,35,Male,No
17692,30,Female,No
5415,69,Male,Yes
12719,76,Male,No
16681,78,Male,No
1949,71,Male,No
7035,71,Female,No
14096,64,Female,No
11127,28,Male,No
5919,69,Female,No
7411,78,Male,No
14320,79,Female,No
15993,79,Male,No
11626,75,Female,No
16399,18,Male,Yes
9792,47,Male,No
15629,23,Female,No
5770,59,Female,No
2039,78,Female,No
16029,75,Female,No
11338,60,Male,No
13525,46,Male,No
6848,42,Male,No
11608,56,Female,Yes
7249,28,Female,No
3071,62,Female,No
16431,43,Male,No
3631,73,Male,No
7070,37,Male,Yes
5968,22,Female,Yes
11656,76,Male,Yes
16286,26,Female,No
15494,65,Female,No
15113,67,Female,No
19718,45,Male,No
17597,79,Male,No
14733,28,Female,No
1454,26,Female,No
19975,52,Female,No
8276,32,Female,Yes
12354,43,Female,Yes
1280,72,Male,No
14960,33,Male,No
5433,24,Male,No
4374,54,Male,No
18040,65,Female,No
5678,18,Male,No
17202,61,Female,Yes
12428,28,Female,Yes
12727,34,Male,Yes
11913,75,Male,No
12772,34,Female,No
2538,67,Female,No
12964,55,Female,No
13294,36,Male,No
15448,77,Female,No
18795,43,Male,No
9049,52,Male,No
5360,79,Male,Yes
2238,44,Female,No
13404,52,Female,No
11994,54,Female,No
18893,33,Female,No
1188,52,Male,Yes
9265,71,Female,No
17556,61,Female,No
8688,50,Female,No
12449,27,Male,No
15553,48,Female,No
16827,54,Male,No
2505,18,Male,Yes
17793,46,Male,No
18193,39,Male,Yes
19069,55,Female,No
8831,51,Male,No
11373,57,Male,No
1971,55,Female,No
6074,75,Male,No
14746,34,Male,Yes
4719,46,Male,No
5207,57,Male,No
12519,52,Male,No
3136,19,Male,No
8607,19,Female,Yes
4109,56,Male,No
17054,52,Female,No
4723,65,Male,No
12669,65,Female,No
17223,49,Male,No
4730,71,Male,No
15887,75,Female,No
9744,29,Female,No
15166,38,Female,No
8153,36,Female,No
18478,25,Male,No
17585,22,Female,No
6269,27,Female,No
16276,55,Male,No
19073,60,Male,No
17580,43,Male,No
15290,56,Male,No
4526,41,Female,No
12516,59,Female,No
11198,32,Male,No
12421,51,Female,No
2722,75,Female,No
8591,49,Male,No
11621,35,Female,No
14476,42,Female,Yes
19289,33,Male,Yes
18988,22,Male,No
5512,55,Female,No
9326,38,Male,No
16691,51,Male,No
19659,67,Female,No
16851,32,Male,No
5380,78,Female,No
5326,30,Female,No
19650,61,Female,No
18701,44,Male,Yes
17767,57,Male,No
13658,45,Female,No
15874,76,Male,No
15505,21,Male,No
17292,80,Female,No
2731,42,Female,No
15286,54,Female,Yes
5443,29,Male,No
14691,64,Male,No
4486,26,Male,Yes
7686,66,Female,No
4376,24,Female,No
12661,58,Male,No
16712,24,Male,Yes
1696,24,Female,No
15842,71,Male,Yes
18155,73,Male,No
9552,77,Male,No
1849,63,Male,No
15150,71,Female,No
16420,40,Male,No
17571,26,Female,No
14990,21,Male,Yes
11709,67,Male,Yes
9681,76,Female,Yes
17504,77,Male,No
16104,79,Male,Yes
16840,47,Male,No
9669,76,Male,No
14348,73,Female,No
18575,54,Male,No
3719,22,Female,No
19269,46,Female,No
7592,74,Female,Yes
4778,27,Female,No
17990,50,Female,No
19872,56,Male,No
15517,55,Male,No
8796,31,Female,No
5089,64,Female,No
14992,51,Female,No
16659,20,Female,Yes
16063,72,Male,No
9457,34,Female,No
17094,61,Male,No
8248,42,Male,No
13353,40,Male,No
11447,65,Female,No
15381,37,Male,No
18076,75,Male,No
3860,54,Female,No
7196,67,Male,No
2604,38,Female,No
15119,78,Female,No
6062,75,Male,No
13803,77,Male,No
19320,60,Male,No
17036,70,Male,No
13830,34,Female,No
11923,25,Female,Yes
19776,73,Female,No
1226,40,Female,No
14981,34,Female,No
14747,61,Male,No
14389,18,Male,Yes
9056,46,Female,No
1193,19,Female,No
19803,28,Female,No
18810,70,Male,No
14228,33,Female,Yes
9817,70,Male,Yes
7350,69,Female,No
14043,37,Female,Yes
9434,67,Female,No
3678,78,Male,No
15000,49,Female,No
18520,76,Female,No
5564,69,Male,No
9827,64,Female,No
16644,26,Female,No
17070,26,Female,No
14582,67,Female,No
4724,35,Male,No
13804,59,Male,No
9606,47,Male,No
9430,36,Male,No
1809,32,Male,No
7179,57,Female,No
18041,24,Male,No
13640,68,Female,No
9559,64,Female,No
7603,54,Female,Yes
11346,28,Female,No
17267,67,Male,No
18866,60,Male,No
18755,29,Female,No
14248,27,Female,No
9072,79,Female,No
15469,69,Female,No
19711,63,Female,Yes
2965,57,Female,No
6197,67,Female,No
18947,24,Female,Yes
18541,75,Female,Yes
1080,55,Female,No
18358,22,Male,Yes
1148,77,Female,No
19942,57,Male,No
9862,67,Male,No
12924,41,Male,No
2533,30,Male,No
4244,43,Female,No
8156,72,Male,No
17583,36,Female,No
8150,71,Male,No
19903,42,Female,Yes
17919,42,Female,No
9949,25,Male,Yes
9291,59,Female,No
14662,26,Male,No
15676,28,Female,No
7880,77,Female,No
3908,25,Female,No
11355,68,Female,No
16523,25,Male,Yes
12140,60,Female,No
16542,74,Female,No
17146,29,Female,No
5176,76,Male,Yes
16584,64,Male,No
19163,55,Male,No
2277,29,Male,No
14587,75,Female,No
15416,75,Male,Yes
9420,44,Female,No
3449,67,Female,No
5396,78,Female,No
2962,52,Male,Yes
16945,66,Male,No
9121,51,Female,No
7655,58,Female,No
16920,37,Male,No
16905,70,Female,No
14309,18,Male,No
14352,67,Male,No
16794,35,Female,No
18254,20,Male,No
3664,29,Male,No
19325,48,Male,No
14740,37,Female,No
3421,57,Male,No
3418,77,Male,No
7911,19,Female,No
16335,42,Female,No
16451,55,Female,No
11309,38,Female,No
2370,47,Male,Yes
15315,76,Female,No
5012,23,Female,Yes
8664,24,Female,No
6334,40,Male,Yes
2394,78,Female,No
12945,55,Female,Yes
13731,60,Male,No
13524,28,Male,Yes
12403,56,Female,No
11145,45,Female,Yes
11663,72,Female,No
12581,72,Male,No
19642,73,Female,Yes
17546,49,Female,No
16166,69,Female,No
3542,62,Male,No
11901,69,Female,No
3985,59,Female,No
3472,74,Female,No
12681,42,Male,No
6455,43,Female,No
16240,33,Male,No
16332,40,Female,No
18093,21,Male,No
12276,52,Male,Yes
11383,77,Female,No
5187,24,Male,Yes
17017,75,Female,Yes
12061,45,Male,Yes
18383,58,Male,Yes
12371,27,Male,No
13034,73,Female,Yes
12397,71,Male,No
17336,32,Male,No
11052,77,Male,No
16325,22,Female,No
15229,36,Male,No
9295,44,Female,No
7410,19,Male,No
8883,67,Male,No
7612,51,Male,No
18849,66,Male,No
9850,36,Female,No
14307,55,Female,No
18682,23,Male,No
15141,36,Female,No
19170,68,Female,No
14890,73,Male,No
15869,75,Male,No
2959,51,Male,Yes
18574,68,Male,No
14273,65,Female,No
9191,80,Male,No
8109,25,Female,No
1632,76,Male,No
1636,40,Male,No
14381,74,Female,No
15661,33,Female,No
12240,75,Male,No
16350,32,Male,No
3906,75,Female,No
16690,26,Male,No
13002,71,Female,No
11768,76,Male,No
11438,65,Female,No
8108,67,Male,No
19899,49,Male,No
13085,23,Female,No
4070,70,Male,No
2574,37,Male,Yes
1709,77,Male,No
19382,78,Male,No
14859,47,Male,Yes
15821,68,Male,Yes
15717,45,Male,No
6132,40,Female,No
12628,47,Female,No
14878,60,Female,No
11370,34,Female,No
9480,43,Female,No
4006,36,Male,Yes
15745,71,Male,Yes
3199,44,Male,No
17152,19,Female,No
9131,50,Male,No
15576,21,Female,No
13370,50,Female,No
18488,79,Female,Yes
8292,38,Male,No
2131,49,Male,Yes
11889,51,Male,No
14416,73,Male,Yes
1400,42,Female,No
6718,65,Female,No
16867,29,Female,No
8332,24,Male,No
8358,38,Male,No
15594,35,Female,No
16141,70,Male,Yes
17067,60,Male,No
3638,58,Female,No
19271,64,Female,Yes
14305,66,Female,No
11847,38,Female,No
13292,27,Female,No
18615,20,Female,No
9382,47,Male,No
11830,59,Male,No
15346,35,Female,No
4771,37,Female,Yes
17047,41,Male,No
13215,77,Male,No
3080,79,Female,No
17484,42,Male,No
7573,62,Female,Yes
16396,29,Male,Yes
15932,38,Female,No
14812,25,Male,No
19785,76,Male,No
19229,18,Male,Yes
13270,46,Female,No
1514,22,Male,No
5036,49,Male,No
11866,26,Male,No
7751,45,Male,No
11970,32,Female,No
15433,40,Female,No
16583,68,Female,No
11385,38,Male,No
11669,61,Male,No
19821,52,Male,No
7990,21,Female,Yes
2326,75,Male,No
9071,20,Male,No
7769,47,Female,No
11900,75,Male,No
6094,49,Male,No
14157,40,Female,No
6920,79,Male,No
2209,51,Female,No
14893,51,Female,No
12697,21,Female,No
17779,19,Female,No
15041,74,Female,No
9849,29,Male,No
15070,77,Male,No
17646,55,Male,No
17733,22,Female,No
8434,72,Female,No
18940,73,Male,No
1908,75,Male,No
7850,35,Female,Yes
2267,45,Male,No
18924,79,Female,No
2362,76,Female,No
17995,32,Female,No
11635,80,Male,No
17856,43,Female,Yes
14761,24,Male,No
8658,53,Female,No
14573,60,Female,No
13244,68,Female,No
8055,23,Male,No
11282,29,Male,No
19447,46,Female,No
9582,34,Male,No
16423,47,Female,No
12274,74,Male,No
12724,54,Female,No
3666,18,Female,No
1222,32,Male,No
12802,72,Male,No
14668,19,Male,No
15276,30,Male,Yes
14272,74,Male,No
6006,19,Male,No
3890,41,Male,Yes
11600,73,Female,No
16009,35,Female,No
4208,75,Female,No
16046,58,Male,No
4879,27,Female,No
1683,36,Male,Yes
6232,71,Female,No
11339,21,Male,Yes
19319,36,Female,No
7822,71,Male,No
17383,21,Female,No
14580,68,Female,No
17600,51,Male,Yes
14437,79,Male,Yes
15554,31,Male,No
1968,25,Male,No
17928,39,Male,No
5563,45,Female,No
6310,38,Male,Yes
3145,68,Female,Yes
11257,45,Female,No
9156,49,Male,Yes
6329,27,Female,No
1174,29,Male,No
5464,18,Female,Yes
11736,78,Male,No
17787,73,Male,No
16852,75,Female,No
18406,54,Male,No
13763,55,Male,No
11845,29,Female,Yes
16397,67,Female,No
15184,30,Female,No
1469,28,Male,No
17162,77,Female,No
7832,24,Male,No
12266,41,Female,No
11841,63,Female,Yes
11740,31,Male,No
13048,63,Male,No
2191,56,Male,Yes
1287,52,Female,No
19120,77,Male,No
2762,23,Female,No
11766,40,Male,No
3175,22,Female,Yes
12327,73,Male,No
9916,80,Male,No
17230,79,Female,No
7421,53,Male,No
15015,50,Male,Yes
19941,71,Female,No
15746,75,Male,No
9532,53,Male,No
14645,37,Male,No
5847,52,Female,No
3579,21,Female,No
18524,68,Male,No
14796,23,Male,Yes
11118,50,Female,Yes
2119,33,Female,No
9076,33,Female,No
19202,37,Male,No
2813,71,Male,Yes
9584,80,Female,No
11898,54,Male,No
5635,75,Male,No
7066,55,Male,Yes
9740,47,Male,Yes
8080,47,Female,No
18433,50,Female,Yes
16780,77,Female,No
9638,58,Female,No
15270,51,Male,Yes
11717,70,Male,No
2848,28,Female,No
3690,37,Female,No
4835,50,Male,No
19324,20,Male,No
8660,27,Female,No
6790,68,Female,No
7127,80,Male,No
1123,79,Male,Yes
16763,22,Male,Yes
5673,77,Female,No
4451,27,Female,No
9211,62,Female,No
16086,53,Male,No
13982,57,Male,No
2458,39,Female,Yes
14695,29,Male,No
8389,61,Female,No
8322,32,Male,No
15566,54,Female,No
14920,64,Female,No
19395,37,Female,No
3807,39,Male,No
15320,68,Male,Yes
5819,58,Female,Yes
19206,50,Male,No
2919,51,Female,No
18039,68,Male,Yes
1595,60,Male,No
5623,54,Male,No
9293,73,Male,No
2531,60,Male,No
16750,47,Female,Yes
17714,47,Female,No
2161,73,Male,No
2245,74,Female,Yes
12141,62,Female,Yes
7569,76,Female,No
8435,43,Female,Yes
15365,64,Male,No
19669,37,Female,No
17693,42,Male,No
3345,45,Male,No
15946,35,Male,Yes
15204,48,Male,No
17917,21,Male,No
19888,54,Male,Yes
4095,44,Female,Yes
12616,25,Male,Yes
18339,21,Male,No
17438,33,Female,Yes
3367,19,Male,No
18362,75,Female,No
8170,31,Male,No
15710,49,Male,Yes
14775,29,Female,No
6330,27,Male,Yes
16008,71,Female,No
1149,60,Male,Yes
12437,74,Male,No
8023,40,Male,No
16597,66,Female,No
2476,41,Female,No
6592,56,Male,No
7095,35,Male,No
12952,43,Male,No
8405,39,Male,No
14280,46,Female,No
15366,31,Male,Yes
17999,27,Male,Yes
9335,20,Male,No
11649,30,Male,No
11648,43,Female,No
4802,63,Female,No
1190,63,Female,No
7820,28,Female,Yes
14636,55,Female,No
13819,41,Male,No
18121,18,Female,No
16989,76,Male,No
14422,29,Female,Yes
6362,28,Female,No
13047,55,Male,No
13762,24,Female,No
15973,50,Female,No
16356,43,Male,No
8569,26,Female,No
11813,18,Male,No
6282,47,Male,Yes
17945,49,Female,Yes
6658,42,Female,No
14977,34,Female,No
11207,37,Male,No
18512,37,Female,No
17959,36,Male,Yes
9944,28,Male,No
14858,59,Female,No
1988,63,Female,No
16951,25,Female,No
8382,42,Female,No
13374,73,Male,Yes
15562,42,Female,No
17901,71,Male,Yes
3668,25,Female,No
16985,75,Female,No
19886,63,Male,No
13772,60,Male,No
2425,37,Male,No
12987,37,Male,Yes
3999,73,Female,No
13199,52,Male,No
7940,80,Female,No
16215,42,Male,No
11084,19,Female,No
19852,79,Male,No
1255,49,Male,No
2684,69,Female,No
14732,62,Male,No
2666,54,Male,No
14222,53,Male,No
7853,67,Male,No
17728,54,Female,No
6499,77,Female,No
5869,28,Male,No
15247,36,Male,No
15709,80,Female,No
12427,48,Female,No
19130,55,Female,Yes
11547,28,Female,No
7671,43,Female,Yes
15463,75,Male,No
15278,55,Male,No
1184,71,Female,Yes
8076,34,Male,No
2724,65,Male,No
14688,53,Female,No
16966,19,Male,No
13456,21,Female,No
12651,30,Male,Yes
13719,36,Female,No
13075,20,Female,No
14481,49,Male,No
15724,51,Male,No
8722,53,Female,No
4140,63,Male,No
14994,29,Male,Yes
1002,41,Male,Yes
19604,25,Male,No
12908,56,Male,Yes
14036,61,Female,No
5961,61,Male,No
9704,80,Female,No
16129,70,Male,No
17246,70,Male,No
15301,77,Male,No
12585,56,Male,No
19995,69,Female,Yes
17554,23,Male,Yes
8771,67,Male,No
6977,48,Male,No
6369,32,Female,Yes
19898,35,Female,No
1089,45,Male,No
17884,27,Female,No
17304,54,Male,No
4889,27,Female,No
17765,58,Male,Yes
12982,18,Male,No
17762,20,Female,No
2474,55,Female,Yes
19848,39,Male,No
17892,20,Male,No
12468,40,Female,Yes
3627,74,Female,No
19024,77,Male,No
17342,49,Female,No
15612,78,Male,No
19775,60,Male,Yes
16746,70,Male,No
13261,60,Male,No
18105,57,Male,Yes
15773,21,Female,No
11593,62,Female,No
13517,41,Male,No
15078,68,Male,No
18603,64,Male,No
5948,45,Male,No
19040,79,Male,No
8069,35,Female,Yes
17606,32,Female,No
1408,67,Male,No
8630,61,Female,Yes
13347,67,Female,No
15418,37,Female,No
7091,70,Male,Yes
14673,78,Female,No
8025,20,Male,Yes
13181,21,Male,No
12608,43,Male,Yes
4077,37,Female,No
19064,28,Female,No
4955,47,Female,No
17838,30,Female,No
5225,37,Male,No
18970,43,Male,No
17254,66,Female,No
19855,47,Male,No
11954,56,Female,No
12345,30,Male,No
12934,28,Female,No
2462,67,Female,No
1220,72,Male,Yes
8148,70,Male,No
3765,55,Female,No
17050,20,Male,No
18166,52,Male,No
3841,51,Male,No
8773,76,Female,No
5167,76,Male,No
4790,79,Male,No
17748,62,Male,Yes
4205,46,Female,No
15312,58,Female,No
2287,57,Female,No
8789,49,Male,No
19116,78,Male,No
17417,70,Male,No
17196,37,Male,No
2414,50,Female,Yes
7618,66,Female,No
19571,60,Male,No
18713,70,Male,No
3211,44,Male,No
11531,21,Female,No
5986,27,Female,No
11270,37,Female,No
7058,70,Male,No
14226,78,Female,Yes
3582,57,Female,Yes
19598,79,Male,Yes
3205,55,Female,No
1994,58,Female,No
1948,29,Male,No
2139,80,Male,No
1640,45,Male,No
1991,57,Male,Yes
15655,55,Female,No
11487,37,Male,No
16624,56,Female,No
9657,27,Male,No
19406,57,Male,No
5654,34,Male,Yes
11038,78,Female,No
6917,39,Male,No
7061,35,Female,No
6410,72,Female,No
6396,49,Female,No
3621,36,Male,No
16288,35,Male,No
9304,62,Male,No
5836,23,Female,No
19391,74,Female,No
3454,37,Female,No
12093,60,Female,No
15334,48,Male,No
16367,42,Female,No
3921,60,Male,No
16341,79,Female,No
5215,80,Female,Yes
5771,39,Male,No
5218,74,Male,No
2927,72,Female,No
17227,35,Female,No
8871,42,Male,Yes
14253,48,Male,Yes
3854,78,Male,No
15565,58,Female,No
17870,38,Male,Yes
14012,58,Male,No
13520,40,Male,No
15986,27,Male,No
12603,50,Male,No
2246,42,Female,Yes
5131,45,Male,Yes
15582,40,Female,Yes
9680,76,Female,No
17649,52,Female,No
14900,45,Male,No
11650,59,Female,No
9498,25,Male,No
17037,18,Male,No
12726,22,Female,No
13482,36,Female,Yes
1628,58,Male,No
13180,63,Male,No
4082,56,Female,No
9232,60,Male,No
1511,29,Male,No
14137,79,Female,Yes
15836,80,Female,No
12482,18,Male,No
14414,59,Female,No
4039,30,Female,No
5545,37,Male,No
4324,34,Female,No
18206,76,Female,No
15260,20,Male,Yes
6082,40,Male,No
17800,38,Female,No
7579,33,Male,No
9481,35,Female,Yes
18510,38,Female,Yes
13889,48,Male,No
6608,60,Female,No
12816,74,Female,No
11706,77,Female,No
16076,37,Male,Yes
1295,19,Male,No
16833,66,Male,No
7367,35,Male,No
14797,36,Male,No
11781,45,Female,No
15678,60,Female,No
15294,70,Female,No
18303,76,Female,No
8754,62,Male,No
13101,42,Male,No
16395,30,Male,No
12264,69,Female,No
4857,71,Male,No
2970,59,Female,No
14069,24,Female,No
11495,22,Female,No
18436,59,Female,No
12063,29,Female,No
14117,56,Female,No
15209,59,Female,No
17584,69,Male,Yes
11276,32,Female,No
15690,26,Male,Yes
8528,35,Male,No
14151,59,Female,No
8058,44,Female,No
11427,18,Female,No
11470,26,Female,No
8657,40,Male,Yes
4800,53,Female,No
7875,50,Female,No
16679,18,Female,No
13515,37,Male,No
4530,58,Female,No
18431,37,Female,Yes
16182,39,Male,No
11660,71,Female,No
1815,75,Female,No
8982,40,Female,Yes
17853,70,Female,No
9863,32,Male,Yes
3322,51,Male,No
8395,69,Female,Yes
17740,64,Male,No
16158,55,Male,No
1102,55,Male,No
2816,58,Male,Yes
18202,21,Male,No
8916,48,Female,Yes
18255,29,Male,No
16997,78,Male,No
19459,67,Male,No
4184,55,Male,No
3740,64,Male,No
4524,41,Female,No
11079,76,Male,Yes
9223,75,Male,No
16025,71,Male,No
11941,68,Female,Yes
8267,36,Female,No
11331,48,Male,No
12979,68,Female,No
5513,44,Female,No
15262,40,Female,No
1473,65,Male,No
12735,57,Male,Yes
4820,52,Female,No
16661,31,Male,No
16999,24,Female,No
17201,60,Female,No
11492,78,Male,No
12459,25,Male,Yes
9111,53,Male,No
18191,42,Female,No
18736,64,Male,No
16866,48,Male,No
4952,59,Female,No
13926,58,Female,No
11293,36,Female,No
16472,49,Male,No
16481,60,Male,No
11853,56,Female,Yes
11026,50,Male,No
18519,40,Male,No
1278,57,Male,No
4350,74,Female,No
2687,31,Male,No
15551,77,Male,No
19321,70,Male,No
14942,29,Female,No
12182,50,Male,No
19846,41,Male,No
12612,41,Male,No
7731,33,Female,No
16520,47,Female,No
7408,72,Male,No
15793,23,Female,Yes
1342,36,Female,No
8891,25,Female,No
17165,38,Male,No
5737,69,Male,No
14298,70,Male,No
16800,63,Male,No
5123,19,Female,No
6850,26,Female,No
11042,33,Male,No
12586,74,Female,No
12165,79,Female,No
19041,40,Female,No
12003,52,Male,Yes
14046,72,Male,No
19396,31,Female,No
12457,49,Male,No
18878,37,Male,No
12619,49,Male,No
13689,55,Male,No
8457,27,Male,No
17966,77,Female,No
15456,32,Female,No
14182,32,Female,No
13327,22,Female,No
1364,29,Female,No
4738,45,Female,No
13692,37,Male,No
18974,30,Female,No
6191,69,Male,No
3634,74,Male,No
7604,33,Female,No
16138,44,Female,No
11108,39,Male,No
2347,48,Female,No
1372,36,Female,No
17486,80,Male,No
18349,75,Male,Yes
3687,18,Male,No
18941,26,Female,No
8531,48,Male,No
13474,33,Female,No
16816,31,Male,Yes
7404,25,Female,No
4617,75,Male,No
14202,71,Female,No
16808,42,Female,No
7361,73,Male,No
19254,80,Male,No
2311,42,Female,No
15203,51,Female,No
19296,37,Female,No
9105,47,Male,No
5641,27,Male,No
5024,55,Male,Yes
6551,74,Male,Yes
17528,76,Female,No
1181,50,Male,No
11881,30,Female,Yes
2597,78,Female,No
13980,62,Female,No
6676,22,Female,No
9907,58,Male,No
12478,62,Female,No
17405,69,Female,No
6145,18,Female,Yes
18363,41,Female,No
19386,67,Female,Yes
11217,59,Male,No
7113,53,Female,No
4649,68,Male,No
12670,20,Female,No
17611,49,Female,No
8134,41,Female,No
16323,80,Female,No
14030,68,Female,No
4481,44,Female,No
13983,69,Male,No
3321,38,Female,No
13756,58,Male,No
17550,18,Male,Yes
1759,43,Male,No
9641,33,Male,No
11289,80,Female,No
19397,26,Female,No
6538,63,Male,No
4529,18,Male,No
1052,72,Male,No
1840,75,Female,No
7032,45,Female,No
17511,73,Male,No
17776,67,Male,Yes
17782,24,Female,No
2522,79,Female,No
6205,53,Female,No
9948,74,Female,No
17385,70,Female,Yes
19684,36,Female,No
13617,23,Female,No
11862,64,Female,No
18225,66,Male,No
2847,57,Female,Yes
15482,29,Female,No
17289,54,Female,No
5653,65,Female,Yes
11688,40,Female,No
1654,68,Female,No
3971,32,Male,Yes
14493,76,Male,No
18044,34,Female,No
14535,60,Female,No
5695,47,Male,No
18057,42,Male,No
3635,54,Female,No
5278,43,Male,No
8826,40,Male,No
19282,50,Male,No
15351,78,Female,No
5157,46,Female,No
16705,70,Male,No
11604,72,Male,No
18341,67,Female,No
1466,77,Female,No
18196,52,Male,No
18211,26,Female,No
1669,72,Female,No
18933,64,Female,No
17656,47,Male,No
8785,30,Male,No
17398,45,Female,No
15196,61,Male,No
1162,20,Male,No
16884,43,Male,No
5052,42,Female,No
11536,80,Male,No
2663,64,Female,No
7729,28,Male,No
15587,59,Male,No
11215,38,Male,No
2555,43,Female,No
2055,40,Female,No
19615,35,Female,No
12656,45,Female,Yes
17654,72,Female,Yes
17002,42,Female,No
8511,46,Female,No
2030,67,Male,No
4548,31,Male,Yes
6387,43,Male,Yes
15978,41,Female,No
1489,22,Male,No
13285,43,Female,No
19095,55,Female,No
17390,28,Female,No
11785,44,Female,No
2090,20,Female,No
12032,48,Female,No
5119,79,Female,No
17089,21,Female,No
3847,46,Male,No
19433,53,Male,No
7593,52,Female,No
13943,54,Female,No
18695,62,Male,No
18717,43,Male,No
13099,39,Female,No
14916,71,Female,No
19443,29,Female,No
16440,22,Female,No
9074,61,Male,No
19717,60,Male,No
17851,64,Female,No
14727,54,Female,No
11727,51,Female,No
16952,45,Female,No
4963,41,Male,No
17325,49,Male,Yes
9795,21,Female,No
11903,34,Female,No
3524,40,Female,No
19573,48,Male,No
17977,71,Female,No
2192,62,Female,Yes
1205,74,Male,No
18949,66,Female,Yes
11931,58,Male,Yes
18380,46,Male,No
6013,25,Female,No
8700,35,Male,No
4675,62,Female,No
4674,44,Male,No
13363,80,Male,No
12852,29,Female,No
17877,27,Male,No
12957,71,Male,No
2153,19,Female,No
1458,24,Male,No
2432,61,Female,No
15164,21,Male,No
4500,54,Female,Yes
18511,41,Female,No
8350,43,Female,No
13382,62,Male,No
13953,19,Male,No
13825,67,Male,No
4518,34,Female,No
7465,35,Male,No
2540,64,Female,Yes
19173,60,Male,No
17608,18,Male,No
12888,33,Female,No
17719,34,Male,Yes
6893,72,Female,No
9607,34,Female,No
7302,59,Male,No
4626,53,Male,No
13534,23,Male,No
5065,58,Male,No
15201,46,Female,No
1301,71,Female,Yes
13565,43,Male,No
7946,51,Male,Yes
1997,49,Male,Yes
4690,76,Male,No
1333,61,Male,No
17269,78,Female,No
12326,29,Female,No
2999,79,Male,No
4947,26,Female,No
6036,31,Female,No
2665,27,Male,No
15823,25,Male,Yes
14745,29,Male,No
14215,46,Female,Yes
7996,60,Male,No
18636,76,Female,Yes
16676,73,Male,Yes
4587,47,Male,No
12591,54,Male,No
13049,40,Female,No
19622,31,Female,Yes
18291,57,Male,Yes
14013,69,Male,Yes
6558,68,Female,No
18597,72,Female,Yes
8407,49,Female,No
4749,57,Male,Yes
1269,72,Male,Yes
15484,42,Female,No
17758,78,Male,No
16950,60,Male,No
11702,77,Male,No
2135,66,Female,No
17088,37,Male,Yes
19585,55,Female,Yes
7970,40,Male,No
6213,65,Male,No
19200,51,Male,No
13585,78,Female,No
18239,33,Male,No
14346,77,Male,Yes
1711,67,Female,No
11747,72,Female,No
13108,67,Male,Yes
18880,70,Male,Yes
17812,26,Female,No
8694,62,Male,No
12900,36,Male,No
17822,32,Male,No
19302,80,Male,Yes
18280,33,Female,No
6882,52,Female,No
14757,52,Female,No
1587,32,Female,No
11382,43,Female,Yes
16915,42,Male,No
4933,38,Male,No
17446,53,Female,No
5209,41,Female,No
18332,71,Female,No
9366,55,Male,No
17808,56,Female,Yes
19531,51,Male,No
2077,29,Male,Yes
16370,45,Female,No
12137,34,Female,No
9009,80,Male,No
3658,25,Female,Yes
4535,61,Male,No
8198,46,Male,No
9047,36,Female,No
11087,38,Male,No
2588,34,Female,No
11153,39,Male,No
15675,33,Male,Yes
17911,65,Male,No
18813,56,Male,No
1783,35,Male,No
18067,56,Male,Yes
8201,57,Male,No
5574,45,Male,No
14973,27,Female,No
12057,25,Female,Yes
5740,67,Male,No
12095,26,Male,No
5291,39,Male,Yes
12574,49,Male,Yes
11335,49,Female,No
14837,22,Male,Yes
14739,42,Female,Yes
14637,53,Female,No
16128,64,Female,No
12004,77,Male,Yes
14879,65,Male,Yes
7591,35,Male,No
8670,46,Female,No
14611,63,Male,No
12082,32,Male,No
13615,24,Male,No
16248,37,Male,No
16595,46,Female,No
12103,33,Female,No
14641,78,Female,No
16242,24,Male,No
17279,74,Male,Yes
15363,65,Female,No
6793,25,Male,No
11509,23,Female,No
14779,30,Female,No
12255,77,Female,No
5707,72,Female,No
12342,45,Female,No
11053,59,Female,No
14319,78,Female,Yes
14223,33,Male,No
16764,29,Male,No
11723,37,Female,No
8260,49,Female,No
5233,37,Female,Yes
4653,61,Male,No
13092,60,Female,No
13445,44,Female,No
14888,59,Female,Yes
12793,67,Female,Yes
16253,39,Female,No
3021,57,Male,No
18555,30,Female,Yes
3370,29,Male,Yes
2910,66,Female,Yes
18317,31,Male,Yes
19817,71,Female,No
18655,66,Female,No
18770,24,Female,No
3152,73,Female,No
2871,66,Female,No
1943,56,Male,No
19504,40,Female,Yes
1638,22,Male,No
17844,18,Male,No
19977,45,Female,No
2603,72,Female,No
19715,19,Male,No
2223,29,Male,No
3293,56,Female,No
18086,18,Male,No
2231,40,Female,Yes
18724,58,Male,No
13511,61,Male,No
9691,79,Female,Yes
3334,28,Female,No
4455,38,Male,No
4045,30,Female,No
1577,23,Male,No
1083,24,Male,No
6262,19,Male,No
16487,56,Male,Yes
18700,48,Female,Yes
7111,54,Male,No
6713,58,Female,No
7102,76,Female,No
19633,33,Male,No
8934,31,Male,No
13595,35,Female,No
14121,35,Male,No
11777,23,Female,Yes
5048,41,Female,No
4531,49,Male,Yes
14133,59,Female,No
5436,45,Male,Yes
12856,38,Male,Yes
9902,77,Female,No
16143,20,Male,No
9642,59,Male,No
11938,35,Male,No
13416,71,Male,Yes
14345,79,Female,No
14231,44,Female,No
2249,67,Female,No
7257,47,Male,No
18563,29,Female,No
6087,57,Female,No
14193,34,Male,No
8724,61,Female,No
1403,37,Female,No
3166,37,Male,Yes
9877,80,Male,No
12690,78,Male,Yes
5956,33,Male,No
7923,69,Female,No
12699,38,Male,Yes
5886,39,Female,No
12876,40,Female,No
4744,64,Female,No
12542,70,Female,Yes
11146,32,Male,No
5854,46,Male,No
19693,50,Female,No
12213,72,Female,No
15028,42,Female,No
11880,49,Male,No
13618,25,Female,No
7586,53,Male,Yes
13592,63,Male,No
3004,35,Male,Yes
9754,58,Male,No
18692,69,Female,Yes
13262,47,Female,No
14110,40,Male,No
18831,42,Male,No
5469,39,Female,No
9798,77,Male,No
6948,29,Male,No
14286,57,Female,No
19072,25,Male,No
13612,39,Male,No
13650,24,Female,No
17130,37,Female,No
8947,19,Female,No
17713,43,Female,Yes
18634,77,Female,No
16561,56,Female,No
8172,53,Female,Yes
19166,23,Female,No
19425,65,Male,Yes
18868,53,Female,Yes
13254,58,Female,No
15237,24,Female,No
8603,69,Male,No
15838,54,Male,No
14492,60,Female,Yes
18820,59,Male,No
19428,65,Female,No
7168,56,Male,No
16081,31,Female,No
15617,60,Female,No
16373,46,Male,No
4328,59,Female,No
12172,31,Male,No
5872,21,Female,No
14364,38,Male,Yes
2279,31,Male,No
19149,57,Male,No
14070,49,Female,No
9674,73,Male,No
11071,23,Female,No
14412,69,Female,No
15422,25,Female,Yes
13224,70,Female,No
16602,52,Male,No
6962,57,Female,No
13110,77,Female,No
6670,42,Female,No
16469,24,Female,Yes
18256,29,Male,Yes
16614,68,Female,Yes
9120,53,Male,Yes
14743,20,Male,No
12323,79,Female,No
15762,18,Female,No
1631,36,Female,No
4367,42,Female,No
11168,32,Male,Yes
15536,53,Male,No
1713,47,Male,Yes
14119,24,Female,No
12650,67,Male,Yes
9991,63,Male,No
8209,63,Male,No
15792,31,Female,No
8149,76,Male,No
8176,60,Male,No
16312,65,Male,No
18637,62,Male,No
15725,58,Male,No
18294,74,Female,No
13553,64,Male,No
4737,49,Male,Yes
16923,20,Male,No
5476,28,Male,Yes
19952,70,Female,Yes
16927,47,Male,No
18980,62,Male,No
16934,73,Male,No
19058,26,Male,No
17026,44,Female,No
6727,49,Female,No
1633,73,Male,No
14583,70,Female,No
2059,67,Female,Yes
9461,55,Female,No
4941,74,Male,Yes
14766,79,Female,No
19500,35,Female,No
11783,37,Male,Yes
11973,19,Female,Yes
16537,24,Male,No
3724,40,Female,No
8822,56,Male,Yes
2792,37,Female,No
9586,29,Male,No
14677,59,Female,Yes
3709,67,Female,Yes
8815,20,Female,No
14102,73,Female,No
14301,65,Female,No
3510,46,Male,Yes
11131,56,Female,No
11749,62,Male,No
12977,50,Female,No
2025,67,Male,Yes
19114,36,Female,No
13462,33,Female,Yes
9445,60,Male,Yes
15588,56,Female,No
16186,72,Male,No
17386,46,Female,Yes
14588,55,Female,No
12933,43,Female,No
13968,75,Male,No
2199,52,Female,No
5894,42,Female,Yes
12875,61,Female,No
9820,54,Female,Yes
13947,26,Male,Yes
13590,63,Female,No
19992,71,Male,Yes
17106,80,Female,No
18389,57,Female,No
7325,42,Male,No
17083,19,Female,Yes
18429,34,Male,No
9914,41,Male,No
17414,74,Female,No
16701,50,Male,No
13842,48,Female,No
17009,40,Female,No
17448,30,Male,No
6348,72,Male,No
7101,67,Female,No
1731,78,Female,No
1383,73,Female,No
12840,29,Female,No
18263,31,Female,Yes
13655,52,Male,No
7090,36,Male,No
15917,65,Female,No
17474,32,Male,No
3347,37,Female,No
14653,29,Female,No
9422,28,Male,No
3695,23,Female,Yes
6041,27,Female,No
8708,64,Male,No
15093,71,Female,Yes
2026,32,Female,No
19205,64,Female,No
1208,62,Male,No
6106,27,Male,No
8252,38,Female,No
9097,61,Female,No
16703,18,Female,No
18798,36,Male,No
13195,71,Male,No
13521,64,Male,No
1509,62,Male,Yes
6644,74,Female,Yes
13468,57,Female,Yes
9463,18,Male,Yes
9242,41,Male,No
19186,49,Male,No
16700,74,Male,No
16699,73,Male,Yes
2628,51,Male,Yes
17796,69,Female,No
13868,62,Female,No
13541,47,Female,No
7417,19,Female,No
6938,79,Female,No
7520,20,Male,No
11222,61,Female,No
9363,27,Male,Yes
12475,40,Male,Yes
14586,63,Male,No
7849,79,Female,No
9710,30,Female,Yes
7877,73,Male,No
6149,54,Male,No
3279,33,Female,No
17876,33,Male,No
17900,79,Female,No
13797,62,Male,No
2316,34,Female,No
16857,69,Female,Yes
5576,72,Male,No
7533,63,Male,No
11716,68,Male,No
14628,69,Male,No
19152,46,Male,No
2417,21,Female,Yes
13178,33,Male,No
13130,43,Male,Yes
18273,53,Female,No
19682,28,Female,No
12243,60,Male,No
4811,57,Male,No
8936,67,Female,No
4876,75,Female,No
18640,72,Female,Yes
4750,64,Female,No
12759,22,Male,No
5823,65,Female,No
7161,22,Female,No
9428,71,Female,No
1462,35,Female,No
16775,79,Female,No
6751,65,Male,No
18865,54,Female,No
2389,72,Male,Yes
5311,68,Male,No
6620,66,Female,No
17008,27,Male,No
19636,30,Female,Yes
19591,39,Female,No
1245,39,Female,Yes
18425,77,Male,Yes
12943,21,Male,No
19625,36,Female,No
14809,53,Male,No
11072,69,Female,No
9618,21,Male,No
2398,22,Male,No
8665,72,Male,No
11101,25,Male,Yes
11983,58,Female,No
8695,61,Male,No
3278,23,Female,Yes
8512,57,Female,No
16453,29,Male,No
1845,28,Male,No
4564,64,Female,No
17801,24,Female,Yes
8542,53,Female,No
16953,26,Female,Yes
15863,79,Male,No
11951,31,Female,No
8255,77,Male,No
17108,54,Male,Yes
17496,21,Male,No
11842,68,Male,No
5088,67,Female,No
17485,66,Male,No
1018,34,Male,No
19727,32,Male,No
3736,54,Male,No
8829,34,Male,No
19867,76,Female,No
11786,75,Female,No
19974,31,Male,Yes
6176,72,Female,No
19865,38,Female,No
12522,55,Male,No
3970,58,Male,No
14630,69,Female,No
4282,43,Male,No
6357,27,Female,No
11721,73,Male,No
6785,52,Female,Yes
1771,66,Female,No
3208,36,Female,No
2753,67,Female,No
5138,63,Female,No
18416,63,Male,No
4986,26,Female,No
12663,42,Male,No
3667,41,Male,No
1244,70,Male,No
7316,77,Female,Yes
1101,33,Female,No
16268,70,Female,No
6453,30,Female,No
5171,60,Female,No
12937,72,Male,No
1268,54,Male,Yes
9176,48,Male,Yes
12636,75,Female,No
15347,47,Male,Yes
7976,51,Female,No
2577,35,Female,No
15756,64,Female,No
5297,71,Female,No
12498,28,Male,Yes
4277,23,Female,Yes
2993,77,Female,No
13240,51,Male,No
1585,44,Male,No
1890,36,Male,No
15322,54,Female,No
15056,78,Male,No
16670,42,Female,Yes
1905,78,Male,No
4385,22,Female,No
15820,23,Female,No
6517,51,Male,No
4038,20,Female,No
12076,41,Male,No
12695,74,Female,No
5975,59,Female,No
14064,42,Male,No
1398,68,Male,No
14693,63,Male,No
17619,19,Male,No
19914,58,Male,No
2418,57,Female,No
11176,78,Male,No
15413,25,Male,Yes
18704,78,Male,No
12016,70,Female,No
1134,23,Male,No
18364,33,Male,No
11096,53,Female,No
6630,65,Female,No
12778,57,Male,Yes
5000,41,Female,No
18733,36,Male,No
12978,29,Female,No
4687,77,Female,No
5057,38,Female,No
18771,59,Female,No
13454,73,Female,No
18446,18,Male,Yes
17163,52,Female,No
16831,31,Male,No
2836,52,Female,Yes
4299,59,Male,No
4964,51,Male,No
1856,74,Male,Yes
7631,57,Male,No
16351,61,Male,No
13391,70,Female,No
14851,67,Female,No
6919,59,Female,No
5867,21,Female,No
13543,21,Male,No
3027,60,Male,No
15744,53,Male,No
13624,59,Female,No
13103,22,Female,No
19866,61,Female,No
3730,39,Male,Yes
7096,60,Female,No
17145,56,Male,No
11366,75,Male,No
18307,68,Female,No
17718,78,Male,No
18598,57,Male,No
17153,30,Female,No
12749,67,Female,No
16607,73,Female,Yes
2280,75,Male,No
1019,45,Male,Yes
3898,76,Female,No
14944,76,Female,No
19904,25,Female,No
7934,53,Male,Yes
1378,69,Male,No
17166,26,Female,Yes
6524,51,Male,No
16804,20,Female,No
11203,55,Male,No
8424,72,Male,No
19096,42,Female,No
5705,29,Female,Yes
14725,70,Male,Yes
11746,76,Female,No
1507,71,Female,No
2924,41,Female,No
8430,35,Female,No
19938,64,Male,Yes
8137,18,Female,No
4012,71,Female,No
19917,69,Male,No
16744,61,Male,No
18113,68,Male,No
2421,22,Male,No
3914,63,Male,No
18218,74,Male,Yes
17122,76,Male,No
3706,48,Female,No
14686,68,Male,No
7339,77,Female,No
11852,61,Female,No
18747,30,Male,No
14816,39,Male,No
18992,77,Female,Yes
13069,47,Female,No
2558,22,Female,No
5584,37,Male,No
14706,18,Female,No
17357,65,Male,No
8130,41,Female,No
9154,31,Female,No
13836,60,Female,Yes
19338,55,Female,No
12257,41,Male,No
12844,53,Female,No
4769,18,Male,Yes
11109,72,Female,Yes
14269,80,Male,No
13914,39,Female,No
1724,67,Female,No
14462,59,Female,No
16126,61,Male,No
1766,36,Female,No
12222,29,Female,No
17507,66,Male,No
12889,24,Female,Yes
12224,31,Female,Yes
18295,70,Male,No
17524,39,Female,No
4169,19,Male,No
8129,47,Male,No
16210,80,Female,No
7016,32,Female,No
9279,70,Female,Yes
11937,40,Male,Yes
9509,19,Male,No
15768,46,Male,No
19731,76,Female,No
11064,33,Female,Yes
13229,22,Male,No
12127,27,Female,No
1838,35,Male,Yes
3626,59,Female,No
16277,76,Male,No
1975,72,Male,Yes
15882,73,Male,No
9867,50,Female,No
12176,18,Female,No
16625,63,Male,No
14910,38,Male,No
12765,37,Male,No
15627,61,Male,No
15893,30,Female,No
12582,40,Female,No
7477,33,Male,No
6553,43,Male,No
3288,42,Male,No
16190,24,Female,No
4642,72,Female,No
18077,31,Male,No
3271,41,Male,No
17933,53,Male,Yes
9701,70,Female,No
19019,59,Female,No
3012,19,Male,No
4147,80,Male,No
11833,37,Female,No
14849,18,Male,No
11005,21,Male,No
16830,57,Male,No
15799,55,Female,No
9945,49,Male,No
13330,35,Male,Yes
12131,77,Male,No
12911,77,Male,No
14782,25,Male,No
1773,22,Male,No
7228,31,Female,No
19766,61,Male,No
17533,35,Male,No
5624,60,Female,No
15520,59,Male,No
14891,23,Male,No
11820,52,Male,No
11966,66,Male,No
5276,67,Male,No
4192,36,Female,Yes
1147,24,Male,Yes
8738,36,Female,No
11896,29,Male,No
18502,29,Female,No
2402,71,Female,Yes
2109,80,Male,Yes
19930,49,Female,Yes
14261,40,Male,No
9537,76,Male,No
1399,57,Female,No
6229,21,Male,No
17617,49,Female,No
16401,57,Female,No
6109,20,Female,No
16209,24,Female,No
11433,50,Female,No
15442,28,Female,No
12071,59,Female,Yes
11063,78,Male,Yes
18327,43,Male,No
16043,70,Male,No
6650,39,Female,No
12069,77,Female,Yes
1151,19,Female,No
16877,77,Male,No
4494,41,Female,No
14863,59,Male,No
14067,32,Female,Yes
19687,33,Female,No
13828,78,Male,No
8999,20,Male,No
9841,51,Male,No
12278,24,Female,Yes
19801,72,Female,No
17363,27,Female,No
18008,27,Female,No
2177,67,Male,Yes
9883,20,Male,Yes
18003,71,Female,No
17973,33,Male,No
4079,18,Female,No
18639,48,Male,No
8141,69,Male,No
8165,45,Male,No
6367,19,Female,No
15208,68,Female,No
5229,65,Male,No
17472,66,Male,No
3311,79,Male,No
15310,67,Male,Yes
8861,32,Female,No
18421,61,Male,Yes
19873,45,Male,No
12406,36,Female,No
18344,74,Male,No
18125,56,Male,No
17633,42,Female,No
9433,73,Female,No
12088,32,Female,No
13775,49,Male,No
11359,65,Female,No
3596,67,Male,No
13050,72,Male,No
15522,21,Male,Yes
1406,46,Male,No
18622,59,Female,No
13893,68,Male,No
8077,69,Female,Yes
4843,80,Female,No
14751,51,Male,Yes
6825,38,Male,No
9600,73,Male,Yes
17411,37,Male,Yes
6703,76,Female,No
6342,36,Male,No
13960,21,Female,No
12637,36,Female,No
19844,74,Male,No
8168,66,Male,No
9060,20,Female,Yes
5691,54,Male,No
7020,40,Male,No
13245,18,Female,Yes
7873,70,Female,Yes
7223,68,Male,No
1578,43,Female,No
4536,57,Female,No
15901,31,Male,No
5662,22,Female,No
14635,56,Female,No
11500,73,Male,No
13068,76,Female,No
14167,18,Female,Yes
16257,25,Male,No
4000,54,Female,No
19052,66,Female,No
13273,44,Female,No
8782,41,Male,No
1739,71,Male,No
4817,47,Male,No
1257,55,Male,No
18091,45,Male,Yes
2323,23,Male,No
15872,39,Male,Yes
14683,41,Male,Yes
16510,58,Male,No
8986,57,Female,No
2189,44,Female,No
6118,75,Female,No
5253,64,Female,No
15646,37,Male,No
6534,51,Female,No
18638,80,Male,No
3309,61,Male,No
7203,21,Male,No
15984,63,Male,Yes
3479,63,Male,No
7664,21,Female,No
18133,76,Female,No
19856,61,Male,No
6316,66,Male,No
1042,65,Female,No
8328,63,Male,No
16224,65,Female,No
1922,35,Male,No
3320,41,Male,No
8287,41,Female,No
18479,26,Male,No
14015,64,Female,No
18822,58,Male,Yes
6605,58,Female,No
1650,50,Male,No
3853,67,Male,No
14934,21,Female,No
1787,35,Male,No
16443,34,Female,No
6440,62,Female,No
19645,63,Male,Yes
3725,48,Female,No
13091,46,Female,Yes
1347,72,Female,No
17193,27,Male,Yes
16878,35,Female,No
11010,58,Female,No
13865,57,Male,No
12005,25,Female,No
7030,28,Female,No
4943,39,Male,Yes
18734,44,Male,No
7043,49,Male,Yes
17934,27,Male,No
4883,75,Female,No
13390,73,Female,Yes
7366,30,Female,No
19703,67,Male,No
8901,29,Female,No
8745,71,Female,No
13377,21,Male,No
11312,28,Female,No
2029,63,Male,No
7375,61,Male,No
15568,69,Male,No
16789,62,Female,No
13709,27,Male,No
1667,43,Male,No
15519,42,Female,No
11770,75,Male,Yes
3681,33,Male,Yes
4268,58,Male,No
6393,19,Male,No
5762,34,Female,No
6177,38,Male,No
5094,63,Male,No
15248,33,Female,No
13545,43,Female,No
12595,76,Female,No
15500,38,Female,No
15884,26,Male,No
19526,70,Female,No
13097,41,Female,No
1744,41,Female,Yes
13949,41,Male,Yes
7457,67,Male,No
9803,78,Female,No
13941,28,Male,No
16383,75,Female,No
5992,63,Female,No
17378,53,Male,No
14009,47,Female,Yes
5482,31,Female,No
11078,48,Male,Yes
9694,59,Female,No
8491,74,Male,No
15604,54,Female,No
4846,80,Male,Yes
5343,77,Female,No
14447,41,Male,Yes
1405,54,Male,No
11436,61,Male,No
6798,26,Male,Yes
4844,58,Male,Yes
11159,52,Female,Yes
19706,40,Male,No
11559,54,Female,Yes
18914,73,Male,No
2852,77,Female,Yes
12780,56,Female,No
14768,73,Male,Yes
13328,42,Male,No
2205,32,Male,Yes
1590,47,Male,No
15765,61,Female,No
15227,53,Female,No
15424,64,Female,No
14513,42,Male,No
19564,56,Male,No
15598,43,Female,Yes
19698,22,Female,Yes
13213,63,Male,No
17935,48,Female,No
13325,76,Male,No
4021,36,Female,No
17540,22,Male,No
5238,49,Male,No
7691,31,Male,No
12526,34,Female,No
11875,30,Female,No
16695,27,Male,No
14174,70,Female,Yes
3517,28,Female,Yes
12918,58,Male,Yes
11624,22,Female,No
11121,55,Male,No
11936,61,Male,Yes
11067,52,Male,No
9350,46,Female,Yes
18796,57,Female,No
2952,68,Female,No
6184,47,Male,No
6429,22,Male,No
11245,32,Female,Yes
11387,70,Male,No
13128,66,Male,No
12877,52,Male,No
12646,23,Female,No
4610,69,Female,No
5902,43,Male,No
11399,77,Female,No
12394,57,Male,No
8468,77,Male,No
15139,70,Female,No
14081,64,Female,No
12901,22,Male,No
11415,46,Male,No
8240,66,Male,No
15089,33,Male,No
14474,25,Female,No
5246,42,Male,No
5648,44,Male,Yes
8089,80,Female,No
6895,39,Female,Yes
12379,57,Male,Yes
6695,53,Male,Yes
15653,23,Female,No
11516,64,Male,No
14375,38,Male,No
18948,71,Female,Yes
1066,44,Female,No
9138,33,Female,No
11514,65,Female,No
9119,41,Male,No
17112,68,Male,Yes
15693,52,Male,Yes
13519,28,Female,No
18402,44,Female,Yes
6336,24,Male,Yes
15953,46,Male,No
19574,34,Male,No
4215,55,Female,No
8539,42,Male,No
8532,80,Female,No
4001,40,Male,Yes
7811,51,Male,No
14961,41,Male,No
16131,47,Male,Yes
16834,41,Male,No
2449,27,Female,Yes
1109,37,Female,Yes
19353,51,Male,No
13041,78,Female,Yes
19103,29,Male,No
18187,22,Male,Yes
2483,78,Female,No
12011,38,Male,No
6854,34,Female,No
5027,21,Male,No
16892,54,Female,No
14164,23,Male,No
18024,63,Male,No
14185,63,Male,No
6653,50,Male,Yes
5134,77,Male,No
5046,65,Female,No
5503,35,Male,No
18930,64,Male,Yes
18621,23,Female,Yes
1691,61,Female,No
16295,32,Male,No
12768,56,Female,No
6315,61,Female,Yes
13336,44,Female,Yes
11393,45,Female,Yes
11255,41,Male,No
5287,21,Female,No
12501,63,Male,No
2430,33,Male,No
1829,67,Female,No
4784,68,Male,Yes
5022,36,Male,Yes
18350,78,Female,No
8644,19,Female,No
8139,54,Female,No
13442,44,Male,No
17907,73,Male,No
4182,40,Female,Yes
1286,73,Male,No
12195,46,Female,Yes
1858,62,Female,No
16871,77,Female,Yes
14450,52,Male,No
12400,42,Female,No
4508,73,Male,No
2980,75,Male,No
1678,67,Female,Yes
15523,30,Female,No
9328,36,Female,No
15055,75,Female,No
4691,67,Male,Yes
16787,69,Male,No
1671,38,Female,No
6569,38,Female,Yes
15909,57,Male,No
9247,33,Male,No
15543,79,Male,Yes
11357,71,Male,No
19263,22,Female,No
4667,58,Male,No
11935,66,Female,No
2915,72,Female,No
17123,45,Male,Yes
4677,75,Male,Yes
15528,71,Female,No
1894,21,Female,No
1656,40,Female,Yes
15264,59,Female,No
7772,26,Male,No
5757,71,Female,Yes
16366,18,Female,No
9664,63,Female,No
12143,53,Female,Yes
16564,54,Male,Yes
8001,40,Female,No
7558,41,Female,No
12422,27,Male,Yes
13227,19,Female,No
16212,76,Male,No
18554,45,Female,No
18387,63,Female,No
15502,50,Male,No
18778,72,Female,No
3697,26,Male,No
18331,45,Male,Yes
8019,73,Female,No
12502,55,Female,Yes
7891,80,Male,No
16651,41,Female,Yes
6183,44,Female,Yes
1199,60,Female,Yes
11955,54,Female,No
15355,22,Male,Yes
18608,78,Male,No
6815,30,Female,No
6459,32,Male,No
18550,29,Male,No
4289,65,Male,No
17610,65,Male,No
17387,24,Male,Yes
8795,58,Female,Yes
11035,21,Male,No
12547,73,Female,No
13675,48,Female,No
19565,29,Male,No
18013,23,Female,Yes
13696,76,Male,No
1702,66,Male,No
15006,62,Male,No
17350,46,Male,Yes
9753,58,Female,No
17368,28,Female,No
4467,32,Female,No
19612,28,Female,No
19151,60,Male,No
19444,59,Male,No
14252,40,Male,No
9942,58,Male,No
1110,76,Male,No
17301,67,Female,No
3091,53,Female,No
3231,42,Male,No
12328,52,Male,No
11362,61,Male,No
2515,61,Male,No
9204,33,Female,No
11445,66,Female,No
19260,19,Female,No
19606,69,Male,Yes
1866,39,Female,No
7386,77,Female,No
17753,49,Male,Yes
13752,65,Male,No
4247,52,Female,Yes
12885,33,Male,No
15185,75,Male,No
6688,27,Male,No
12822,57,Male,No
4447,57,Male,No
5342,45,Male,Yes
19721,45,Male,Yes
17369,32,Female,No
2967,52,Female,Yes
4020,28,Female,No
5908,49,Male,No
3728,67,Female,No
1024,49,Female,No
14989,22,Male,No
14887,80,Female,No
3496,51,Male,No
2065,56,Female,Yes
7647,61,Female,No
14188,41,Female,No
2070,78,Male,No
2659,73,Female,No
15156,70,Male,No
5991,28,Female,No
1335,34,Male,No
9926,74,Male,No
11529,77,Male,No
7794,42,Male,No
15729,64,Female,No
11475,59,Male,No
2639,57,Male,No
9475,75,Male,No
9804,18,Male,No
6328,65,Male,No
17964,42,Male,No
16146,35,Male,No
12466,51,Male,No
12589,78,Male,Yes
8856,24,Female,No
19020,32,Male,No
2895,26,Male,No
9636,61,Male,No
8651,38,Male,No
13738,69,Female,Yes
12370,71,Male,No
4224,23,Female,No
4659,21,Male,No
19670,21,Female,Yes
9900,38,Male,No
11686,72,Male,No
13355,63,Female,No
13635,69,Female,No
11844,18,Female,No
3317,69,Female,No
15038,21,Male,Yes
19164,48,Female,No
14487,30,Male,No
1535,73,Male,Yes
2426,28,Female,No
17855,49,Male,No
15138,42,Female,No
17208,21,Female,No
16435,24,Female,No
15107,72,Female,No
3214,28,Female,No
13754,54,Male,No
16078,45,Female,No
18361,55,Male,No
14576,70,Male,No
5578,33,Male,No
8022,69,Female,No
4533,55,Male,Yes
12203,78,Male,No
19584,62,Male,Yes
17172,66,Male,No
12181,25,Male,No
11942,31,Male,No
1983,40,Female,No
3105,38,Female,Yes
16779,23,Male,Yes
7439,66,Male,No
14914,59,Female,No
1058,21,Female,No
13773,56,Male,No
7449,31,Male,No
9292,56,Male,No
4972,34,Female,Yes
7730,80,Female,No
15918,36,Female,No
11364,40,Male,Yes
4604,40,Male,No
18689,33,Female,No
8846,53,Female,No
4903,33,Male,No
16604,28,Male,No
14696,55,Female,Yes
15533,32,Female,No
16517,45,Female,No
3674,50,Female,No
14838,77,Male,No
3979,27,Male,No
9693,38,Female,Yes
9793,33,Male,No
4781,18,Male,No
1063,64,Male,No
4338,42,Male,No
17998,45,Male,No
11658,44,Female,No
11815,38,Male,No
3341,19,Female,No
12115,63,Female,No
1457,44,Male,Yes
9084,63,Male,No
13567,64,Female,Yes
2662,48,Female,Yes
9860,72,Male,Yes
19705,66,Male,No
7977,58,Female,No
3856,20,Female,No
18862,48,Male,No
18289,21,Female,No
15723,80,Female,Yes
1964,57,Male,No
2482,59,Male,No
4810,76,Male,No
8135,62,Male,Yes
5369,30,Male,Yes
14957,67,Female,No
15167,44,Male,No
5154,50,Female,Yes
4545,47,Male,No
5349,35,Female,Yes
18738,30,Male,No
6344,59,Female,Yes
12270,60,Female,No
1011,72,Male,No
17295,47,Female,Yes
1016,61,Male,Yes
8514,70,Female,No
8204,28,Male,No
19322,58,Female,No
19546,35,Female,No
11195,54,Male,No
6435,23,Male,No
3820,65,Female,Yes
7538,33,Male,No
16527,20,Male,No
11945,62,Female,No
8145,29,Male,No
11978,51,Male,No
15771,45,Female,No
14495,34,Female,No
14519,73,Female,No
7436,78,Female,No
9787,37,Female,No
11696,27,Male,No
12271,21,Male,Yes
18821,70,Male,No
18201,27,Male,No
6555,76,Male,No
1538,61,Female,No
16425,56,Female,Yes
3298,69,Female,No
4904,32,Male,No
1211,24,Male,No
3888,56,Male,No
11803,27,Male,No
18184,55,Male,No
12746,21,Female,No
4209,24,Female,No
17352,49,Male,Yes
16488,64,Male,Yes
6540,56,Female,No
14510,48,Female,No
7782,39,Male,No
13392,67,Female,No
16998,62,Female,No
9703,36,Female,No
6426,50,Female,No
17043,59,Female,No
15743,39,Female,No
18675,76,Female,Yes
19543,40,Female,No
11744,32,Female,Yes
3373,74,Female,Yes
4615,77,Male,Yes
4634,67,Female,No
5636,44,Female,No
8112,48,Female,No
12391,64,Female,No
7548,74,Male,No
4452,38,Male,Yes
19111,59,Male,No
17039,38,Male,No
1756,69,Female,No
9250,36,Female,No
15103,44,Male,No
6470,78,Male,No
19413,43,Female,No
17979,77,Male,No
14826,37,Female,Yes
19912,55,Female,No
7377,45,Male,No
8047,36,Male,No
19046,65,Female,No
14483,35,Male,Yes
16942,45,Male,No
8242,61,Male,No
16873,69,Female,Yes
15144,24,Female,No
19839,60,Female,Yes
15940,39,Male,Yes
17244,71,Female,No
18045,52,Female,No
6152,41,Female,Yes
1133,25,Male,Yes
17521,65,Female,No
12306,23,Male,Yes
19209,62,Male,No
18120,78,Male,No
9381,70,Female,No
15795,59,Male,No
18699,29,Female,No
12290,62,Male,No
13163,61,Female,No
11241,37,Male,Yes
17982,27,Female,No
14534,27,Female,No
12674,54,Male,No
18308,42,Male,No
19180,47,Male,No
14195,51,Male,Yes
13906,75,Male,Yes
14810,78,Male,No
6782,29,Female,No
4540,35,Female,No
3784,77,Female,No
3245,20,Female,No
3315,29,Male,Yes
16464,37,Male,No
14088,21,Male,No
17114,47,Female,Yes
16223,78,Female,No
11055,58,Male,No
12083,27,Female,No
8317,32,Male,No
4409,28,Female,No
2761,25,Female,No
16427,35,Male,No
7839,78,Female,No
19393,26,Female,No
1951,37,Female,No
19869,19,Female,No
17873,43,Female,Yes
4342,34,Female,No
3509,50,Female,No
19469,34,Male,No
9947,22,Male,No
12238,48,Male,Yes
6360,61,Male,No
17020,70,Female,No
7781,42,Female,Yes
1704,74,Male,Yes
15968,61,Male,No
13582,59,Male,No
7363,80,Female,No
17041,42,Male,No
7545,21,Male,Yes
8140,28,Male,No
15406,35,Male,No
13742,67,Male,No
6408,42,Female,No
19128,25,Male,No
13225,40,Male,No
9014,33,Female,No
11808,61,Female,No
3077,64,Male,No
18834,69,Female,No
3114,30,Female,Yes
15001,42,Female,No
16626,65,Male,No
1502,48,Male,Yes
5903,70,Male,No
19247,41,Female,No
18058,77,Female,Yes
15949,66,Female,No
7492,59,Female,No
15705,30,Male,No
5851,50,Female,No
3362,72,Female,No
4333,20,Male,No
5683,64,Male,No
9078,58,Female,No
18525,32,Male,No
5286,19,Female,No
7511,56,Female,Yes
15146,42,Female,Yes
19187,50,Male,No
4047,41,Male,No
2169,53,Female,No
13461,36,Female,No
3223,74,Male,No
13253,53,Male,No
12015,80,Male,No
7753,52,Male,No
19176,18,Male,No
3837,31,Male,No
18960,21,Male,No
3815,64,Female,No
2702,54,Male,No
18829,19,Female,No
6462,21,Female,No
4403,22,Male,No
12528,31,Male,Yes
15117,30,Female,No
1721,25,Female,Yes
4364,40,Male,No
14559,39,Male,No
18469,79,Male,No
18873,63,Male,Yes
7119,58,Male,No
17445,59,Female,No
9394,49,Male,No
13755,58,Male,No
18224,40,Male,No
15614,60,Female,Yes
19922,27,Male,No
19726,67,Female,Yes
14099,30,Female,No
14104,71,Male,No
12675,45,Female,No
13020,67,Male,Yes
18220,38,Male,No
4161,45,Female,No
12023,37,Male,No
16096,48,Male,No
4538,61,Female,Yes
9549,41,Male,Yes
14317,79,Female,No
7524,39,Male,No
19525,36,Female,No
17270,52,Female,Yes
11388,72,Male,No
1966,75,Female,No
16159,59,Female,No
3102,77,Female,No
14266,53,Male,No
11185,40,Male,No
16266,38,Male,No
16030,76,Male,No
6807,60,Female,No
16071,65,Female,No
15997,47,Male,No
9353,31,Female,No
16290,42,Female,No
4318,26,Female,No
6868,22,Female,No
6108,80,Female,No
3552,23,Female,No
1356,24,Male,No
4411,27,Female,No
4727,52,Male,No
9153,35,Female,Yes
6546,36,Male,No
6627,67,Male,No
16408,71,Male,Yes
7067,28,Male,No
18477,63,Male,No
3062,62,Male,Yes
6573,26,Male,Yes
11074,71,Female,No
15851,58,Female,No
17489,48,Female,No
4459,74,Male,No
6643,71,Female,No
12291,56,Female,No
9239,61,Female,No
16136,55,Female,No
7129,26,Female,Yes
19405,26,Female,No
19805,20,Male,No
9831,76,Female,Yes
14109,68,Female,No
9597,75,Female,No
13727,44,Male,No
15801,71,Female,Yes
14007,29,Male,Yes
6478,69,Male,No
17030,38,Female,Yes
8966,73,Male,No
12452,71,Male,Yes
14865,19,Male,Yes
18073,49,Female,No
1537,67,Male,No
8976,57,Female,No
8548,34,Female,No
1460,19,Female,No
17231,37,Female,No
8684,47,Male,No
18227,39,Female,No
15545,42,Female,No
15547,31,Male,No
18710,69,Male,Yes
18252,63,Male,No
19697,72,Male,No
7454,18,Female,No
15626,32,Male,No
7405,75,Male,No
7402,52,Female,No
15362,21,Female,No
5761,39,Female,No
13396,23,Male,No
8084,45,Male,No
12317,38,Male,No
18995,63,Male,Yes
15075,54,Male,No
8392,37,Male,No
6442,70,Female,Yes
11386,79,Female,No
15054,58,Male,No
15962,75,Female,Yes
17337,70,Female,No
18028,56,Male,No
17522,36,Male,No
18009,72,Female,No
18923,19,Female,No
13077,46,Female,No
15625,43,Male,No
16342,49,Male,Yes
3543,71,Male,No
4298,65,Female,No
7574,27,Female,Yes
12398,72,Male,No
6891,63,Male,No
11630,71,Male,No
19371,52,Female,No
3731,51,Male,No
11665,77,Female,Yes
4412,48,Male,Yes
2801,68,Female,No
12007,80,Male,Yes
19224,58,Male,No
16507,25,Male,No
13957,60,Male,Yes
15998,37,Male,Yes
17914,71,Male,No
17749,72,Female,No
15479,50,Male,No
18762,65,Male,No
18526,54,Female,Yes
8265,60,Female,No
13768,51,Male,No
6349,76,Male,No
1700,34,Male,No
7368,45,Female,No
14455,48,Female,Yes
1086,76,Male,No
2275,21,Male,No
11288,25,Female,No
11278,61,Male,No
12020,41,Male,Yes
1443,70,Male,No
19398,67,Male,No
5186,69,Female,Yes
7743,40,Female,No
13072,20,Male,No
12092,51,Male,No
16846,35,Female,No
3239,80,Male,No
2033,32,Male,No
13027,18,Female,No
16573,60,Female,No
19506,72,Male,No
16591,27,Male,No
3996,55,Male,No
2984,44,Female,No
17400,69,Male,No
9364,69,Female,No
2013,56,Male,No
7814,66,Female,No
5558,72,Female,No
13606,38,Male,Yes
2489,79,Male,No
11719,80,Female,No
17464,60,Male,No
13739,30,Female,No
7878,56,Female,Yes
11843,72,Female,No
8451,32,Female,No
17752,46,Male,No
15751,49,Male,Yes
12043,45,Male,No
13725,50,Female,No
9747,36,Male,No
1545,63,Male,No
5754,71,Female,Yes
1688,68,Female,No
12130,66,Female,No
11317,56,Female,No
8653,73,Male,No
14374,48,Male,No
17902,66,Female,No
6685,23,Male,No
18571,56,Female,No
18412,54,Female,No
12645,54,Male,No
16161,48,Female,No
14886,68,Male,No
8403,66,Female,Yes
17874,59,Male,Yes
9751,22,Male,No
9062,60,Male,No
12980,47,Male,No
5656,79,Female,Yes
2735,38,Female,No
19712,60,Male,No
3683,33,Male,No
6802,42,Female,No
2321,52,Male,No
11137,74,Male,No
9455,31,Female,No
17775,68,Female,No
7264,39,Female,No
18451,30,Female,No
6906,58,Male,No
2305,71,Male,No
17519,78,Female,No
14054,42,Male,No
1292,56,Male,No
7248,62,Female,Yes
3078,29,Female,Yes
1686,43,Female,No
3117,48,Female,No
16504,37,Male,No
6480,18,Male,No
11452,23,Male,No
19253,70,Male,Yes
5217,56,Male,No
1846,64,Male,No
3734,69,Female,No
6127,52,Female,No
16113,32,Female,No
18170,44,Male,No
12179,78,Female,No
14606,69,Female,Yes
4760,33,Male,No
8024,47,Male,No
3623,49,Male,No
15684,64,Male,No
11106,28,Female,No
8338,53,Female,No
19647,44,Female,No
19132,36,Male,No
4721,46,Male,No
4207,39,Female,No
19304,21,Female,No
5541,65,Female,No
6434,47,Male,Yes
18533,69,Male,No
1224,63,Female,No
12805,21,Female,No
18367,26,Female,Yes
14154,58,Male,No
8583,67,Male,No
12558,27,Male,Yes
9874,28,Male,No
9901,78,Female,No
4562,47,Female,Yes
7263,78,Male,No
11138,23,Male,No
3474,31,Male,No
14128,58,Female,Yes
11421,18,Male,No
19560,36,Male,No
4195,32,Female,No
13200,27,Male,No
12161,36,Female,No
11334,73,Female,No
5341,56,Male,No
6928,79,Female,No
4692,62,Female,No
19889,72,Male,No
16409,43,Female,No
12756,63,Male,No
18838,41,Female,Yes
11191,40,Male,No
19218,51,Female,No
1256,31,Female,No
11059,40,Female,No
8313,80,Female,Yes
11060,24,Female,No
18896,74,Female,Yes
3822,61,Male,Yes
7577,78,Female,Yes
16559,55,Male,No
19115,28,Male,No
4351,63,Female,No
15841,51,Female,No
9399,30,Female,No
13306,60,Male,No
12124,28,Male,Yes
7173,24,Female,No
18888,21,Male,No
3392,58,Male,No
5700,29,Male,No
12333,70,Male,No
11561,49,Male,No
4915,39,Female,No
2289,76,Female,No
9608,29,Female,Yes
2936,60,Female,No
1539,70,Male,No
4864,78,Male,No
16241,78,Male,No
17188,44,Male,No
18257,31,Male,No
12800,21,Female,Yes
4317,67,Male,No
17451,34,Female,Yes
13122,72,Male,No
4783,64,Male,No
13447,42,Female,Yes
1059,37,Male,No
8075,63,Male,No
12775,76,Male,No
17544,18,Female,Yes
14201,80,Male,No
11670,77,Female,No
2409,32,Male,No
7181,22,Female,No
11661,69,Female,No
8602,40,Male,No
2273,67,Female,No
19519,19,Female,No
6286,64,Female,No
18063,48,Male,No
19094,59,Male,No
2366,29,Female,No
4210,75,Female,No
19875,46,Female,No
5462,78,Female,No
8669,61,Female,Yes
3128,26,Male,No
6835,18,Male,No
3570,61,Female,No
5241,22,Female,Yes
5265,72,Male,Yes
13907,70,Male,No
6225,49,Female,No
14045,80,Female,Yes
16237,26,Female,No
17889,55,Female,No
17453,53,Female,No
18152,58,Female,No
16710,64,Male,No
17859,49,Female,No
18395,36,Male,No
17463,31,Female,No
18102,40,Female,No
2330,51,Female,Yes
14835,39,Male,No
1490,23,Male,Yes
18648,55,Female,No
15230,60,Male,No
16648,62,Male,No
11891,74,Male,No
15911,55,Female,No
6338,27,Male,No
12353,39,Female,No
5696,24,Female,Yes
19144,34,Male,No
4911,53,Female,No
16749,49,Female,Yes
7353,49,Male,No
14247,49,Female,No
2569,26,Female,No
17264,73,Female,No
13904,78,Female,No
18568,62,Male,No
12321,66,Male,No
19159,25,Female,Yes
12030,41,Male,No
16768,45,Female,No
7761,48,Male,Yes
12898,55,Female,No
12648,73,Male,No
4265,33,Male,No
17358,34,Male,No
4528,55,Male,No
3796,67,Female,Yes
18420,68,Female,Yes
18288,34,Male,No
7887,19,Female,No
9040,24,Male,No
6956,55,Male,No
17797,75,Male,No
9791,62,Male,No
8813,63,Female,Yes
4407,63,Female,Yes
12267,77,Male,No
5768,50,Female,No
9127,58,Female,No
7963,31,Male,No
13158,26,Male,No
13978,26,Male,No
13905,39,Male,No
11155,29,Male,No
5163,20,Female,No
16065,50,Female,No
11423,56,Female,No
15371,25,Male,No
1315,48,Male,No
1006,24,Male,Yes
13324,25,Male,Yes
7801,61,Female,No
1049,50,Female,No
18491,56,Female,No
17666,37,Male,No
12825,29,Male,No
6422,79,Female,Yes
17239,44,Female,No
11394,19,Female,No
16167,50,Female,Yes
7267,21,Female,No
6322,56,Female,Yes
18807,51,Male,No
9708,26,Female,No
14000,76,Male,No
1821,55,Male,No
13250,39,Female,No
13881,68,Female,No
13542,63,Female,No
2624,73,Female,No
1005,25,Female,No
19896,66,Male,No
15218,54,Female,Yes
6458,69,Male,No
19621,76,Female,No
18144,19,Female,No
15730,79,Female,No
13539,23,Female,No
2657,79,Male,No
12499,40,Female,No
13811,61,Female,No
3236,45,Female,Yes
8662,41,Male,No
6939,75,Female,No
15669,39,Male,Yes
4956,36,Female,No
13622,44,Male,No
16543,50,Female,No
6947,55,Male,No
12218,26,Female,Yes
16387,58,Female,No
7134,47,Female,No
2317,26,Male,No
12009,70,Female,No
8908,32,Male,No
14614,42,Male,Yes
5932,32,Female,Yes
17963,33,Female,No
7040,45,Male,No
5723,65,Male,No
7468,44,Female,No
1464,45,Male,No
19261,69,Male,No
7503,37,Male,No
1303,34,Male,No
11201,24,Female,No
3126,48,Female,No
19203,32,Female,No
4809,72,Female,No
14971,34,Male,Yes
7269,20,Female,No
12460,43,Male,No
2756,55,Male,No
9673,48,Female,No
12858,18,Male,No
2461,56,Female,No
12835,60,Male,Yes
15020,64,Female,No
19016,25,Female,No
14975,53,Female,No
9631,28,Female,Yes
8315,73,Female,No
2602,26,Female,No
11639,29,Male,No
19239,35,Male,No
15906,39,Female,No
13631,53,Female,No
15885,67,Female,Yes
9967,68,Female,No
18464,70,Male,No
11466,23,Female,No
11327,36,Male,No
8551,22,Male,Yes
2439,33,Male,No
16069,79,Male,No
18650,22,Male,No
7158,30,Male,No
2855,72,Female,Yes
3254,44,Female,No
11416,19,Male,Yes
14933,59,Female,No
13744,78,Female,Yes
8739,50,Male,No
3144,80,Male,Yes
13301,37,Male,No
14935,21,Female,No
9979,58,Male,No
12432,73,Male,No
5333,38,Female,No
17236,57,Male,No
18342,30,Male,Yes
17435,57,Male,No
5643,43,Male,No
19926,44,Female,No
13222,35,Male,No
17655,46,Male,No
12297,41,Male,No
16503,62,Female,No
5021,77,Male,Yes
3816,32,Female,No
18241,57,Male,No
17262,24,Male,No
12248,62,Female,No
12497,53,Female,No
12315,69,Female,Yes
13007,80,Female,No
17131,50,Female,Yes
2996,29,Male,No
18503,65,Female,No
14639,79,Male,No
3446,64,Female,Yes
14172,47,Female,No
2789,61,Female,No
13393,38,Female,No
9655,45,Male,No
13154,65,Male,No
15396,74,Male,No
6223,50,Female,No
4701,31,Male,No
16177,33,Male,Yes
3617,48,Male,No
16157,71,Female,No
6295,33,Male,No
1934,61,Female,Yes
18508,26,Female,No
19521,79,Male,No
4694,64,Female,No
8585,40,Male,No
9270,25,Female,No
14524,54,Male,Yes
12108,52,Male,No
8579,77,Female,Yes
15905,50,Female,No
14819,71,Female,No
15503,71,Male,Yes
5033,48,Female,No
13342,26,Female,No
8994,75,Male,Yes
13455,35,Female,No
15990,80,Male,No
18030,50,Female,No
6915,71,Male,No
5477,69,Male,Yes
15835,19,Female,No
16007,78,Female,No
11263,77,Male,No
9568,71,Female,No
11678,29,Female,No
6541,77,Female,No
8985,27,Female,No
13813,27,Female,No
11181,62,Male,No
1331,25,Male,No
11963,25,Male,No
7398,68,Male,Yes
5442,47,Male,No
13282,43,Female,No
2073,31,Female,No
5444,59,Male,No
3848,29,Male,No
3581,42,Female,Yes
14594,78,Male,No
14731,47,Male,No
8740,53,Male,No
8473,26,Female,Yes
15758,70,Female,Yes
4246,57,Female,No
8158,69,Male,No
4193,29,Female,No
19902,40,Female,Yes
4501,41,Female,No
17746,60,Male,No
12162,68,Male,No
11922,51,Female,Yes
15307,73,Male,No
17568,27,Female,Yes
16037,19,Male,Yes
19915,56,Male,No
19595,60,Male,No
2619,76,Male,No
9995,61,Male,No
5372,75,Female,No
4083,60,Female,No
14331,26,Male,No
17488,50,Female,No
2865,31,Female,No
4593,58,Female,Yes
16352,64,Male,No
4573,51,Female,Yes
19157,20,Female,No
16826,79,Male,No
2291,20,Male,No
11392,35,Female,Yes
16886,31,Female,No
13922,49,Male,No
7112,67,Male,No
9404,35,Female,Yes
2594,74,Male,No
5602,18,Female,No
17226,31,Male,No
14095,23,Male,No
7414,80,Male,No
13854,45,Male,No
3490,29,Female,No
14850,44,Male,No
9476,48,Male,Yes
15145,61,Male,No
19234,62,Female,No
11037,56,Female,No
18642,75,Female,No
19194,36,Female,No
6413,19,Female,No
15788,48,Female,Yes
7171,19,Male,No
9886,59,Male,Yes
14341,57,Male,No
12491,49,Female,No
3618,75,Male,No
13402,48,Female,Yes
6207,41,Male,No
11911,39,Male,No
1313,51,Male,No
6244,30,Male,No
9932,78,Female,No
6386,56,Male,No
11396,24,Male,No
3655,44,Female,No
7955,48,Male,No
4741,58,Female,No
16339,47,Female,No
19146,78,Male,No
4570,60,Female,No
18963,34,Male,No
16263,50,Female,No
16912,51,Male,Yes
17475,43,Female,No
8965,50,Male,No
3951,69,Female,No
6120,71,Male,No
17816,39,Female,No
19695,37,Male,No
1693,39,Male,No
16810,31,Female,No
18626,39,Female,No
19287,36,Male,Yes
13349,57,Female,No
16677,38,Male,No
15969,46,Female,No
6254,44,Male,Yes
4937,35,Male,Yes
14855,57,Female,No
13861,50,Male,No
4134,54,Male,Yes
19620,52,Male,No
13767,18,Male,No
2325,74,Male,Yes
8848,21,Female,No
19003,72,Female,Yes
12281,27,Male,No
19533,25,Female,No
1112,58,Female,No
12334,52,Female,No
9272,80,Male,No
9241,20,Male,No
11048,32,Male,No
6083,25,Male,No
17574,37,Female,No
5334,48,Male,No
13258,26,Male,No
8189,76,Male,No
8285,48,Male,No
8205,70,Female,Yes
19374,60,Male,No
19133,53,Male,No
8378,61,Male,No
1428,53,Female,No
18869,36,Female,No
8126,41,Female,Yes
18176,62,Female,No
6096,53,Male,No
19819,72,Female,No
3786,53,Male,No
1774,59,Female,No
17476,54,Female,Yes
4623,58,Male,No
19195,67,Male,Yes
8587,69,Female,No
12028,72,Male,Yes
18119,58,Male,Yes
19225,56,Female,No
15930,44,Male,Yes
19357,39,Female,No
7901,22,Male,No
11247,21,Female,No
1561,35,Female,No
4954,21,Female,No
7259,56,Male,No
11979,23,Male,Yes
13201,50,Male,No
19863,66,Female,Yes
16034,23,Female,Yes
2385,80,Female,No
15934,80,Male,No
11610,63,Female,No
4226,68,Male,No
3519,37,Male,Yes
2091,21,Female,No
11291,61,Female,No
3037,23,Female,No
2814,74,Female,No
11226,75,Male,No
17769,25,Male,Yes
1584,74,Female,No
4422,65,Male,No
12352,49,Male,No
12044,28,Female,No
4018,31,Male,No
11275,36,Female,No
9933,73,Male,No
1610,57,Female,No
5787,43,Male,No
3302,37,Female,Yes
2035,20,Male,No
14670,54,Female,Yes
13267,24,Female,Yes
18441,71,Male,No
11016,23,Female,Yes
12038,56,Female,No
4509,53,Male,Yes
4673,64,Male,Yes
7365,46,Female,No
11493,54,Male,No
16137,50,Male,No
15395,79,Female,No
6648,37,Female,No
4718,43,Female,No
9518,32,Male,No
3526,59,Male,No
9692,51,Female,No
4066,68,Female,No
3024,80,Male,No
7401,24,Male,No
12102,27,Male,Yes
19656,56,Female,No
6723,25,Female,No
11404,43,Male,Yes
16888,59,Female,No
16165,35,Male,No
19233,32,Female,No
9321,78,Female,No
19823,68,Male,No
11671,79,Female,Yes
12384,43,Male,No
11202,71,Male,No
14741,19,Male,No
16083,55,Male,Yes
13760,74,Female,No
19284,57,Male,Yes
11733,29,Male,No
16191,79,Male,No
1387,68,Male,No
14105,55,Female,Yes
9023,47,Female,Yes
14549,44,Female,No
15714,26,Male,Yes
1071,54,Female,No
15980,23,Female,No
1995,33,Female,No
5445,35,Female,No
14542,79,Female,No
1720,61,Male,No
3453,29,Male,No
6960,25,Female,No
11418,74,Male,Yes
6516,69,Female,No
19921,27,Female,No
19713,60,Female,Yes
2129,52,Female,No
18946,19,Female,No
11319,24,Female,No
8037,49,Male,Yes
5929,57,Male,Yes
4796,66,Female,No
11196,68,Male,No
19512,60,Male,Yes
4922,78,Female,No
18122,37,Male,No
18687,75,Female,No
11170,79,Female,No
5681,61,Male,No
19632,52,Male,Yes
1416,38,Female,No
5321,33,Male,No
14753,35,Male,No
19981,19,Male,No
4163,24,Male,No
4165,22,Male,No
5917,25,Male,Yes
8594,33,Female,No
19248,44,Female,No
9551,40,Male,No
12740,74,Male,No
17828,36,Female,No
3019,23,Female,No
6750,59,Female,No
1455,21,Female,No
5425,68,Female,No
14489,62,Female,No
5767,25,Male,No
3845,74,Male,Yes
17449,48,Female,Yes
19267,23,Female,No
3797,52,Male,No
17638,33,Female,Yes
8300,34,Male,No
6599,49,Male,No
14716,25,Female,Yes
15727,51,Male,No
2170,62,Male,Yes
12892,23,Female,No
12592,37,Male,No
9677,42,Female,No
5827,65,Male,No
17087,43,Male,No
13783,33,Male,Yes
19367,19,Male,No
16108,26,Male,Yes
18025,65,Male,No
18219,52,Male,No
9713,75,Female,No
8094,79,Male,Yes
8045,78,Female,Yes
1447,61,Female,No
18945,19,Female,Yes
15857,67,Female,No
19640,43,Male,Yes
1555,55,Female,Yes
2539,80,Female,No
5670,29,Female,Yes
15732,55,Male,No
11776,60,Male,No
4119,70,Male,No
11411,75,Male,No
15555,59,Male,No
5529,78,Female,Yes
12469,69,Male,No
12627,35,Male,Yes
2759,76,Female,No
9216,57,Male,No
19923,23,Male,No
13119,25,Female,Yes
6421,39,Male,No
17953,25,Male,No
9262,48,Female,No
14249,60,Female,No
12714,73,Female,No
2429,62,Female,Yes
5067,49,Male,Yes
19035,41,Female,No
14620,55,Female,Yes
17156,54,Female,No
5510,56,Female,Yes
8125,70,Female,No
11295,19,Male,No
18259,76,Female,No
17863,62,Female,Yes
18476,73,Female,Yes
12275,55,Male,No
9675,51,Male,No
13962,56,Male,No
2572,41,Male,No
17825,28,Female,No
19813,42,Female,No
7600,46,Male,No
5599,50,Female,No
19592,37,Male,No
19370,24,Male,No
17487,76,Male,No
9358,42,Male,Yes
14956,54,Male,No
17259,60,Male,Yes
5554,76,Female,No
17538,24,Female,No
14940,33,Male,No
15526,32,Male,No
7542,19,Male,No
15770,51,Female,No
1999,67,Female,No
15375,28,Male,No
15019,72,Female,No
2991,33,Male,No
18325,26,Female,Yes
7892,77,Male,No
7309,36,Male,Yes
18558,42,Male,No
14065,53,Female,Yes
16772,28,Male,No
15516,24,Male,No
3732,77,Female,Yes
13720,52,Female,No
18777,72,Female,Yes
17356,32,Female,Yes
14610,24,Female,No
9930,25,Female,No
1324,34,Female,No
16015,78,Male,No
6720,42,Male,No
13626,58,Female,No
7998,49,Female,No
15254,33,Female,No
11032,28,Female,No
16120,21,Female,No
4832,31,Female,No
4676,54,Female,No
6873,64,Male,No
18396,66,Female,No
19458,63,Male,No
8030,54,Female,No
18138,76,Male,No
6509,57,Male,No
4908,57,Female,No
1277,20,Female,No
7406,38,Male,No
1914,25,Male,Yes
19281,42,Male,No
15922,38,Female,No
7000,68,Female,No
4301,27,Male,No
1562,54,Female,No
9882,78,Female,No
7959,18,Male,No
16689,62,Female,No
13430,50,Male,No
17332,28,Male,No
11143,27,Male,Yes
8379,29,Male,Yes
14323,52,Male,No
12841,43,Male,Yes
18222,48,Male,Yes
19735,58,Male,Yes
19306,25,Female,No
15176,69,Male,No
19123,65,Male,No
11840,30,Female,Yes
12575,24,Male,No
2480,40,Female,Yes
1251,52,Female,Yes
9095,48,Female,Yes
1312,53,Female,Yes
14050,19,Female,No
1568,35,Male,No
1305,24,Male,No
7319,29,Male,Yes
12087,79,Male,No
9639,25,Female,No
3872,45,Male,No
14644,51,Female,Yes
19501,26,Male,No
4166,50,Female,No
1732,63,Female,No
1475,71,Male,No
1611,32,Female,Yes
18334,42,Male,No
12058,33,Male,No
14866,36,Male,No
19226,80,Male,Yes
19780,68,Male,No
19832,35,Female,No
2637,63,Female,No
8758,30,Male,No
4919,61,Male,No
12685,50,Female,No
7242,60,Female,No
19957,28,Female,No
6530,59,Male,Yes
3050,79,Female,No
3909,22,Female,No
19760,28,Female,No
14432,19,Female,Yes
19911,31,Male,No
1979,43,Male,Yes
14846,39,Female,No
7318,42,Male,No
4975,29,Male,No
3416,36,Male,Yes
14479,38,Male,No
5773,61,Male,No
19522,79,Female,Yes
17929,25,Male,No
16572,79,Female,Yes
19988,56,Male,No
15318,49,Female,Yes
4092,66,Male,No
5023,41,Male,No
5251,79,Male,No
15071,68,Female,No
1917,21,Male,No
19456,51,Male,No
16558,31,Male,No
2791,71,Male,No
4759,27,Male,No
4476,40,Male,No
2553,48,Female,No
5947,40,Male,No
16908,61,Female,Yes
3572,73,Female,Yes
18015,76,Female,No
7980,19,Female,No
18667,58,Female,No
19660,76,Male,No
16969,66,Female,No
18279,73,Male,No
19994,64,Male,No
18714,58,Male,No
12531,54,Female,No
7521,53,Female,No
3842,52,Male,No
12118,50,Female,No
16674,51,Male,Yes
17961,72,Male,Yes
14190,65,Male,No
2452,60,Male,No
3216,34,Male,No
1649,20,Female,No
19199,71,Male,No
5659,45,Male,No
8413,41,Male,No
13386,73,Male,No
11892,25,Female,No
3990,39,Female,Yes
6115,28,Male,No
11755,62,Female,No
3253,53,Male,No
5104,58,Male,No
7915,23,Female,No
14259,23,Male,No
3733,36,Male,No
14078,41,Female,No
7258,60,Male,No
9255,18,Female,No
13887,33,Female,No
2718,36,Female,Yes
9903,43,Male,No
1644,44,Male,No
13003,77,Male,Yes
18054,50,Female,No
5687,57,Female,No
3540,28,Male,No
2579,67,Female,No
6779,44,Female,No
6093,80,Male,No
16715,37,Female,No
4863,73,Male,No
17623,20,Female,No
12785,72,Female,No
3372,31,Female,Yes
9682,58,Female,No
3883,58,Female,Yes
17161,33,Male,No
5904,35,Female,No
19211,35,Male,No
18506,29,Female,Yes
4101,20,Female,No
19935,58,Male,Yes
19465,66,Male,No
16005,24,Male,Yes
19762,57,Female,Yes
7403,60,Female,No
8892,54,Female,No
11102,25,Female,Yes
15471,75,Female,Yes
4419,21,Male,No
11420,46,Male,No
6963,78,Female,No
16221,75,Male,No
9904,80,Male,No
2373,45,Male,No
5850,52,Male,No
8776,39,Female,No
17125,31,Male,No
11311,60,Male,No
14469,44,Female,No
13954,20,Male,Yes
15249,74,Male,No
5883,77,Female,No
9622,64,Female,Yes
8903,47,Male,Yes
4858,39,Female,No
1714,61,Female,Yes
11914,57,Male,No
2345,25,Female,No
18823,38,Female,No
19472,37,Male,No
9128,44,Female,No
16636,46,Male,No
18447,29,Female,No
8798,73,Male,No
12774,62,Female,No
5368,21,Male,No
5782,70,Male,No
17712,74,Male,No
13498,71,Male,No
4401,60,Male,No
4552,26,Male,No
8179,18,Female,No
18903,29,Male,No
9936,57,Male,No
19597,73,Male,No
6255,75,Female,Yes
5840,44,Female,No
8068,63,Female,Yes
8431,48,Male,No
8353,80,Female,No
15190,80,Male,No
17648,58,Male,No
12784,66,Female,No
7482,22,Female,No
17471,69,Female,No
18532,68,Female,No
18900,66,Female,No
14818,46,Female,No
19779,52,Male,No
13494,65,Female,No
12625,48,Female,No
6860,62,Female,No
9459,48,Male,No
8616,61,Female,No
1520,43,Male,No
6389,60,Female,No
17421,50,Female,No
15470,26,Male,Yes
15389,78,Female,No
8540,57,Male,No
6535,31,Male,Yes
13848,37,Male,No
5295,26,Male,No
6474,41,Female,No
16489,52,Female,No
11565,60,Male,No
17846,35,Female,Yes
18006,73,Female,Yes
9495,67,Male,No
19849,25,Male,No
18251,34,Female,Yes
18616,31,Male,No
6284,25,Female,No
15535,36,Female,No
11379,30,Male,Yes
3299,59,Male,No
2953,54,Male,Yes
9587,61,Male,No
3425,25,Female,No
4004,27,Male,Yes
13284,69,Female,No
17170,60,Male,No
17133,23,Male,No
3274,69,Male,Yes
1589,34,Female,No
2914,59,Female,Yes
14640,36,Male,No
3072,22,Female,Yes
4973,20,Female,No
8538,24,Female,Yes
2590,52,Male,Yes
8041,70,Female,No
9051,30,Female,No
7556,56,Male,No
11883,31,Female,Yes
12984,63,Male,No
4148,61,Male,Yes
13654,56,Male,Yes
16571,22,Male,No
11513,32,Male,Yes
2379,61,Male,No
15040,19,Female,No
17109,33,Male,No
11075,43,Female,No
6405,20,Female,Yes
15037,42,Male,No
17699,79,Male,No
15896,64,Male,No
7856,68,Male,No
8756,25,Male,No
6467,61,Female,Yes
8203,74,Male,No
5832,52,Male,Yes
17384,27,Female,No
15755,24,Female,No
9083,34,Male,No
7229,80,Female,Yes
14260,77,Female,Yes
14235,50,Male,No
13917,32,Male,No
8801,49,Female,No
17274,24,Male,No
3169,46,Male,Yes
12830,51,Male,Yes
5537,46,Male,No
18474,73,Male,No
4295,37,Female,No
1488,26,Female,No
6346,42,Female,No
4594,65,Female,No
3855,54,Female,No
5135,34,Male,Yes
7288,38,Male,No
16566,31,Female,No
9300,47,Male,No
6942,56,Female,No
15042,28,Female,No
2155,66,Female,No
16317,19,Female,Yes
1810,73,Female,Yes
3458,22,Male,No
4336,24,Female,No
12600,36,Female,No
6773,41,Female,No
14183,25,Male,No
16737,62,Female,No
18484,72,Male,No
2973,38,Male,Yes
6619,26,Female,No
12201,48,Male,No
19828,43,Female,No
19542,58,Female,Yes
8484,22,Female,No
2264,74,Male,No
13597,28,Female,No
8843,20,Female,Yes
4635,60,Female,No
7442,24,Male,Yes
2497,66,Male,No
4174,68,Female,Yes
8301,40,Male,No
3276,67,Male,No
16117,69,Female,No
16894,32,Male,Yes
2069,30,Female,No
7498,78,Male,No
11473,54,Male,No
7435,21,Female,Yes
14336,25,Female,Yes
11235,35,Female,No
2837,21,Male,No
9494,53,Male,No
16297,64,Female,No
3830,66,Male,Yes
3210,34,Female,No
19336,30,Male,No
12634,25,Female,No
16010,18,Male,Yes
13965,39,Male,No
3981,33,Male,No
12986,59,Female,No
7371,80,Male,No
2320,51,Male,No
18631,68,Male,No
19947,53,Female,No
11882,30,Female,No
1798,71,Male,No
11921,74,Female,No
13093,43,Female,No
18595,74,Male,No
5488,35,Male,No
12228,69,Female,No
11953,80,Female,No
19091,77,Male,No
2329,65,Female,No
9218,43,Female,No
17871,28,Male,No
18284,63,Male,No
8627,34,Female,No
13312,50,Male,No
6156,25,Male,No
11455,31,Female,No
16079,27,Male,No
5203,73,Female,No
8336,26,Female,Yes
4774,78,Male,No
6147,78,Male,No
15850,31,Male,No
17587,27,Male,No
6018,50,Female,Yes
7713,20,Female,No
5573,71,Male,No
11704,21,Female,No
17523,77,Female,No
9158,58,Male,No
18546,74,Male,No
3486,64,Male,No
17419,61,Female,No
7649,30,Male,No
15039,72,Male,No
2524,38,Male,No
11406,24,Female,No
1916,73,Male,No
13740,61,Female,No
19179,56,Male,No
16619,47,Male,No
5630,62,Male,No
17303,45,Female,No
19009,65,Female,No
7304,68,Male,Yes
16412,35,Male,No
13527,30,Male,No
15127,74,Male,No
4330,61,Female,No
6588,31,Male,No
15602,73,Female,Yes
14368,21,Female,No
1551,74,Male,Yes
9603,29,Female,No
1368,71,Female,No
5463,18,Male,No
14926,62,Male,Yes
19112,19,Female,No
17290,50,Female,No
8924,25,Female,No
16185,33,Male,Yes
13625,50,Female,No
17389,43,Female,Yes
3766,49,Male,No
11646,28,Female,No
16512,46,Male,No
18066,59,Male,No
16516,38,Female,No
14843,35,Female,No
18434,39,Female,No
16300,65,Male,No
13444,27,Female,No
19649,74,Female,No
16369,56,Female,Yes
11909,25,Male,No
12142,35,Male,No
5210,50,Female,No
19616,44,Female,No
16637,54,Male,Yes
13657,51,Male,Yes
1266,23,Male,No
4428,60,Male,Yes
7329,48,Male,No
2851,41,Female,No
4539,20,Female,Yes
19272,55,Female,Yes
18957,37,Male,No
12197,50,Female,No
14770,47,Male,Yes
9187,64,Female,No
12994,28,Male,No
19092,43,Female,No
2027,52,Female,No
18462,59,Female,No
9188,35,Female,No
9972,21,Male,No
16579,54,Male,No
11412,49,Male,Yes
8337,38,Male,Yes
5319,78,Female,No
4717,23,Male,No
16890,25,Female,No
11236,31,Male,No
7481,77,Female,Yes
5580,19,Male,No
5763,44,Female,Yes
14950,42,Female,Yes
16336,19,Female,No
19464,80,Male,Yes
19394,50,Male,No
8707,19,Female,No
17827,37,Male,Yes
1817,63,Male,No
5010,26,Female,No
2849,56,Male,No
11249,68,Female,No
1516,61,Female,No
5373,37,Male,No
16590,37,Male,Yes
12673,65,Male,No
18390,61,Male,No
15652,60,Male,No
1684,38,Female,Yes
18786,51,Male,No
12862,41,Female,No
7643,39,Female,No
6864,30,Male,No
5731,34,Female,No
14666,37,Male,No
15068,18,Male,No
19651,34,Female,Yes
9711,36,Female,No
11848,52,Female,No
9514,39,Female,No
7560,49,Female,No
2443,47,Male,No
6628,77,Female,No
14872,46,Male,No
7541,33,Female,No
19973,60,Male,Yes
13477,31,Male,No
16492,23,Male,No
13070,28,Male,No
13394,43,Male,No
16074,24,Female,Yes
15411,46,Female,Yes
17179,21,Male,No
13395,49,Male,No
17380,42,Male,No
16711,53,Female,Yes
2945,55,Male,No
5308,63,Female,No
5818,58,Male,No
3101,67,Female,Yes
2695,18,Male,No
4736,64,Male,No
4386,62,Male,No
17379,31,Male,No
2327,44,Female,No
15140,77,Female,No
18890,22,Male,No
14948,43,Female,No
16902,54,Female,No
18857,61,Male,No
18269,37,Female,Yes
12239,70,Male,No
4704,56,Male,No
17086,60,Male,Yes
14334,19,Male,Yes
13584,49,Female,No
18267,78,Male,No
3261,64,Female,No
8443,61,Female,No
3375,78,Female,No
13017,42,Male,No
11705,46,Female,No
19439,60,Male,No
8450,74,Female,No
18573,54,Male,No
9761,61,Female,No
11568,73,Female,No
9617,53,Female,No
9468,41,Male,No
8960,62,Male,No
4586,71,Female,No
6993,33,Male,No
5150,73,Female,No
18668,47,Male,No
15155,68,Female,No
14270,44,Female,No
11689,51,Male,No
11651,68,Female,No
12174,70,Female,No
19589,24,Female,No
12054,50,Male,No
15446,41,Female,Yes
8799,27,Female,No
15831,62,Male,Yes
18894,71,Male,Yes
3808,70,Female,No
14354,79,Male,No
15098,68,Female,No
2101,19,Female,No
15397,69,Female,No
2561,37,Male,No
14326,60,Male,No
9348,74,Male,No
15742,69,Female,Yes
13604,64,Female,Yes
15832,56,Female,No
8515,31,Female,No
13679,63,Male,No
18610,72,Female,No
1887,72,Female,Yes
11757,66,Male,No
6317,51,Female,No
12570,21,Male,No
16424,43,Female,Yes
4456,44,Male,No
14619,40,Female,No
15570,19,Female,No
12365,76,Male,No
5079,78,Female,Yes
16249,71,Female,Yes
7396,57,Female,No
19836,36,Female,No
14448,29,Female,No
14925,53,Male,No
16184,29,Male,No
13398,53,Male,No
6529,27,Male,No
12360,65,Female,No
17669,61,Male,No
4574,78,Male,No
1864,30,Female,Yes
11426,27,Male,No
13979,48,Female,No
7628,78,Female,No
12412,43,Female,Yes
13628,52,Male,No
3978,50,Male,No
1528,45,Male,No
7695,39,Male,No
2259,48,Male,No
16529,21,Male,No
11322,44,Female,Yes
11507,55,Male,No
17401,46,Male,No
5016,66,Male,No
4427,18,Male,Yes
17805,32,Female,No
5284,34,Female,No
3093,54,Male,Yes
4918,70,Female,Yes
12638,37,Male,No
9782,61,Female,Yes
18999,24,Male,Yes
11190,21,Male,Yes
19330,51,Male,No
8620,45,Female,No
2074,47,Female,Yes
18562,70,Female,No
2661,65,Male,No
4923,75,Male,No
16411,73,Male,No
12163,58,Male,No
14360,28,Male,No
17319,26,Male,No
6883,69,Female,No
3076,41,Female,Yes
13809,47,Male,Yes
3928,53,Female,No
1891,32,Female,No
4319,43,Female,No
15791,33,Male,Yes
11877,46,Male,Yes
15192,36,Female,No
6585,71,Female,No
19769,69,Male,No
12594,68,Male,No
13011,80,Female,Yes
17006,22,Female,No
2826,61,Male,Yes
12981,18,Female,No
3403,57,Male,No
1478,70,Female,No
11758,45,Female,No
7785,77,Male,No
1099,68,Female,No
14976,43,Male,Yes
13821,53,Female,No
5390,37,Male,No
4136,74,Female,No
15403,39,Male,No
18670,30,Female,Yes
18246,31,Male,No
12135,62,Female,No
14175,61,Female,No
16657,33,Female,No
18547,29,Male,No
4213,50,Male,No
8291,24,Female,No
13423,47,Male,No
9483,69,Female,No
7995,36,Female,No
14204,24,Female,No
9307,71,Male,No
11940,22,Female,No
17845,38,Female,No
6182,73,Female,No
4566,49,Female,No
8311,67,Female,No
17986,31,Female,No
4300,76,Male,No
11731,23,Female,No
3879,21,Male,No
17716,35,Male,No
11627,21,Female,No
9818,28,Male,No
13777,31,Female,No
16669,50,Female,No
16748,64,Male,No
16519,67,Male,No
15700,53,Female,No
3983,50,Female,No
1177,49,Female,No
18985,55,Female,No
19843,60,Female,No
9624,71,Male,No
11448,73,Male,No
2916,39,Female,Yes
4014,27,Male,No
6757,74,Female,No
13338,30,Male,No
11616,69,Male,No
18029,47,Female,No
14541,59,Male,Yes
19483,49,Female,No
15963,75,Female,No
12225,32,Male,No
6048,49,Female,No
13005,78,Female,No
7627,66,Female,No
6932,54,Male,No
14547,58,Male,No
15975,71,Male,No
17410,79,Female,No
9438,79,Female,No
5419,57,Female,No
19161,21,Male,Yes
17354,65,Male,No
13530,80,Female,No
15428,39,Male,Yes
15402,19,Male,Yes
16365,26,Female,No
2785,18,Male,No
6285,64,Male,No
17483,25,Female,No
5500,79,Male,No
11831,79,Female,Yes
12967,19,Female,No
19334,31,Female,No
9370,58,Female,No
14862,56,Female,No
8784,62,Male,Yes
14356,50,Male,Yes
16162,46,Female,No
15921,34,Male,No
7746,50,Male,No
5637,69,Female,No
9690,21,Male,No
17814,65,Female,No
1586,69,Male,No
18905,54,Male,No
16390,22,Male,Yes
9875,26,Male,No
18140,78,Male,No
17011,44,Female,No
9961,48,Female,No
2331,30,Male,Yes
18881,25,Female,No
16189,59,Male,No
4899,37,Male,No
19802,26,Male,Yes
18507,68,Female,No
15219,74,Female,No
6683,68,Female,No
13035,62,Male,No
17143,71,Male,No
13028,68,Female,No
15904,44,Female,No
14821,64,Female,No
11085,63,Female,No
14840,52,Male,Yes
17450,30,Male,No
12606,18,Male,No
12454,25,Female,Yes
6085,58,Male,No
12308,75,Female,No
17562,70,Female,No
11793,76,Male,No
5313,44,Female,Yes
15611,25,Male,No
4747,71,Male,Yes
19692,63,Female,No
2906,33,Female,Yes
9502,47,Female,No
19851,67,Male,No
2544,18,Male,No
1939,49,Male,Yes
14786,73,Female,No
8690,77,Female,No
17256,53,Male,No
12230,49,Male,No
6943,50,Female,No
16767,62,Female,No
15642,46,Male,No
18906,22,Male,Yes
7426,35,Male,Yes
13441,69,Male,Yes
19710,30,Male,No
18276,43,Male,No
17824,42,Male,No
15630,18,Male,No
2020,19,Female,No
2784,65,Male,No
5698,60,Male,No
6047,60,Male,No
19511,65,Male,No
4745,63,Female,No
4414,19,Male,No
3229,67,Male,Yes
19099,61,Female,No
3007,36,Male,No
15954,50,Female,No
9728,29,Male,No
3760,32,Male,No
9233,47,Female,No
15337,18,Male,Yes
11601,39,Male,No
3932,71,Female,No
1630,42,Female,No
9971,35,Female,No
17494,29,Female,No
5058,46,Female,Yes
13897,50,Male,Yes
8096,65,Female,Yes
19084,33,Female,No
3838,66,Male,Yes
13685,77,Male,No
8466,49,Female,No
15080,34,Male,No
14737,37,Female,No
19107,32,Male,No
19580,24,Male,Yes
17182,47,Female,Yes
8937,41,Female,No
5017,26,Female,No
5035,18,Female,No
14827,26,Female,No
17512,64,Female,No
8161,45,Female,No
14365,75,Female,Yes
8656,70,Male,No
14664,72,Female,No
4019,45,Female,No
17470,30,Female,No
4772,18,Female,No
9103,64,Female,No
14984,64,Male,No
15304,41,Male,No
12492,43,Female,Yes
5642,68,Female,Yes
15241,45,Female,No
16738,61,Male,No
18606,26,Female,Yes
16044,78,Male,No
8004,44,Male,No
4471,32,Male,No
19868,27,Female,No
1004,41,Female,No
18716,62,Male,No
7833,34,Female,No
16264,80,Male,No
5672,55,Female,Yes
6148,80,Female,No
18423,32,Male,Yes
2106,29,Male,No
12985,28,Male,No
11012,79,Female,No
18793,75,Male,No
9745,71,Male,No
17688,49,Female,No
19503,80,Male,No
6899,79,Female,No
12362,56,Female,No
5565,30,Male,No
3864,56,Male,No
9891,58,Female,No
4990,21,Female,No
15490,80,Female,Yes
11464,62,Female,No
7882,45,Female,No
18749,54,Female,Yes
9596,65,Female,Yes
14831,45,Male,No
19313,77,Male,No
1558,56,Female,No
8728,45,Male,No
7722,54,Male,Yes
18518,30,Female,No
7727,62,Female,Yes
11478,48,Male,No
17755,52,Male,No
3713,71,Male,No
9830,78,Female,No
7779,19,Female,No
11049,47,Male,No
8757,51,Male,No
7679,61,Male,No
18612,25,Male,No
15970,20,Female,No
18578,65,Male,Yes
2248,71,Male,No
19724,40,Male,No
6859,25,Male,No
19175,65,Male,No
18454,21,Male,Yes
12484,74,Female,No
18884,46,Female,No
1247,47,Male,No
13504,18,Male,No
15253,56,Female,No
9261,60,Male,No
5596,33,Female,No
18417,77,Male,No
5082,37,Male,No
8659,21,Female,No
4865,18,Male,Yes
4309,67,Male,No
1307,50,Female,No
5809,62,Male,No
9943,62,Female,No
19451,30,Female,No
7221,48,Female,No
1662,65,Male,No
12817,60,Male,No
9663,75,Male,No
5960,63,Female,No
19036,70,Female,No
2433,44,Female,No
19518,31,Male,No
16870,52,Male,Yes
2501,72,Male,No
2626,60,Male,No
7598,46,Female,No
18964,42,Female,Yes
1499,55,Male,No
12357,51,Female,Yes
1603,78,Female,No
15927,39,Male,No
12110,56,Male,No
7009,65,Male,Yes
14440,35,Female,No
14800,46,Female,No
5269,41,Female,No
4060,41,Male,No
2773,46,Female,Yes
13042,49,Female,No
8834,51,Female,No
6464,45,Male,No
13766,71,Female,No
4510,36,Female,No
6007,30,Male,No
6610,44,Female,No
12417,72,Female,Yes
9228,51,Female,No
5208,65,Female,No
16552,35,Male,No
2383,19,Male,No
6571,59,Male,No
7260,41,Female,No
19124,26,Female,No
14139,56,Male,No
12893,77,Male,No
19949,43,Male,No
19274,74,Female,No
7708,23,Male,Yes
1637,27,Female,No
8234,52,Female,No
14388,58,Female,No
8975,57,Female,Yes
19816,75,Female,No
18545,29,Female,No
2825,53,Male,No
14729,36,Male,No
1169,57,Female,Yes
16821,30,Male,Yes
18745,40,Male,No
16550,18,Female,No
9826,24,Female,No
1734,21,Male,No
8622,43,Female,No
16855,59,Male,Yes
8177,71,Male,Yes
18927,50,Female,No
16745,80,Male,No
15671,45,Female,No
13228,79,Female,No
19015,37,Female,No
16656,45,Male,Yes
1672,48,Female,Yes
4504,38,Male,No
3897,28,Male,No
2464,54,Female,No
16392,52,Male,Yes
7957,65,Male,Yes
4463,73,Male,No
18172,53,Female,Yes
6491,55,Female,No
1748,75,Male,No
1808,63,Male,Yes
2494,30,Female,No
5963,69,Male,Yes
15401,57,Female,No
13929,23,Male,No
15619,31,Female,No
14145,24,Male,Yes
3801,34,Male,No
8576,20,Male,No
11525,43,Male,No
13785,26,Male,Yes
16799,32,Male,No
18118,40,Female,No
13111,31,Male,No
17903,71,Female,No
18064,52,Male,No
15834,21,Female,No
14097,55,Male,Yes
1657,59,Female,No
7162,73,Female,No
15947,77,Male,Yes
4507,40,Male,No
17687,25,Female,No
12335,60,Female,No
15012,34,Male,No
2909,38,Male,No
1155,29,Male,No
14515,44,Female,No
5677,52,Male,No
14832,60,Female,Yes
19678,38,Female,No
15581,38,Male,No
3615,74,Female,No
14470,65,Male,No
13563,41,Male,No
17642,21,Female,No
9333,67,Female,No
7815,69,Male,No
7802,40,Male,No
17847,25,Female,No
14681,77,Male,No
14210,26,Female,Yes
19262,74,Male,No
5546,64,Female,No
9869,71,Male,No
8042,67,Male,No
1374,44,Female,No
16824,69,Male,Yes
6252,42,Female,No
3832,68,Male,Yes
11431,31,Female,No
4621,70,Male,No
14143,71,Male,No
1069,27,Male,No
17627,63,Female,No
1317,23,Male,No
1549,25,Male,No
19279,66,Female,Yes
12169,59,Male,Yes
7247,39,Male,No
1003,75,Male,Yes
9277,38,Female,No
18302,43,Male,No
11865,28,Female,No
8877,31,Female,Yes
9956,67,Male,No
15340,51,Male,No
11857,72,Male,No
18457,32,Male,Yes
18461,80,Male,No
1061,56,Male,No
5142,43,Female,Yes
18132,45,Male,No
12027,43,Female,No
19959,41,Female,No
19556,78,Female,Yes
12183,48,Female,No
17429,45,Female,No
3125,79,Male,Yes
15600,62,Male,No
1497,52,Male,Yes
11242,60,Female,No
12635,56,Female,No
16795,40,Male,No
15025,39,Female,No
19979,63,Female,No
16091,49,Female,No
3176,53,Female,No
16026,26,Male,No
12383,24,Female,No
15573,28,Female,No
9757,73,Female,No
2193,52,Male,No
9443,51,Male,Yes
14020,40,Female,No
11065,64,Female,No
14929,79,Male,No
18758,48,Male,No
8902,68,Male,No
1116,55,Female,No
9906,55,Female,No
6240,69,Female,No
2288,63,Female,Yes
17273,39,Female,Yes
18644,73,Male,No
12708,20,Female,Yes
15501,51,Male,No
8273,30,Male,Yes
1518,59,Female,No
18617,56,Male,No
13970,31,Male,No
5069,31,Male,No
8675,68,Female,No
11165,26,Female,No
11996,37,Female,No
12647,66,Male,No
15972,22,Male,Yes
9288,52,Female,No
9102,44,Female,Yes
14820,68,Male,No
18998,79,Female,No
19418,64,Female,No
11307,31,Female,No
14572,68,Female,No
12199,45,Female,Yes
3884,27,Male,No
9280,80,Male,No
3460,48,Female,No
12763,29,Female,No
18047,19,Female,No
16168,21,Female,No
12294,60,Female,Yes
14436,70,Female,No
4470,26,Male,No
16581,55,Male,No
2815,46,Female,Yes
15440,53,Male,No
17759,54,Female,No
2142,43,Female,No
12288,30,Male,No
16307,73,Female,No
17726,72,Male,Yes
9964,28,Male,No
13971,28,Female,No
12107,52,Female,No
13233,59,Male,No
19121,24,Female,No
4219,18,Female,No
4349,60,Female,No
5922,28,Male,No
4938,61,Female,No
3925,18,Female,No
18374,42,Male,No
6616,23,Female,No
18521,50,Female,No
8723,41,Male,No
4434,49,Male,No
9030,19,Female,No
3495,67,Female,No
19044,52,Male,No
3411,23,Female,No
1435,73,Female,Yes
12146,65,Female,No
1100,63,Female,Yes
11213,68,Male,Yes
11724,19,Male,Yes
15036,47,Male,No
3602,24,Female,No
13126,57,Female,Yes
11856,18,Male,No
15358,61,Male,No
15353,79,Male,No
14938,46,Female,No
14947,69,Male,No
18920,47,Female,Yes
15177,56,Female,No
5450,46,Male,No
7429,57,Female,No
2947,54,Female,No
5331,62,Male,No
2968,27,Female,No
16994,43,Female,Yes
15217,25,Female,No
14378,36,Male,No
5525,63,Male,No
15123,48,Female,No
4544,74,Male,Yes
7688,58,Female,No
14529,37,Female,No
18048,29,Male,Yes
14026,65,Male,No
1014,73,Female,Yes
19419,70,Female,No
14232,30,Female,No
2416,46,Male,No
18098,45,Male,No
1621,73,Female,No
17110,77,Male,No
17490,70,Male,No
15989,35,Male,Yes
9167,74,Female,No
7194,24,Female,Yes
3270,29,Male,No
9390,45,Female,No
7670,61,Male,No
4613,38,Male,No
18347,25,Male,No
19547,58,Female,No
8250,35,Female,No
19607,53,Female,No
15892,75,Male,No
6941,49,Male,No
4141,56,Male,No
18968,56,Female,No
15348,48,Male,No
11070,41,Male,No
5302,59,Female,No
17548,74,Female,No
11659,27,Female,No
18757,26,Female,No
5857,63,Female,No
12436,25,Male,Yes
2976,75,Male,Yes
5865,23,Female,No
1359,42,Female,Yes
11897,34,Female,No
15232,73,Male,No
13522,42,Female,No
14833,70,Male,No
18272,61,Female,Yes
14074,57,Female,Yes
14507,30,Male,No
3054,37,Female,No
8052,76,Female,No
13737,26,Male,No
18601,44,Female,Yes
11950,29,Male,No
2901,59,Male,No
13948,67,Male,No
8624,34,Female,No
7984,40,Female,Yes
2204,32,Female,Yes
12688,45,Female,No
15967,33,Female,No
12659,75,Female,No
9954,75,Male,No
7666,30,Male,No
3266,63,Male,No
17371,79,Male,Yes
4346,34,Female,No
4304,49,Female,No
9289,50,Male,No
17347,35,Male,No
4231,29,Male,No
7022,27,Male,No
11564,23,Male,No
5266,21,Male,Yes
19031,41,Female,No
8399,76,Female,No
1772,55,Female,No
14959,62,Male,Yes
19891,29,Female,Yes
13815,60,Male,No
19613,44,Male,No
8910,55,Female,No
17138,44,Male,No
12521,78,Female,No
15457,30,Female,No
11007,21,Male,No
9117,78,Female,No
4029,49,Female,No
7077,30,Female,No
6780,32,Female,No
16017,52,Male,Yes
15046,40,Male,Yes
15492,73,Male,No
18494,62,Female,No
5559,65,Female,No
11526,63,Female,No
6121,68,Male,No
7700,75,Female,Yes
6817,31,Male,No
7711,57,Female,No
8244,77,Female,No
2260,72,Female,Yes
11283,57,Male,Yes
4700,61,Male,No
3591,78,Female,No
15449,45,Male,No
15436,75,Male,Yes
17772,39,Female,No
7789,62,Female,No
16318,74,Male,No
8952,63,Male,No
16192,65,Female,Yes
15022,73,Female,No
7537,53,Male,No
6953,74,Male,No
14316,51,Male,No
5979,19,Male,No
17241,37,Female,No
8927,41,Male,No
1328,29,Female,No
12899,48,Male,No
7407,24,Female,No
17158,67,Male,No
17031,32,Male,No
4002,55,Male,Yes
7611,20,Male,No
16357,23,Male,No
11893,32,Male,No
16364,58,Female,No
5418,59,Female,Yes
16578,27,Female,No
12487,77,Male,No
12447,22,Male,No
1096,20,Female,No
13490,70,Female,No
13465,62,Female,No
5320,49,Male,No
4840,41,Male,Yes
5404,43,Female,No
16334,54,Male,No
12895,80,Male,No
18151,47,Male,No
15398,78,Female,Yes
5420,26,Male,No
6498,40,Male,Yes
14268,58,Female,No
6226,68,Male,No
7888,44,Male,Yes
18804,47,Female,No
12757,77,Male,Yes
12891,29,Female,No
19136,43,Male,No
3718,77,Male,No
17243,58,Male,No
19608,78,Male,No
7575,39,Male,No
14178,30,Female,No
8340,53,Female,Yes
3127,29,Female,No
4078,22,Male,Yes
3648,35,Female,Yes
15045,62,Female,No
18663,39,Male,No
2971,75,Male,Yes
14509,32,Female,No
14508,68,Male,No
19825,42,Male,No
9032,71,Female,No
5896,40,Male,Yes
5083,41,Female,No
12821,68,Male,No
15096,48,Male,No
9429,66,Male,No
19412,67,Female,Yes
16121,40,Female,Yes
15183,41,Female,No
9320,23,Male,No
1751,80,Male,Yes
16630,64,Female,No
1077,26,Male,No
3083,69,Male,No
16949,36,Male,No
3086,42,Male,No
7065,23,Male,No
12279,18,Female,No
2017,32,Male,No
13637,62,Female,Yes
11129,34,Male,No
14874,74,Male,Yes
19538,35,Male,Yes
15813,44,Female,Yes
2227,72,Female,No
7245,46,Male,No
15193,74,Female,No
1445,80,Female,Yes
15726,50,Female,No
2997,25,Male,No
15708,49,Female,Yes
17976,36,Female,Yes
8554,48,Male,No
2404,38,Female,Yes
17560,35,Male,No
15065,43,Female,No
6159,51,Female,Yes
2349,73,Female,No
11789,64,Female,No
5646,53,Female,No
2308,50,Female,No
7015,57,Male,Yes
19808,36,Male,Yes
13674,22,Female,No
4121,46,Male,No
9774,27,Male,No
14310,68,Female,Yes
18825,61,Female,No
13173,40,Female,Yes
5660,36,Male,No
6163,33,Female,No
12446,58,Male,No
7275,58,Female,No
6201,54,Female,No
19792,20,Male,Yes
8862,79,Female,Yes
13337,46,Female,No
8456,60,Male,No
13129,32,Male,No
18828,38,Male,No
7230,50,Male,No
8181,31,Male,No
9259,68,Female,Yes
2021,36,Female,No
7497,39,Female,No
12907,71,Female,No
8348,23,Female,No
6067,44,Male,No
14823,78,Female,No
16621,75,Male,No
15899,32,Female,No
12149,20,Male,No
4752,47,Female,No
15638,70,Female,No
18671,49,Male,No
18320,30,Male,No
16759,33,Male,No
4052,69,Female,No
16732,72,Male,No
12959,64,Female,No
3924,41,Female,No
5526,68,Male,No
19427,41,Male,Yes
18910,50,Female,No
16042,48,Female,No
11114,62,Female,No
9258,47,Female,No
1901,73,Male,No
17516,55,Male,No
12991,61,Female,Yes
19387,77,Female,Yes
9001,64,Male,No
6352,47,Female,No
19900,70,Male,No
13016,22,Male,Yes
6590,71,Female,No
18096,64,Male,No
16588,58,Male,No
12584,23,Male,No
16262,42,Male,No
8051,19,Female,No
18486,19,Male,No
11751,20,Female,No
6634,43,Male,No
13127,29,Male,No
7971,37,Male,No
7966,79,Male,No
6858,55,Female,Yes
8162,68,Male,No
12098,36,Male,No
6758,75,Female,No
16051,72,Female,Yes
1470,44,Male,No
18108,47,Female,No
19740,65,Male,No
13164,42,Female,No
12451,72,Male,No
18676,42,Male,No
2765,49,Male,Yes
16398,24,Male,No
11429,47,Male,No
16252,58,Male,No
2243,66,Male,No
5862,27,Male,No
9653,22,Male,No
9034,61,Male,No
6763,72,Male,No
5226,36,Female,No
8232,62,Male,No
4711,50,Male,No
3881,27,Female,No
19484,58,Male,No
12202,65,Female,No
11538,35,Male,No
12859,67,Female,Yes
19244,33,Male,Yes
14460,39,Male,Yes
3516,23,Female,No
11570,27,Male,No
4143,36,Male,No
8889,50,Female,No
16743,67,Male,No
7514,35,Male,No
2292,70,Male,No
7443,41,Female,No
13165,54,Female,No
12810,36,Male,No
7273,23,Male,No
6293,42,Male,No
11117,47,Female,No
1258,65,Male,No
7351,36,Male,No
19617,80,Male,No
15683,24,Male,No
3671,46,Male,Yes
14017,79,Female,No
7008,39,Male,No
17219,48,Female,No
8518,35,Male,No
2236,28,Male,Yes
7014,68,Male,No
11279,34,Female,No
13040,18,Female,No
12920,53,Female,No
16457,58,Female,No
1196,77,Male,No
12036,57,Female,No
9800,50,Female,No
11508,20,Female,No
18116,20,Female,Yes
11810,76,Male,No
11231,50,Male,No
14127,44,Female,No
2518,21,Male,No
15659,53,Female,No
5733,27,Male,No
8342,80,Female,No
8355,77,Male,Yes
9271,56,Male,No
6916,79,Male,No
12683,50,Female,No
13314,72,Male,No
2974,70,Male,No
11837,48,Female,No
8103,27,Female,Yes
14654,31,Female,Yes
19311,55,Female,No
3743,64,Male,No
16900,59,Male,No
1779,45,Male,No
7094,51,Female,No
4630,40,Male,No
5607,58,Male,Yes
14068,60,Male,No
4315,53,Female,Yes
11715,63,Female,No
12761,30,Male,No
9999,27,Male,No
13371,25,Female,No
15513,36,Female,No
12629,79,Female,No
14080,79,Male,No
14599,80,Male,No
9591,30,Female,No
14209,29,Male,No
15977,29,Male,No
8085,56,Female,No
18814,73,Male,No
1597,80,Male,Yes
18366,40,Female,No
11333,26,Male,No
11959,48,Male,No
12653,21,Male,No
16901,67,Female,Yes
1801,47,Female,Yes
11503,30,Female,No
4886,35,Male,No
6839,75,Female,No
12205,48,Male,No
14428,60,Male,No
8225,66,Female,No
9643,19,Male,Yes
5860,66,Male,Yes
1395,71,Female,No
11174,38,Male,No
3228,21,Female,No
5706,49,Male,No
13025,23,Male,No
8969,35,Male,No
13186,38,Female,No
19188,76,Female,Yes
18846,23,Female,Yes
6575,74,Male,Yes
15546,60,Male,No
5398,54,Male,No
9723,70,Male,No
4116,30,Male,No
15703,70,Female,No
19623,71,Male,No
12779,69,Female,No
1749,24,Female,No
14330,70,Female,Yes
7894,32,Female,No
17242,38,Female,No
12153,36,Female,No
11281,22,Male,Yes
18590,76,Female,Yes
4046,32,Female,No
7327,63,Male,Yes
12620,38,Male,No
6591,66,Female,Yes
12158,49,Male,Yes
14512,18,Female,No
17680,65,Male,No
2644,37,Male,No
13360,37,Female,No
9808,40,Male,No
18952,34,Male,No
7519,32,Male,No
11869,39,Male,No
15507,32,Male,No
7036,39,Male,No
15499,25,Male,No
11632,45,Male,No
11636,62,Female,No
16753,38,Female,No
18666,63,Male,No
1776,32,Male,No
12544,44,Female,No
5386,47,Male,No
2627,23,Female,Yes
5485,19,Male,No
18146,71,Male,No
1554,68,Male,No
15929,71,Male,No
4104,24,Male,No
5517,33,Male,No
1054,30,Female,Yes
19854,31,Female,No
14018,69,Female,Yes
11132,27,Male,No
15735,46,Male,Yes
18566,28,Male,No
15920,49,Female,Yes
17573,60,Male,No
16910,47,Female,No
9789,67,Female,No
13938,64,Male,No
1670,25,Female,No
13918,32,Female,No
9989,40,Female,No
8654,44,Female,No
9950,67,Female,No
18060,63,Male,No
8597,46,Female,No
18971,20,Female,No
17140,64,Male,No
4842,42,Female,No
8278,69,Male,No
16256,45,Male,No
18007,66,Male,No
18438,46,Female,No
5116,25,Female,No
12590,31,Female,No
15316,18,Male,No
11629,67,Female,No
5044,33,Female,No
2636,56,Male,Yes
12941,40,Male,Yes
8543,60,Female,No
2928,39,Female,No
13311,65,Male,No
13573,49,Female,No
4256,56,Male,No
16967,69,Male,No
6637,75,Female,No
12064,44,Male,Yes
12253,34,Female,No
6971,61,Male,No
8113,49,Female,No
5389,78,Female,No
6215,72,Female,No
4756,68,Male,Yes
8011,21,Male,No
16493,23,Female,No
15251,80,Female,No
11422,50,Male,No
1094,65,Male,No
9467,64,Female,Yes
18034,31,Male,No
13410,66,Male,No
18210,67,Male,No
4823,37,Female,No
2767,75,Male,No
15815,49,Male,Yes
17632,33,Female,No
12150,50,Female,No
17499,20,Female,No
13713,55,Female,No
13826,34,Female,No
14409,47,Female,No
5387,43,Female,No
8258,30,Female,Yes
13547,57,Female,Yes
7231,21,Female,No
15572,57,Male,Yes
4146,49,Male,No
8469,38,Male,No
6649,59,Female,No
7192,22,Male,No
4480,68,Female,No
16605,69,Female,Yes
9516,58,Male,No
14710,72,Female,No
13602,77,Female,No
3762,44,Male,No
4462,44,Female,No
2716,80,Male,No
13603,34,Female,No
19826,39,Male,No
1996,49,Male,No
2360,48,Female,No
5080,73,Male,No
4036,25,Male,Yes
13137,74,Male,No
11569,48,Male,No
5727,45,Female,No
15004,40,Male,No
17075,65,Male,Yes
9790,72,Male,Yes
14347,59,Male,Yes
8178,76,Female,No
13076,78,Female,Yes
11552,59,Female,No
19562,52,Male,Yes
16355,76,Female,Yes
11961,37,Female,Yes
8838,56,Male,No
1682,76,Female,No
9089,58,Female,No
8293,61,Male,No
19327,39,Male,Yes
17373,22,Male,No
8235,79,Male,No
12632,33,Female,No
14618,50,Male,No
11301,35,Female,No
7218,42,Male,No
8870,80,Male,No
11807,64,Female,No
15157,40,Female,No
5189,57,Female,No
5236,54,Male,Yes
19842,40,Male,Yes
15058,36,Male,No
11885,41,Male,No
4241,49,Male,No
16889,71,Female,Yes
2081,79,Female,No
6856,20,Male,No
1868,78,Female,No
19273,18,Male,Yes
8763,49,Female,No
1283,36,Male,No
19990,24,Female,No
18183,27,Female,No
11849,43,Male,Yes
5669,60,Female,No
9067,41,Male,No
17526,68,Female,No
14342,22,Male,Yes
8828,33,Female,No
13999,73,Male,No
11563,37,Male,Yes
5667,52,Female,No
4755,67,Male,No
12171,71,Male,No
9709,68,Male,Yes
2615,55,Male,No
14192,59,Female,No
19630,44,Female,Yes
12041,34,Female,Yes
17144,57,Female,No
6910,28,Male,No
18504,63,Female,Yes
6612,62,Male,No
11960,45,Female,No
13059,69,Female,No
12508,78,Male,No
14760,53,Male,No
11123,57,Male,No
5535,49,Male,Yes
8823,73,Female,Yes
9973,58,Male,Yes
1090,31,Male,No
13191,53,Female,No
12721,70,Female,No
2821,40,Female,No
8732,24,Female,Yes
3802,58,Male,No
14392,24,Female,No
12834,76,Male,No
15780,72,Female,No
3400,57,Female,Yes
5629,39,Male,Yes
19814,47,Female,No
18470,71,Male,Yes
7320,57,Female,No
5042,42,Male,No
17149,29,Male,No
19720,59,Male,No
19635,24,Female,No
8132,37,Male,No
14503,53,Female,No
13643,50,Male,No
12988,19,Male,No
3313,46,Male,No
19933,24,Female,Yes
15707,26,Male,No
8802,73,Male,No
1674,19,Female,No
3620,36,Male,No
14726,28,Male,Yes
18264,42,Female,No
5741,74,Male,Yes
19126,47,Male,No
14148,69,Female,No
13134,22,Male,No
15660,68,Female,No
16267,21,Male,No
12144,25,Male,Yes
7568,52,Female,No
13847,20,Male,No
1358,71,Female,No
7149,27,Male,No
3447,19,Male,Yes
3754,27,Male,No
19054,48,Male,No
13694,30,Female,No
19759,21,Male,Yes
3934,42,Male,Yes
8372,67,Female,No
1925,24,Male,No
11083,48,Female,No
15306,43,Male,Yes
16944,48,Female,No
14500,35,Female,No
18863,44,Female,No
17160,61,Female,No
18901,48,Female,No
11446,35,Female,No
9873,55,Female,No
18542,59,Female,No
15811,75,Male,Yes
8305,76,Female,No
4720,77,Female,No
12566,47,Male,No
17491,76,Male,No
16524,38,Male,Yes
4829,38,Male,No
9651,53,Male,No
14424,36,Female,No
6853,23,Male,Yes
13554,58,Male,No
8663,63,Female,No
6855,42,Female,No
8050,63,Female,No
11219,23,Female,No
17132,55,Female,No
8174,76,Male,No
8330,72,Female,No
16752,43,Male,No
2005,75,Male,No
11519,22,Female,No
9540,48,Male,No
12729,46,Male,Yes
3377,39,Female,No
16526,35,Female,No
3646,46,Male,Yes
6730,47,Male,No
5470,24,Male,No
1085,74,Male,No
14789,25,Female,No
19857,77,Female,No
14060,60,Male,No
6436,73,Female,No
16239,30,Male,No
3318,36,Male,No
4051,47,Male,No
3005,19,Male,No
5468,51,Male,No
19796,22,Male,No
9055,45,Male,No
17905,53,Male,No
9739,34,Female,No
9604,69,Female,No
9447,50,Female,No
2431,24,Male,No
19268,72,Female,Yes
7687,53,Female,No
1132,18,Female,Yes
13488,46,Female,No
12846,73,Female,Yes
13937,50,Male,No
19739,68,Male,Yes
2998,45,Male,No
16244,60,Male,No
1778,80,Female,No
5969,30,Male,No
15664,42,Female,No
1425,48,Female,No
11541,67,Male,No
5365,19,Male,No
2342,26,Male,No
5626,33,Male,No
14927,34,Male,No
13680,35,Female,No
19528,72,Male,Yes
8501,41,Male,No
2690,33,Female,No
14361,69,Female,No
11233,53,Male,No
14882,21,Male,No
14877,31,Female,No
3748,39,Male,Yes
9025,53,Female,No
7424,24,Female,No
3629,28,Male,No
13064,57,Female,No
5413,28,Female,No
18217,54,Female,No
14634,78,Female,Yes
12974,64,Male,No
19929,42,Male,Yes
7450,20,Female,No
19055,56,Female,No
3787,62,Female,No
7469,62,Male,No
15267,61,Male,No
16175,61,Female,No
1203,43,Male,No
12536,52,Male,No
8072,70,Female,Yes
12753,40,Female,No
15478,18,Male,No
1523,34,Male,No
11947,24,Female,No
6924,74,Male,Yes
6465,48,Male,No
8678,32,Male,No
13661,28,Male,No
7922,36,Female,No
2195,67,Male,No
17640,56,Male,Yes
7889,28,Female,No
15010,54,Female,No
6122,32,Female,No
11805,42,Male,No
17910,59,Female,No
8373,32,Female,No
16114,41,Male,Yes
4185,44,Female,No
16458,45,Male,Yes
8992,59,Female,Yes
8214,70,Male,No
12049,50,Male,No
3487,76,Male,No
15548,51,Female,No
2368,76,Female,Yes
18240,56,Female,No
1210,24,Female,No
6253,30,Male,No
2107,79,Male,Yes
3769,78,Female,No
16125,36,Female,No
13026,38,Male,No
18564,26,Male,Yes
13687,29,Male,No
15032,27,Female,No
18354,67,Female,No
6677,76,Male,No
8429,63,Female,No
17101,50,Female,No
13331,46,Male,Yes
9871,60,Female,No
6059,35,Male,No
2445,51,Female,No
16419,59,Male,Yes
19181,28,Male,No
3804,44,Female,No
11949,24,Male,No
12263,39,Male,No
4433,71,Female,No
3417,47,Female,Yes
3742,43,Male,Yes
5853,43,Male,No
2313,49,Female,No
9421,45,Female,Yes
6287,61,Female,No
16835,31,Male,No
6415,72,Female,No
16876,56,Male,Yes
5825,32,Female,No
12376,25,Male,No
7109,71,Female,No
13818,54,Male,No
4519,38,Female,Yes
15847,32,Female,No
12692,34,Female,Yes
7349,51,Male,No
1617,43,Female,Yes
3010,67,Female,Yes
5168,36,Female,No
14079,23,Male,Yes
9777,65,Female,No
12535,76,Male,Yes
18913,64,Male,No
17505,37,Male,No
14678,44,Female,No
13316,34,Female,No
17016,60,Male,No
6664,72,Male,No
12928,48,Male,No
16514,42,Female,No
19751,73,Male,No
18230,65,Male,No
8444,61,Female,No
16333,33,Male,No
16741,67,Male,No
15524,58,Male,Yes
5267,70,Male,No
9550,68,Male,Yes
6351,36,Female,No
19235,63,Male,No
11545,43,Male,No
17280,24,Female,No
14019,64,Female,No
19716,56,Male,No
16599,77,Female,Yes
19177,61,Male,No
16623,28,Male,No
8647,31,Male,No
9365,73,Male,No
19171,68,Male,Yes
6490,66,Female,No
14035,67,Female,No
12641,52,Female,No
4962,73,Male,No
4323,71,Female,No
11698,65,Female,No
7910,51,Female,No
11899,41,Male,No
6246,27,Male,No
11186,48,Male,Yes
13662,22,Male,No
15913,54,Female,No
2535,24,Male,No
19675,56,Male,No
9493,40,Female,No
1978,24,Female,Yes
14885,28,Female,No
18435,67,Female,No
9020,79,Male,No
3481,20,Male,No
16479,20,Male,No
1467,71,Female,No
12339,51,Male,No
1056,24,Female,No
17351,75,Female,No
14612,25,Male,No
8272,28,Male,Yes
17344,59,Female,No
16613,57,Female,Yes
19550,20,Male,No
7107,46,Male,No
12209,44,Male,Yes
9925,29,Female,Yes
5533,53,Female,No
1093,56,Female,No
1512,80,Female,Yes
12680,77,Female,No
18129,43,Female,No
19800,54,Female,No
16907,31,Female,Yes
14256,21,Female,No
17588,29,Female,No
8929,67,Male,No
17456,37,Female,No
1022,76,Female,No
14884,21,Female,Yes
12742,72,Male,Yes
15718,79,Female,Yes
12944,72,Female,No
15280,48,Female,No
18817,50,Male,No
16828,32,Female,No
2477,54,Female,No
14824,42,Female,No
9026,32,Male,No
8886,54,Female,No
8949,36,Female,No
19178,34,Female,No
17415,39,Male,No
3348,25,Male,No
2276,44,Male,No
13593,27,Female,No
6632,59,Male,No
1719,55,Male,Yes
13608,68,Female,No
6543,73,Male,No
3696,69,Female,No
6689,34,Male,No
3775,31,Female,No
14282,78,Male,No
14285,71,Female,No
7033,40,Male,No
5950,51,Male,No
11076,40,Male,No
16922,52,Female,No
16979,57,Female,No
11211,65,Male,No
14005,56,Female,No
13532,71,Female,No
17691,19,Female,Yes
18827,44,Female,No
17721,63,Male,No
2007,28,Female,No
17913,46,Female,Yes
16782,38,Male,No
16797,64,Female,No
11765,46,Male,Yes
16728,25,Female,No
7595,72,Female,No
15728,67,Male,No
15498,77,Female,No
1546,22,Male,No
3137,24,Female,No
13723,20,Female,No
3846,63,Male,No
4714,59,Female,No
5270,38,Male,No
8221,19,Female,Yes
8347,32,Female,No
6885,24,Female,No
8227,62,Male,No
13930,59,Female,No
6138,31,Female,No
18538,20,Female,Yes
16031,25,Female,No
5567,37,Male,No
17306,68,Male,No
2805,35,Male,Yes
2341,67,Male,No
12429,27,Male,No
11693,23,Male,No
16375,48,Male,No
17673,55,Male,No
3330,30,Female,No
6794,22,Male,No
16328,40,Male,No
9983,26,Female,No
11471,66,Male,No
13409,57,Female,No
6337,36,Male,No
8865,72,Female,Yes
12348,22,Female,No
13552,56,Female,Yes
13426,66,Female,No
14607,23,Female,No
7531,40,Male,No
13779,54,Female,No
3603,41,Female,No
12505,47,Male,Yes
18485,20,Male,Yes
8487,59,Male,No
17790,32,Male,Yes
9909,47,Male,No
14327,69,Female,No
6967,40,Female,No
14006,73,Female,No
13203,64,Male,Yes
15971,45,Female,No
16956,26,Female,No
15328,40,Female,No
7893,70,Female,No
1967,29,Female,No
7883,40,Female,No
9805,63,Female,No
15837,63,Male,Yes
2078,40,Male,Yes
12511,27,Male,No
11188,38,Female,No
13669,36,Male,Yes
13735,41,Female,No
1353,60,Male,No
19897,65,Male,No
13209,27,Male,Yes
12567,65,Male,No
11061,49,Female,No
13682,65,Female,No
4290,55,Female,Yes
14642,60,Female,No
13885,75,Female,No
16593,28,Female,Yes
16372,69,Male,No
6020,61,Female,No
5258,65,Female,No
2534,55,Male,No
8193,77,Female,No
16502,73,Male,No
15302,37,Male,No
17590,33,Female,No
17942,74,Male,No
9035,36,Female,No
8173,23,Female,No
3950,74,Female,No
15854,28,Male,No
7193,44,Female,No
9319,24,Male,No
17316,64,Female,No
3044,72,Male,Yes
14158,37,Female,No
14788,40,Female,No
2185,72,Female,Yes
9496,68,Male,No
2956,49,Male,No
15644,45,Male,Yes
7488,64,Male,No
7768,68,Male,No
15772,44,Male,No
13008,58,Female,No
7546,71,Male,No
2840,22,Male,No
17340,62,Male,No
15287,36,Female,No
1178,19,Female,No
14506,29,Male,No
11128,30,Female,No
5454,31,Male,No
16963,19,Female,No
5126,77,Male,No
7428,57,Female,No
3017,19,Female,No
6129,64,Male,Yes
16568,31,Female,Yes
5282,36,Male,No
9605,48,Male,No
15665,43,Male,Yes
4926,32,Male,No
6528,64,Female,No
15992,67,Male,No
8505,50,Male,No
16198,37,Female,No
2444,62,Male,Yes
19436,41,Male,Yes
12777,29,Male,Yes
15914,61,Male,No
4206,63,Female,No
11251,31,Male,No
8274,50,Male,No
1915,40,Female,No
17480,49,Female,No
16176,34,Male,No
19079,26,Female,No
19062,51,Male,No
16140,53,Female,No
2578,28,Male,No
6000,51,Male,Yes
19646,43,Female,No
11895,66,Female,No
4325,24,Female,No
6944,55,Male,No
16123,60,Female,No
16153,78,Female,No
19545,36,Male,No
16702,59,Female,Yes
16751,64,Male,No
5004,62,Male,No
8593,40,Male,Yes
7652,42,Female,No
18010,21,Male,No
4777,31,Female,Yes
11384,30,Female,No
1605,68,Male,No
11054,54,Female,Yes
13518,37,Male,No
7565,43,Male,No
18046,39,Male,No
15296,48,Female,No
19416,37,Male,No
16220,67,Male,No
13925,53,Male,No
17770,53,Female,No
13703,61,Male,No
15991,46,Male,No
11894,45,Female,No
18496,65,Male,No
3408,72,Female,No
6236,21,Male,No
6218,21,Male,No
6214,31,Male,No
19249,36,Male,No
19806,20,Male,No
2110,74,Female,Yes
16463,61,Female,No
13211,35,Male,No
7352,74,Male,No
9016,61,Female,No
11828,65,Female,No
12915,38,Male,No
3171,37,Male,No
15414,18,Female,No
17007,54,Female,No
19431,55,Female,No
4946,19,Male,No
12738,23,Female,No
4732,23,Female,No
11642,36,Female,No
15178,52,Female,No
8816,74,Female,No
13793,42,Male,No
17217,72,Female,No
3929,53,Male,No
14669,30,Female,No
2285,77,Female,No
9993,27,Female,No
16035,19,Male,No
8646,28,Female,No
9963,40,Female,No
13856,61,Female,No
5467,62,Female,No
17799,75,Female,No
9061,63,Male,No
15187,29,Male,No
17388,71,Male,No
17364,48,Female,No
19216,55,Female,No
16047,59,Male,No
19265,63,Male,No
7137,61,Male,No
19950,53,Female,No
13959,29,Female,Yes
11932,38,Female,No
14953,65,Female,No
19430,32,Male,No
16206,65,Male,No
12878,26,Male,No
4137,40,Female,No
1000,53,Male,No
6373,73,Female,No
12794,49,Female,No
15511,61,Male,No
17071,22,Female,No
14567,60,Male,No
7210,74,Male,No
8852,62,Male,No
17062,51,Male,No
9003,68,Female,No
14556,74,Female,No
3587,36,Male,No
5802,64,Male,Yes
18214,70,Male,No
18652,57,Male,No
3636,71,Male,No
7515,28,Male,No
8896,50,Male,No
5587,34,Male,No
8925,74,Female,No
7610,35,Female,No
8849,26,Male,No
2749,74,Female,No
4981,61,Female,No
2708,61,Female,Yes
16477,72,Male,No
3462,70,Male,No
12207,57,Female,No
7310,54,Male,No
2739,50,Female,No
7334,24,Male,No
17077,79,Male,No
8335,58,Male,No
15311,52,Female,No
14803,47,Female,No
8187,35,Female,No
3038,58,Male,No
7555,63,Female,No
8416,54,Female,No
2911,74,Male,No
19201,55,Male,No
18839,22,Male,No
7124,46,Male,No
9129,27,Female,No
5753,48,Female,No
6836,79,Male,No
12425,76,Female,Yes
14181,60,Male,No
12390,30,Male,No
18278,27,Male,Yes
5852,72,Male,No
5868,58,Male,No
5875,26,Male,No
1300,68,Male,No
9412,25,Male,No
16473,67,Male,No
5273,19,Female,No
12843,78,Male,No
4647,67,Female,No
9756,32,Female,No
14022,53,Female,Yes
5091,25,Male,No
18079,72,Male,Yes
17136,38,Male,No
5212,58,Male,No
2117,41,Female,No
3758,31,Male,No
3389,19,Female,No
12002,43,Male,No
16038,64,Female,Yes
6484,41,Male,No
3209,18,Male,No
12464,57,Male,No
13699,59,Male,No
3368,18,Male,No
12368,20,Male,No
8922,73,Male,No
4672,42,Female,No
1899,66,Female,Yes
18158,59,Male,No
7086,31,Female,No
13458,70,Female,No
19919,49,Male,No
13071,50,Male,Yes
5306,51,Male,No
8860,39,Female,No
3795,32,Male,No
1974,30,Male,No
13736,78,Male,No
8499,65,Female,No
16058,26,Male,No
14532,21,Female,No
18348,70,Male,No
6046,27,Male,No
14318,30,Female,No
9952,43,Female,No
14765,74,Female,No
6200,52,Female,No
6219,67,Male,No
8323,75,Male,No
2930,68,Female,Yes
9473,76,Female,Yes
4502,63,Male,Yes
13345,68,Female,Yes
4296,74,Female,No
17191,19,Female,No
18023,62,Male,Yes
2427,19,Female,No
1888,66,Female,No
14787,39,Male,No
1664,73,Female,No
12972,78,Female,Yes
11488,49,Male,Yes
18919,23,Female,No
14763,19,Female,No
2504,50,Male,No
12992,80,Male,No
17854,61,Male,No
4250,18,Female,No
2469,51,Male,No
17904,71,Male,No
6354,70,Male,Yes
1264,76,Female,No
7382,58,Male,No
6363,35,Female,No
7357,25,Female,No
18471,61,Female,No
19681,51,Male,No
1694,57,Male,No
15586,33,Male,Yes
11708,50,Female,No
7750,37,Female,No
16518,74,Male,No
14271,24,Male,No
13471,64,Female,No
6193,65,Female,No
11800,71,Male,No
3585,59,Female,No
15677,62,Female,Yes
4449,29,Female,No
13411,35,Male,Yes
2981,45,Male,No
16687,51,Male,No
12814,70,Male,No
17234,50,Male,No
15955,61,Male,No
4993,22,Male,Yes
16960,59,Male,No
5459,63,Male,Yes
19850,48,Male,Yes
12363,78,Male,No
2878,34,Male,No
4551,40,Male,Yes
5713,54,Male,Yes
1492,29,Female,No
15926,61,Female,No
9048,35,Female,No
13991,73,Female,No
2086,67,Female,No
8814,25,Male,No
19567,34,Male,No
13966,41,Male,No
14593,51,Male,No
2165,37,Female,No
1889,40,Female,No
19259,21,Male,No
9629,61,Female,No
11477,22,Male,No
11324,29,Male,No
11171,61,Female,Yes
1252,29,Female,No
3020,52,Female,No
14417,59,Female,Yes
6777,72,Female,No
4438,41,Female,No
15137,64,Male,No
17514,26,Female,No
1824,66,Male,No
13901,71,Female,No
17704,66,Male,No
18032,55,Female,No
8086,76,Female,No
17781,68,Female,No
12504,31,Female,No
14406,21,Female,No
5383,61,Male,No
2336,24,Male,No
1886,73,Male,No
19250,50,Male,No
13786,21,Female,No
15686,26,Male,No
17055,33,Male,No
4009,46,Male,No
11933,42,Male,Yes
16313,63,Male,No
18020,63,Female,No
18162,77,Male,No
18722,64,Male,No
3174,76,Female,No
8157,51,Male,No
9080,51,Male,No
18215,44,Male,No
12494,58,Female,No
9094,63,Male,No
4553,47,Female,No
12633,61,Male,Yes
1141,61,Male,No
5452,41,Male,No
13207,79,Male,No
19323,53,Male,No
2796,53,Female,No
17725,29,Male,No
12853,33,Female,No
2576,78,Female,No
11169,20,Female,No
2270,63,Male,No
2105,59,Female,No
18074,69,Female,Yes
13989,25,Male,No
18443,44,Male,Yes
16296,22,Male,No
12610,59,Female,Yes
11653,27,Female,No
18415,67,Female,No
11224,26,Male,Yes
17098,47,Male,No
13639,72,Female,Yes
14804,72,Female,No
15373,49,Male,No
15379,40,Male,No
11572,72,Male,Yes
16217,68,Female,No
5158,19,Male,No
2896,60,Female,No
7178,31,Female,Yes
5338,59,Male,No
3041,75,Male,Yes
1806,20,Female,Yes
12807,71,Male,No
15288,22,Male,No
17579,78,Female,Yes
19185,27,Female,No
5906,67,Male,No
9852,23,Female,No
16783,35,Male,No
5726,43,Male,No
2986,59,Female,No
2732,63,Male,Yes
13056,36,Female,No
2711,37,Female,Yes
7108,79,Male,No
13491,69,Female,No
19548,53,Female,Yes
15736,58,Male,No
15400,38,Male,No
6151,40,Male,No
12725,18,Male,Yes
17794,22,Female,No
2190,48,Male,No
18765,59,Female,No
19932,26,Male,No
4984,33,Male,No
6080,18,Male,No
14296,61,Male,Yes
1985,39,Male,No
14387,47,Male,No
11216,32,Female,No
16204,71,Female,No
7587,78,Female,No
17811,58,Female,Yes
16976,26,Male,No
16368,55,Male,No
1363,68,Female,No
13839,19,Male,No
18400,45,Female,No
7937,63,Male,No
9010,77,Female,Yes
1941,53,Female,No
18427,18,Male,No
7317,46,Female,Yes
13721,40,Male,No
1652,18,Male,Yes
18131,46,Female,No
7557,42,Male,No
14107,25,Male,No
11861,75,Male,No
17339,39,Male,No
18315,34,Male,No
8131,80,Female,No
13326,74,Male,Yes
2664,78,Female,No
19315,41,Male,No
15172,66,Female,No
16612,26,Female,No
5423,66,Female,No
17864,29,Female,No
2307,62,Male,No
19329,72,Female,No
17667,46,Female,No
7160,42,Male,No
6631,52,Male,Yes
18854,47,Female,No
13084,52,Male,No
14484,45,Female,Yes
6668,40,Female,Yes
16813,71,Female,Yes
8919,66,Female,No
19961,38,Female,Yes
14550,40,Male,No
5090,46,Male,No
4606,48,Male,No
19486,28,Male,Yes
7694,71,Female,No
17645,43,Male,Yes
14945,31,Female,Yes
5887,26,Female,Yes
5327,49,Male,No
19485,47,Female,No
13339,62,Female,No
12065,40,Male,No
17994,29,Male,Yes
15076,42,Male,Yes
6070,54,Female,No
12091,51,Male,Yes
15912,22,Female,No
2697,75,Female,No
13940,46,Female,No
5725,34,Female,Yes
17318,65,Male,No
16940,50,Male,Yes
12533,58,Female,No
18017,71,Male,Yes
19347,37,Female,No
6460,64,Female,Yes
9775,70,Female,No
18727,26,Female,Yes
18033,69,Female,No
7341,33,Male,Yes
14207,56,Male,No
9028,74,Male,No
12614,36,Female,No
8981,61,Female,No
3598,61,Male,No
7050,40,Male,Yes
4583,24,Male,No
13691,27,Male,No
15956,55,Female,No
13928,22,Male,No
16041,26,Male,No
16060,30,Female,Yes
9006,33,Female,Yes
6680,47,Female,No
14967,79,Female,Yes
3702,64,Male,No
8685,24,Female,No
8701,18,Male,No
8715,20,Male,Yes
3729,28,Male,No
11110,61,Female,No
2751,65,Female,No
2018,63,Male,No
1212,79,Female,Yes
5288,22,Male,Yes
7642,39,Male,No
4003,35,Female,No
3522,21,Male,No
1712,61,Male,No
7863,47,Female,Yes
11306,65,Male,No
1401,23,Female,No
15160,24,Female,No
18290,71,Male,No
6722,27,Male,No
13318,25,Male,No
14010,68,Female,No
14661,41,Female,No
13038,29,Male,No
15512,70,Female,No
13384,65,Female,No
8779,54,Female,No
9099,41,Male,Yes
6984,49,Female,Yes
3557,28,Female,No
5931,63,Male,No
8088,64,Male,Yes
2886,22,Male,No
18686,40,Female,Yes
14379,25,Female,No
11206,57,Female,No
3680,24,Female,Yes
16446,60,Female,No
14968,20,Female,Yes
19883,25,Male,No
19098,50,Female,No
15044,25,Male,No
2282,79,Female,No
8441,65,Female,No
2041,49,Female,Yes
15560,43,Female,No
7225,49,Male,No
6404,50,Female,No
12286,75,Male,Yes
17498,71,Male,No
8572,75,Male,No
18872,61,Male,No
2224,21,Female,No
13378,43,Female,No
18061,74,Female,No
7144,50,Male,No
5114,49,Female,Yes
2649,33,Female,No
16255,30,Male,No
17204,24,Female,No
5417,68,Female,No
15767,71,Male,No
19358,29,Female,No
9659,65,Male,Yes
13408,18,Female,Yes
7736,57,Male,No
18929,53,Female,No
12922,70,Female,No
13607,35,Female,Yes
3870,30,Male,No
17943,73,Female,No
8152,45,Male,No
9813,60,Female,No
17661,80,Male,No
6826,31,Male,Yes
17333,64,Female,No
1718,73,Male,No
5429,52,Male,No
12045,47,Male,Yes
4258,46,Male,No
8432,34,Male,Yes
12227,63,Male,No
14913,20,Male,No
2061,53,Male,No
4793,50,Female,No
18967,38,Female,No
13952,53,Male,No
5406,44,Female,No
7031,43,Male,No
17052,72,Male,No
9298,57,Male,No
13364,59,Male,No
17868,73,Male,No
14237,32,Male,No
1592,39,Male,Yes
2036,57,Female,Yes
19908,54,Male,No
13145,70,Male,Yes
3031,67,Female,No
4485,44,Male,No
11778,46,Male,No
18751,22,Male,No
3889,31,Female,No
5661,51,Male,No
18781,74,Female,Yes
7702,57,Male,No
9656,52,Male,No
7795,80,Female,No
1450,23,Male,No
16761,72,Male,No
15668,60,Male,No
9506,52,Female,Yes
3739,74,Female,No
1248,66,Male,No
15420,26,Female,Yes
15504,20,Male,No
1853,58,Male,No
15754,79,Female,No
14749,38,Female,No
15325,33,Male,No
1643,28,Female,No
3325,23,Male,No
16930,53,Female,No
1237,72,Male,Yes
2113,50,Male,No
9535,36,Male,No
18731,66,Female,No
1761,21,Male,Yes
3686,80,Male,No
16946,38,Male,No
4093,78,Female,No
14894,65,Female,No
19838,61,Female,Yes
7529,72,Male,Yes
17200,31,Male,No
11246,48,Female,Yes
12660,19,Female,No
3698,50,Male,No
17271,75,Male,No
8775,72,Female,No
16582,47,Male,No
12034,48,Female,Yes
9585,60,Male,No
1543,60,Male,No
16874,23,Male,Yes
9634,68,Male,No
3911,77,Female,No
19029,62,Male,No
16439,74,Male,No
19379,31,Female,No
6414,56,Female,No
7534,27,Male,No
15472,42,Female,Yes
4278,35,Female,No
6172,49,Female,No
12084,42,Male,Yes
14073,73,Female,Yes
17032,56,Male,Yes
13083,21,Male,No
16180,49,Male,Yes
16226,21,Female,No
9522,57,Male,Yes
5964,20,Female,No
13782,68,Male,No
9149,23,Female,No
11910,18,Female,No
2072,45,Male,No
4126,26,Female,No
18100,38,Female,No
18323,62,Female,No
11147,64,Male,No
5037,71,Female,No
9402,21,Female,No
12476,64,Male,No
6026,18,Female,No
2507,27,Female,No
14767,40,Male,Yes
19601,77,Male,No
1725,77,Female,No
7909,69,Male,No
2042,60,Female,No
17663,35,Male,No
2220,76,Male,No
8825,58,Male,No
11718,30,Male,No
18579,47,Male,No
3705,50,Male,No
3812,68,Male,Yes
15861,20,Male,No
12035,65,Female,No
14315,59,Male,No
3409,28,Male,No
8716,78,Female,No
14570,68,Male,No
18497,31,Female,No
3682,65,Female,Yes
6220,51,Female,No
6419,32,Female,No
17251,40,Female,No
15527,59,Male,No
7861,26,Female,No
18848,76,Female,Yes
7079,47,Female,No
4445,69,Female,No
13878,51,Male,No
13252,71,Female,Yes
2645,79,Male,No
3612,19,Male,No
9957,42,Female,Yes
4664,44,Female,Yes
13124,50,Female,No
7191,35,Female,Yes
7585,43,Female,No
4930,37,Male,No
5489,38,Male,Yes
2537,42,Female,No
12815,24,Female,No
2734,22,Female,No
12216,76,Male,No
18942,67,Female,No
17985,44,Male,No
4995,57,Male,No
16101,24,Female,No
3227,80,Male,No
1970,59,Female,Yes
4582,69,Female,No
15974,51,Female,No
2783,59,Male,No
5384,78,Female,No
11342,29,Female,No
1828,79,Male,No
7507,22,Female,No
12079,67,Male,No
15643,58,Male,No
2092,58,Male,No
3567,63,Male,No
17115,55,Female,No
6164,74,Male,No
5184,48,Male,No
13051,51,Male,No
9980,27,Male,No
3849,70,Female,Yes
6615,70,Female,No
11398,23,Female,Yes
14410,34,Male,No
4392,66,Female,Yes
18505,58,Male,No
8881,53,Female,No
14991,36,Female,No
4814,51,Female,Yes
16245,71,Male,No
9801,60,Female,No
6745,26,Female,Yes
15361,57,Male,Yes
6904,54,Male,No
18800,62,Male,Yes
18534,67,Female,No
3172,46,Male,Yes
11261,59,Male,No
11794,32,Female,Yes
6383,52,Female,No
13601,41,Male,No
15281,52,Female,No
6271,25,Male,No
18410,43,Female,No
7416,30,Male,No
7441,49,Female,No
17059,59,Male,No
14742,31,Female,No
6003,58,Female,Yes
1770,78,Male,No
11496,53,Male,Yes
16955,76,Male,Yes
18160,45,Male,No
16346,73,Female,Yes
16560,58,Female,No
12824,23,Female,No
16973,29,Male,No
19972,29,Male,Yes
14152,54,Female,No
6333,35,Male,No
17996,58,Female,No
3133,48,Female,No
1421,66,Female,No
12148,32,Female,No
14124,63,Female,Yes
7360,80,Female,No
5772,48,Male,No
15266,22,Male,Yes
8562,24,Male,No
19962,27,Female,No
8812,76,Male,No
4527,54,Male,No
3759,72,Female,Yes
14366,65,Male,No
19539,21,Male,Yes
2100,71,Male,No
1170,54,Male,No
6078,18,Male,Yes
12247,57,Male,No
19002,26,Male,No
9686,27,Female,No
19955,56,Male,Yes
4575,37,Female,No
9038,33,Female,No
15806,45,Female,No
4358,30,Female,No
4098,35,Female,No
11287,41,Female,Yes
11912,42,Male,Yes
15862,27,Female,No
19297,32,Male,Yes
8933,24,Male,No
11046,47,Male,No
16975,28,Female,No
3132,35,Male,No
4549,68,Female,No
4305,23,Male,No
19141,57,Female,No
11077,59,Female,No
2094,55,Male,No
16939,76,Female,No
16535,80,Male,No
3301,61,Male,No
12217,53,Female,No
6160,74,Male,No
11440,32,Male,No
3466,51,Male,No
2707,74,Male,No
9556,48,Female,Yes
16577,43,Male,No
17457,37,Female,No
15388,41,Male,No
13711,44,Female,No
13748,53,Male,Yes
19748,57,Female,No
6754,22,Male,No
16891,68,Female,No
17898,33,Female,No
13935,28,Female,Yes
9857,55,Male,No
4953,45,Female,Yes
9512,47,Female,No
2904,69,Female,No
9515,54,Male,No
5608,29,Female,No
14199,31,Male,Yes
7234,27,Female,No
16802,40,Female,Yes
18899,46,Female,No
16437,34,Female,Yes
3379,57,Male,Yes
19236,36,Male,No
2954,46,Female,No
16259,25,Female,Yes
13600,44,Female,No
2567,28,Female,No
9323,52,Male,No
2874,38,Male,Yes
11682,47,Female,No
17391,53,Male,No
6973,35,Female,No
8879,41,Female,No
15961,29,Male,Yes
19730,53,Male,No
13801,26,Female,No
2284,74,Male,No
3899,69,Male,Yes
12732,45,Female,Yes
11254,75,Male,No
3531,28,Female,No
14438,73,Male,No
4751,27,Female,No
6045,37,Male,No
1423,51,Male,No
16697,39,Male,Yes
13876,77,Male,No
13467,21,Female,No
16844,76,Male,No
6079,79,Male,No
9835,76,Male,No
3755,23,Female,No
5589,70,Male,No
5505,29,Female,No
4464,36,Female,Yes
5561,51,Male,No
13526,64,Male,No
13421,50,Female,No
18559,22,Male,No
19221,78,Male,Yes
7126,54,Male,No
4958,33,Male,No
8290,18,Male,No
4259,22,Female,No
3273,58,Female,No
12703,28,Female,No
6107,64,Male,No
7044,20,Female,No
13296,76,Female,No
5897,23,Female,Yes
5923,47,Male,No
16145,64,Female,No
4827,41,Female,No
11081,23,Male,No
3251,28,Female,No
13189,18,Male,No
13313,34,Male,No
9375,36,Female,Yes
19023,79,Male,No
4808,79,Male,No
11193,74,Male,Yes
18961,51,Female,No
16742,66,Female,No
3000,56,Female,Yes
11804,62,Male,No
6288,45,Female,Yes
17321,68,Female,No
19389,35,Male,No
15579,80,Female,No
17359,29,Male,No
15737,62,Male,No
13598,77,Male,No
4611,46,Female,Yes
16380,79,Male,Yes
17434,19,Female,No
14911,72,Female,Yes
8780,44,Female,No
1385,27,Male,No
5239,63,Female,No
18522,44,Male,No
5614,19,Female,No
7085,48,Male,No
7629,35,Male,No
9037,39,Female,Yes
15514,58,Female,No
19534,35,Female,No
12386,38,Female,No
13667,51,Male,No
1057,71,Female,No
18593,70,Male,No
7120,79,Female,No
7798,18,Male,No
9142,58,Male,No
5132,50,Female,No
1911,46,Male,No
19822,72,Female,No
4384,55,Male,Yes
11482,29,Male,No
8202,51,Female,Yes
16958,74,Male,Yes
14724,26,Male,No
2632,18,Female,Yes
8361,80,Male,No
8479,50,Male,Yes
18864,75,Male,Yes
9460,52,Male,No
3764,60,Male,Yes
9068,73,Female,No
12744,24,Female,Yes
13693,65,Female,No
5970,41,Female,No
3224,28,Male,Yes
6035,57,Female,No
6672,70,Female,No
6624,31,Female,No
12693,29,Female,Yes
9198,18,Male,Yes
16413,20,Male,No
13684,58,Female,No
12851,34,Male,No
12939,19,Male,No
5457,20,Female,Yes
17154,37,Male,No
15323,19,Female,No
1566,26,Male,No
17893,20,Male,No
4167,36,Male,No
5676,75,Female,No
15506,52,Female,Yes
7354,42,Male,Yes
13933,70,Female,No
9923,43,Female,Yes
17338,72,Female,Yes
17518,55,Male,Yes
11047,62,Female,No
17997,32,Male,No
4589,24,Female,No
4834,62,Male,No
17912,52,Female,No
11009,22,Male,Yes
4558,25,Male,No
6073,34,Male,No
14234,73,Male,Yes
2310,79,Male,No
11607,18,Male,No
3568,67,Male,No
7430,30,Female,No
16102,18,Female,Yes
2651,40,Male,Yes
11562,46,Female,No
3547,55,Male,No
15603,25,Male,No
16227,32,Female,No
2158,19,Male,No
7903,65,Female,No
3390,64,Male,No
16379,69,Male,Yes
11192,28,Male,No
7800,22,Female,No
15390,76,Male,No
1746,57,Female,No
16391,47,Male,No
11806,74,Male,No
1434,27,Male,No
5289,47,Female,No
2451,46,Male,No
11260,61,Female,No
15330,31,Male,Yes
7899,66,Male,No
1097,19,Male,No
3538,78,Male,No
9645,65,Male,No
1035,32,Female,Yes
7571,56,Female,No
8851,25,Male,No
7699,25,Female,No
15965,55,Female,Yes
6278,35,Female,No
4950,50,Female,No
14023,26,Female,No
2001,36,Male,No
1681,74,Male,No
9338,62,Female,No
8842,27,Female,No
12921,72,Male,No
5640,39,Female,No
16914,44,Male,No
11555,28,Female,Yes
12709,75,Female,No
18879,47,Female,Yes
16843,80,Male,No
6721,78,Male,No
16898,29,Male,No
5841,52,Male,No
4602,37,Male,No
11860,73,Male,No
9179,43,Male,No
15903,56,Male,Yes
11732,54,Female,No
2122,19,Male,Yes
16061,28,Male,No
8944,70,Female,No
15477,27,Female,No
17348,67,Male,No
6431,20,Female,No
13800,26,Male,No
7412,26,Male,No
6766,49,Male,Yes
11714,35,Female,No
11614,21,Male,No
17205,23,Male,Yes
5830,34,Female,No
15255,47,Female,No
1876,54,Female,Yes
6198,65,Female,No
2560,62,Female,No
8219,79,Male,No
5570,70,Male,No
12588,40,Female,No
5490,30,Male,No
18969,31,Male,No
1217,43,Female,Yes
2365,35,Male,No
19881,19,Male,No
8534,55,Female,No
9627,66,Female,No
12559,21,Female,No
15221,42,Female,No
9423,67,Male,No
14651,49,Male,No
19270,49,Female,No
11030,71,Female,Yes
16603,57,Male,No
11365,26,Male,No
8850,69,Male,Yes
2487,19,Male,No
8398,65,Female,No
17513,31,Male,No
1062,62,Male,No
14904,37,Male,No
15273,44,Male,No
8592,21,Male,No
19183,55,Female,No
14475,76,Female,Yes
7948,79,Female,Yes
1706,79,Male,No
1465,54,Female,No
8111,43,Female,No
11377,24,Male,No
15567,23,Female,Yes
13489,39,Male,No
19138,50,Female,Yes
2262,29,Female,No
1634,21,Female,No
4339,27,Female,No
13505,55,Male,No
2902,20,Female,No
19498,48,Male,No
4041,75,Female,No
16314,46,Male,No
14351,22,Female,No
1321,28,Male,No
4978,44,Female,No
3513,74,Male,Yes
3967,52,Female,No
3608,64,Female,No
19845,39,Female,No
13120,78,Male,No
19870,23,Male,No
12495,79,Female,No
17099,71,Female,No
6823,31,Female,No
19220,18,Female,No
7928,38,Female,No
11157,42,Female,No
9449,62,Female,No
1127,80,Male,No
18056,23,Female,No
19376,63,Male,No
7953,30,Female,No
12630,46,Male,No
15336,67,Male,No
12194,37,Female,No
8750,23,Female,No
19189,51,Female,Yes
3794,61,Male,No
12489,26,Male,No
2372,47,Male,Yes
16932,31,Male,No
3892,73,Female,No
3747,73,Female,No
11928,34,Male,No
2529,20,Male,No
15106,77,Female,No
16829,50,Female,No
3672,51,Male,No
13493,79,Male,No
1091,22,Male,Yes
9275,38,Female,No
4909,46,Male,No
6547,52,Male,No
6593,31,Male,Yes
12713,57,Male,No
12051,24,Female,Yes
17412,54,Male,No
6210,61,Female,No
11343,76,Male,Yes
18379,38,Male,Yes
11004,61,Female,No
9114,57,Female,No
12741,37,Female,No
12869,70,Female,Yes
17085,27,Male,No
9221,58,Male,No
17492,42,Female,No
5601,51,Male,No
13794,29,Male,No
13100,62,Female,No
4133,59,Male,No
12319,42,Female,No
19578,38,Male,No
15635,50,Female,No
3622,31,Male,Yes
3014,67,Male,No
3960,34,Female,No
18035,48,Male,No
9133,21,Male,No
12159,66,Female,No
15465,23,Male,No
16064,50,Female,No
17291,39,Female,No
2776,80,Male,No
11691,18,Male,No
12187,26,Female,No
7093,47,Female,No
5028,25,Male,No
17229,72,Female,Yes
17925,19,Male,No
13372,75,Male,No
17817,40,Male,No
16154,40,Female,No
14427,75,Male,No
17276,60,Male,No
17000,59,Female,No
15211,69,Male,No
13651,42,Female,No
13150,30,Female,Yes
17980,68,Female,No
13136,67,Female,No
17447,71,Male,No
17885,53,Male,No
17694,70,Female,No
18743,32,Male,Yes
17676,77,Female,No
19658,30,Female,No
14608,63,Male,No
14242,50,Male,No
17891,63,Female,No
14595,67,Male,No
7943,20,Male,No
4959,28,Male,Yes
4885,48,Male,Yes
7942,73,Female,No
1288,32,Female,Yes
9623,75,Female,Yes
8876,25,Female,No
11439,54,Male,No
12500,68,Male,No
11182,59,Female,No
7589,48,Male,No
6990,36,Male,No
3518,37,Male,No
11690,73,Female,No
1869,51,Male,No
5568,51,Female,Yes
2803,46,Female,No
6266,56,Female,No
6447,47,Female,Yes
1021,71,Female,Yes
9676,63,Male,No
15939,69,Male,No
15550,79,Male,No
6918,62,Male,No
18729,46,Female,Yes
15131,37,Male,No
15043,76,Male,No
14344,32,Male,No
19160,59,Female,Yes
15691,41,Male,Yes
19350,34,Female,No
9311,45,Male,No
5515,68,Male,No
11798,37,Male,Yes
14324,37,Male,No
2232,19,Female,No
16615,18,Male,Yes
16570,74,Male,No
14091,31,Female,No
6358,70,Female,Yes
17720,53,Female,No
1449,40,Female,No
11977,35,Female,No
2926,44,Male,No
8346,80,Female,Yes
4636,24,Male,No
14544,31,Female,No
16600,25,Male,Yes
13030,53,Male,No
18301,67,Male,No
5585,77,Female,No
5575,57,Female,No
3359,18,Male,Yes
12081,68,Male,No
14627,65,Female,No
4725,66,Male,Yes
5507,40,Male,Yes
7291,79,Female,No
17631,21,Female,No
17565,50,Male,No
5531,78,Female,No
15404,65,Female,No
18531,19,Female,No
13446,20,Female,Yes
14415,28,Female,No
13305,22,Female,No
3162,34,Female,No
4123,74,Male,No
9765,43,Male,No
6999,38,Male,Yes
19488,74,Male,No
14952,30,Male,No
19586,70,Female,No
3701,29,Female,No
14912,26,Male,No
1013,42,Female,No
16847,71,Female,No
16234,62,Male,Yes
16696,40,Male,No
16261,34,Female,No
6075,22,Male,No
19662,72,Male,No
3505,57,Female,No
13523,66,Male,No
6749,73,Male,Yes
4826,29,Male,Yes
11469,28,Male,No
11134,80,Female,Yes
13107,64,Female,No
6206,76,Male,No
7837,52,Male,Yes
18934,62,Female,No
2810,63,Female,No
8820,74,Male,No
18445,33,Male,No
3082,57,Female,No
13812,77,Female,No
4341,48,Male,Yes
16144,52,Male,No
14656,20,Male,No
12402,73,Male,No
11958,61,Male,No
13851,66,Male,No
2802,72,Female,No
15244,32,Male,No
16540,34,Male,No
16723,51,Female,No
2369,27,Female,No
9450,19,Male,No
5562,77,Female,No
1962,50,Female,Yes
5606,33,Female,No
2115,31,Male,No
9225,78,Male,No
9385,64,Male,No
8544,33,Female,No
13315,51,Female,No
9661,31,Male,No
1254,47,Female,No
6438,61,Female,No
8476,78,Male,No
13307,57,Male,No
7286,31,Female,No
6505,66,Female,Yes
13629,38,Male,No
19956,29,Female,No
12295,78,Male,No
12070,56,Male,No
13300,50,Female,No
1150,21,Male,No
6445,48,Female,No
2240,29,Female,No
7431,67,Female,No
4081,26,Female,No
11189,50,Female,No
17404,46,Male,Yes
16485,61,Male,Yes
8367,65,Male,Yes
6110,57,Female,No
1663,60,Female,No
9349,61,Female,Yes
12405,46,Female,No
16673,75,Male,Yes
15258,49,Male,No
12571,70,Male,No
17021,63,Female,No
17014,80,Male,No
7830,21,Female,Yes
8376,30,Male,No
4090,71,Female,Yes
9696,51,Female,No
9975,31,Female,Yes
16170,72,Male,No
6250,30,Male,Yes
16039,68,Female,No
6886,23,Female,No
11553,27,Male,No
7097,72,Male,No
5465,52,Female,Yes
17068,33,Female,No
7724,79,Male,No
4912,72,Female,No
8031,63,Male,No
15132,37,Male,No
9997,30,Male,No
7433,30,Female,No
12105,60,Female,No
8790,21,Female,Yes
1388,34,Male,No
8804,65,Male,No
18885,33,Female,No
9796,20,Male,No
2154,43,Female,No
14377,51,Male,No
14218,39,Female,No
2408,67,Male,No
18310,67,Male,No
2710,69,Female,No
2892,55,Male,No
14041,36,Female,No
1180,41,Female,No
14011,22,Female,Yes
8990,21,Female,No
9146,70,Female,No
15092,68,Female,Yes
5492,78,Female,No
9264,26,Male,No
11092,55,Male,No
13923,24,Male,No
8013,46,Female,No
7991,75,Female,No
4884,41,Female,Yes
18855,43,Female,No
11152,56,Female,No
9715,32,Male,No
12232,76,Female,No
16384,24,Female,No
19558,69,Female,No
2103,41,Male,Yes
11620,66,Female,Yes
16853,71,Female,Yes
14596,37,Female,No
6600,80,Male,Yes
16021,65,Female,No
15333,71,Male,No
2726,76,Male,No
1276,30,Male,No
2795,75,Male,Yes
16377,52,Male,Yes
9285,74,Male,No
4944,64,Male,No
5410,21,Male,No
14297,58,Male,Yes
17013,50,Female,Yes
12568,21,Male,No
7478,34,Female,No
5124,38,Male,No
5098,52,Male,No
19453,79,Male,Yes
7739,54,Female,Yes
5845,42,Female,No
1755,37,Female,No
1735,44,Male,No
6582,27,Female,No
12018,58,Male,No
12022,45,Male,No
8661,63,Male,No
4260,50,Male,Yes
4389,27,Female,No
18238,39,Male,No
4159,74,Male,Yes
17881,44,Male,No
3433,72,Male,No
15443,43,Male,No
9464,44,Female,No
15828,57,Female,No
18095,21,Female,No
5930,35,Male,No
13668,59,Female,No
3868,48,Male,No
9543,34,Female,No
8635,67,Male,No
3987,51,Female,No
12686,55,Male,No
15907,70,Male,No
9834,57,Female,No
5188,70,Male,No
3984,74,Male,No
11305,56,Female,Yes
12702,78,Male,No
2003,77,Male,No
13829,32,Female,Yes
14714,70,Male,No
17469,32,Male,No
13367,79,Female,No
4776,60,Female,No
19861,74,Female,No
11066,47,Male,No
13226,58,Male,No
8016,21,Male,No
13894,54,Male,No
6401,68,Female,Yes
2989,36,Male,No
11033,78,Female,Yes
7472,50,Female,Yes
17938,76,Male,Yes
19106,79,Female,No
14114,48,Male,No
14955,45,Female,No
3351,73,Male,Yes
18475,64,Male,No
18709,28,Male,No
15757,18,Female,No
6178,77,Male,Yes
18213,68,Male,No
1272,27,Female,No
16410,40,Male,No
14125,39,Female,Yes
13589,63,Male,No
6194,32,Male,No
19733,35,Female,Yes
13015,18,Female,No
1486,49,Female,Yes
1642,28,Female,No
3512,51,Male,Yes
3475,62,Female,No
9456,80,Female,No
12463,58,Male,No
3158,22,Female,No
4854,24,Male,No
13380,45,Male,No
13805,70,Female,No
18902,22,Female,No
2403,72,Female,No
4924,64,Female,No
8116,73,Male,No
2411,46,Female,No
17297,61,Male,No
18665,51,Female,Yes
15265,24,Male,No
15615,58,Female,No
17653,62,Female,No
11518,75,Male,No
12872,38,Female,No
6991,41,Male,No
3056,36,Male,No
19626,66,Female,Yes
1635,60,Female,No
13407,77,Female,No
1641,63,Male,Yes
17643,66,Female,No
18135,28,Female,No
2888,35,Male,No
17700,80,Female,No
16404,54,Female,No
17696,75,Male,No
14629,38,Female,No
7905,35,Female,Yes
14705,66,Female,No
6811,74,Female,No
18229,57,Male,No
3103,37,Female,Yes
3991,68,Female,No
13880,35,Male,Yes
19050,29,Male,No
1903,44,Female,No
2187,41,Male,No
7385,44,Male,No
3314,37,Female,No
3427,39,Male,No
17185,38,Female,No
8215,63,Female,No
16724,75,Female,No
11634,62,Female,No
3397,28,Male,No
8691,29,Male,No
11039,22,Male,No
8604,25,Male,No
4272,34,Female,No
1365,54,Female,No
1836,33,Male,No
13648,39,Male,Yes
5542,18,Female,No
12188,64,Female,Yes
4660,61,Female,Yes
6635,21,Female,Yes
15649,18,Female,No
13611,24,Female,Yes
5307,54,Female,No
11662,18,Male,Yes
14675,75,Female,No
11582,58,Male,No
5060,23,Female,Yes
9854,39,Female,No
8987,36,Male,No
16718,37,Female,No
12493,35,Female,No
3469,68,Male,Yes
3891,22,Male,No
13507,74,Male,Yes
12781,42,Female,No
8309,80,Female,No
19653,39,Female,No
13920,28,Female,No
7183,55,Male,No
9387,80,Male,No
14482,32,Male,No
8581,27,Female,Yes
15425,75,Female,No
15243,25,Male,No
8160,31,Male,No
7145,52,Female,No
8475,53,Female,Yes
15339,28,Female,No
17821,64,Female,No
17577,56,Female,No
6157,20,Male,No
13155,50,Male,No
19561,52,Female,No
6068,79,Female,No
5712,43,Male,Yes
2356,24,Female,No
4155,29,Female,No
18632,35,Male,Yes
1524,22,Female,No
1223,53,Male,No
6247,22,Male,No
5248,19,Male,No
17575,31,Male,No
11735,49,Male,No
4779,54,Male,No
3256,69,Female,No
19799,32,Female,No
14491,54,Female,No
17120,69,Female,No
4967,44,Female,No
11738,74,Female,No
4089,65,Male,No
2441,44,Female,No
3096,36,Male,No
3405,80,Female,No
17049,45,Male,No
12258,77,Female,No
8835,69,Male,No
7749,76,Female,Yes
5211,53,Male,No
13182,31,Female,No
19172,59,Female,No
19661,54,Female,No
16436,67,Female,No
6787,25,Female,No
4424,49,Male,No
15194,48,Female,No
6665,19,Male,No
6279,24,Female,Yes
11403,23,Male,No
17652,48,Female,Yes
6633,77,Female,No
4828,24,Male,No
19507,59,Female,No
1910,51,Male,Yes
13557,64,Male,No
1823,53,Male,Yes
4356,53,Female,Yes
12039,65,Male,No
2102,67,Female,No
14244,61,Female,No
5195,66,Male,Yes
17806,35,Male,No
4873,75,Male,No
4639,55,Male,No
15027,30,Male,Yes
7733,22,Female,No
13255,77,Male,No
17443,27,Male,No
5009,51,Male,No
11801,52,Female,No
2339,26,Female,Yes
6806,56,Female,No
14655,48,Female,No
2748,61,Female,No
15999,29,Female,No
15739,27,Female,No
6907,32,Male,No
15942,35,Male,No
9104,30,Female,No
19312,70,Male,No
1117,34,Female,No
14795,58,Female,No
14141,25,Female,No
5391,24,Female,Yes
1294,56,Male,No
5353,51,Male,No
6622,78,Female,No
1043,76,Male,No
1873,66,Female,No
1690,45,Male,No
8073,78,Male,No
2144,79,Male,No
14783,71,Male,Yes
13204,40,Male,Yes
8455,38,Female,No
3561,43,Female,No
3244,60,Male,No
13845,38,Female,No
13061,45,Male,No
3896,73,Female,No
8845,43,Male,No
18986,78,Female,No
12914,44,Male,No
13734,63,Male,No
5734,63,Male,No
15314,44,Male,No
6669,54,Male,No
7929,43,Female,No
5471,49,Female,No
11946,25,Male,No
7048,48,Female,Yes
15817,51,Female,No
13746,70,Male,No
16303,29,Female,No
15563,61,Female,No
8422,62,Male,No
17207,61,Female,Yes
18922,32,Female,No
5921,33,Female,No
18404,76,Male,No
14245,44,Male,Yes
8895,29,Male,No
18779,25,Female,Yes
18708,39,Male,No
4560,69,Female,No
15853,79,Female,No
11220,72,Male,No
13546,71,Female,No
14166,32,Female,No
9066,45,Male,No
18136,66,Male,No
6709,61,Male,No
15053,30,Male,No
12572,74,Male,No
1329,65,Female,No
13660,28,Male,No
4757,66,Male,No
4678,21,Male,No
4113,19,Male,No
2591,44,Male,Yes
18049,63,Male,No
3975,59,Male,Yes
11031,39,Female,No
7392,34,Male,Yes
12912,46,Female,No
15432,76,Female,No
14293,22,Male,No
12128,37,Female,No
12938,80,Male,No
19515,78,Female,No
8100,28,Male,Yes
16062,52,Male,No
9112,43,Male,No
18157,45,Male,No
14597,18,Male,No
11095,30,Female,No
4366,67,Female,Yes
5448,74,Male,No
9966,20,Male,No
14134,24,Male,Yes
17908,77,Female,No
9752,39,Female,No
5403,70,Male,No
16486,73,Female,No
7423,64,Female,No
13977,60,Male,No
13973,49,Female,No
15313,46,Female,Yes
2012,73,Female,Yes
3048,40,Female,No
9767,74,Male,No
15829,45,Female,No
11481,59,Male,No
14051,28,Male,No
11361,64,Female,Yes
6259,49,Male,No
6248,29,Male,No
12712,33,Male,No
15937,80,Male,No
16658,18,Female,Yes
2116,65,Female,No
11544,49,Male,No
12548,48,Male,No
4240,30,Female,No
17104,43,Female,No
14844,45,Male,No
8506,65,Male,No
17176,67,Female,No
17924,44,Female,No
8703,27,Female,No
8200,63,Female,Yes
4440,77,Female,No
4697,30,Female,No
7292,30,Female,Yes
15687,29,Female,No
11638,54,Female,No
11679,26,Female,No
5842,33,Male,No
14577,44,Male,Yes
7994,47,Male,No
19841,57,Female,No
1351,34,Male,Yes
16822,18,Male,No
7232,18,Male,No
8066,39,Male,No
17294,28,Female,No
5325,52,Male,No
19303,49,Male,No
7660,66,Male,No
2787,49,Male,No
4966,54,Female,Yes
13564,61,Female,Yes
13710,42,Male,No
13678,57,Female,No
11290,37,Male,No
12269,68,Female,No
8062,54,Male,Yes
4203,21,Female,No
13771,45,Male,No
17497,50,Male,No
11228,48,Female,No
1958,29,Female,No
6566,27,Male,No
17195,78,Male,No
8006,39,Male,No
7151,45,Male,No
5121,18,Male,No
18360,78,Male,No
6042,65,Male,No
7175,48,Male,Yes
13789,79,Male,Yes
7920,24,Male,No
8619,79,Female,Yes
7211,77,Female,No
9371,68,Male,No
19970,62,Male,No
9395,35,Female,No
9273,55,Male,No
13403,18,Male,Yes
3597,26,Male,No
13475,46,Male,No
4348,50,Male,No
18728,59,Male,No
3633,40,Female,No
16730,26,Female,No
16057,30,Male,No
8105,39,Male,No
5480,53,Male,Yes
6596,57,Male,No
9668,40,Male,No
12056,75,Female,Yes
8453,31,Male,No
9091,27,Female,No
18071,44,Female,No
3952,44,Male,No
18065,78,Female,No
4261,69,Female,No
9839,30,Female,No
1790,65,Male,No
5905,49,Male,No
8832,80,Male,No
9406,20,Female,No
12310,56,Female,No
13886,73,Male,No
11566,58,Male,Yes
5791,74,Male,No
12829,22,Male,No
19834,62,Male,No
11577,46,Female,No
14522,59,Male,Yes
15521,34,Male,No
16647,22,Male,No
1982,41,Female,No
18604,60,Female,No
2203,77,Male,No
7783,27,Male,No
3307,61,Female,No
16090,64,Female,No
15181,71,Male,No
11344,32,Male,No
7483,34,Female,No
15833,71,Male,No
4960,67,Female,No
13169,54,Female,No
19738,80,Female,No
16302,65,Male,No
3610,26,Female,No
3029,39,Male,No
3609,48,Male,No
1030,69,Male,No
8998,40,Female,No
6945,57,Female,No
13644,42,Male,No
1830,47,Male,Yes
6857,28,Female,No
4312,44,Female,No
5183,31,Male,No
14937,42,Male,No
12935,21,Male,Yes
15623,79,Female,No
9938,65,Female,No
5422,45,Male,No
4838,61,Male,No
1676,44,Male,No
14828,30,Male,No
15269,57,Male,No
12496,58,Male,No
15943,46,Male,Yes
7608,52,Female,Yes
17525,71,Female,No
7235,37,Female,No
1819,48,Male,No
1433,43,Male,No
13348,22,Male,No
4624,29,Female,No
16052,59,Male,No
12820,18,Male,Yes
16954,28,Male,Yes
5494,72,Female,No
5694,38,Male,No
17865,48,Male,No
11225,19,Female,No
1144,42,Male,No
14206,51,Male,Yes
17433,63,Female,Yes
7543,26,Female,No
8698,60,Female,No
8524,31,Male,No
11325,27,Male,Yes
16557,31,Male,Yes
6283,67,Male,No
7926,52,Male,No
12312,48,Male,No
18816,46,Female,Yes
4872,80,Male,No
3032,52,Male,No
9039,20,Male,Yes
7057,36,Male,Yes
4435,39,Female,Yes
11449,61,Male,No
1120,40,Female,No
15636,33,Female,No
2781,79,Female,No
4388,19,Male,No
3720,46,Female,Yes
8425,19,Female,No
15673,75,Female,No
1536,75,Female,Yes
18465,36,Male,No
19631,77,Female,No
11088,40,Female,No
8046,35,Female,No
7641,45,Male,No
8609,73,Female,No
11992,71,Female,No
6146,67,Female,No
15805,66,Male,Yes
18725,50,Male,No
19667,48,Female,No
9660,44,Female,No
7266,21,Female,No
1354,21,Male,No
13295,49,Male,No
12587,69,Male,No
14687,64,Female,Yes
12682,58,Female,Yes
12819,73,Female,Yes
5800,37,Male,No
9339,79,Female,No
8010,28,Female,Yes
12717,69,Female,No
2123,66,Male,No
3756,47,Male,No
11180,28,Female,No
4054,58,Female,Yes
1837,49,Male,No
1807,36,Male,No
17831,24,Male,No
17689,65,Male,No
6954,58,Male,No
19048,73,Female,No
12509,29,Male,No
15074,23,Female,No
19600,23,Female,Yes
6088,44,Male,No
6808,34,Male,No
9367,51,Female,Yes
15324,19,Female,Yes
9598,79,Female,Yes
12882,24,Male,No
3394,73,Male,Yes
5317,22,Female,No
7037,35,Female,No
7885,49,Male,No
17178,64,Female,Yes
5197,75,Male,No
13388,75,Male,No
19777,70,Female,No
18680,42,Male,Yes
14214,36,Male,No
17613,65,Male,No
17005,46,Female,No
4377,62,Male,Yes
11957,67,Female,No
19736,76,Male,No
5102,54,Female,No
4344,70,Female,No
1784,39,Female,Yes
9336,72,Male,No
12474,40,Male,Yes
13218,54,Female,Yes
1918,19,Male,No
2178,76,Female,No
17073,56,Male,No
18978,70,Female,No
6400,35,Male,No
13529,32,Female,No
17741,62,Female,No
9024,56,Female,No
12094,36,Male,Yes
15496,40,Male,No
6324,56,Female,Yes
14425,79,Female,No
14405,73,Male,Yes
17455,59,Female,Yes
18377,36,Male,No
11673,26,Male,No
11694,60,Female,No
1981,78,Female,No
13192,28,Male,No
9521,45,Female,No
9124,79,Female,No
6626,37,Male,No
1232,22,Male,Yes
14853,69,Male,No
12086,40,Male,No
11502,24,Male,Yes
5792,26,Female,Yes
15321,62,Female,No
19043,19,Female,No
13265,34,Female,No
14939,57,Female,No
18164,39,Male,No
8772,23,Male,Yes
4534,38,Male,No
9671,50,Female,Yes
2140,80,Female,No
7710,31,Male,No
4818,46,Female,Yes
3135,63,Male,No
5408,19,Male,No
16213,54,Female,No
17520,59,Male,No
2672,63,Female,No
1851,73,Male,No
17987,58,Female,Yes
7279,32,Male,Yes
1760,34,Female,Yes
4075,69,Female,No
11082,45,Male,Yes
19764,50,Male,No
6256,53,Female,No
17804,39,Male,No
12720,48,Female,No
3887,66,Female,No
13577,60,Male,No
13849,43,Male,No
18776,60,Female,No
5378,79,Male,No
19757,35,Female,No
11456,72,Female,Yes
2481,42,Female,Yes
4716,43,Male,Yes
15060,34,Male,No
19392,20,Female,No
7637,45,Male,No
1436,43,Female,No
7060,76,Female,Yes
7006,62,Male,No
6449,75,Female,No
5006,71,Male,No
15018,58,Female,Yes
13343,49,Male,No
15213,67,Female,Yes
3919,62,Female,No
9190,74,Male,No
3043,66,Male,Yes
19390,46,Female,No
8478,61,Male,No
4657,46,Male,No
8577,48,Female,No
1576,78,Male,No
2728,52,Female,No
6258,44,Male,Yes
13681,55,Female,No
16935,24,Male,No
6019,63,Female,No
6495,50,Female,No
1456,69,Male,No
6515,49,Female,No
6496,27,Male,No
2157,38,Female,No
2893,39,Male,No
3381,23,Female,No
14560,20,Female,No
8217,24,Female,No
9567,31,Female,No
4225,64,Female,No
1481,20,Male,No
8239,49,Male,Yes
4302,57,Male,No
3297,21,Male,No
12942,28,Female,No
3147,67,Female,Yes
14790,76,Male,No
14527,55,Female,No
15960,60,Female,No
2484,56,Female,No
17214,72,Male,No
15409,31,Female,Yes
5745,67,Female,No
9305,72,Female,Yes
18340,67,Male,No
5377,65,Male,No
18154,71,Female,No
12012,46,Male,Yes
17599,22,Male,No
2334,20,Male,No
18197,34,Female,No
1661,19,Female,No
18021,76,Female,No
16094,34,Male,Yes
7609,66,Female,No
19874,18,Female,No
18051,57,Female,No
19758,34,Female,No
19080,71,Female,No
18661,33,Male,No
18275,36,Female,No
14187,66,Female,No
6837,28,Male,No
8281,58,Male,No
3264,19,Male,No
12284,23,Male,No
11750,76,Female,No
17134,18,Female,No
2126,54,Female,No
9566,40,Male,Yes
17972,57,Male,No
5071,31,Male,No
16243,45,Female,Yes
2873,47,Male,No
9274,25,Male,No
15698,21,Female,No
3448,30,Female,No
1404,55,Female,No
14431,25,Female,No
7638,74,Male,No
11530,68,Female,Yes
18586,35,Female,Yes
9070,28,Male,No
9036,62,Female,No
6950,28,Female,Yes
8014,18,Female,Yes
13106,71,Male,No
9294,70,Male,Yes
5714,74,Male,Yes
5388,58,Female,Yes
14552,18,Female,Yes
19648,47,Male,Yes
13492,52,Male,No
2568,52,Female,No
1927,48,Male,No
17444,59,Male,No
1879,53,Male,No
5544,55,Female,Yes
19579,79,Female,Yes
13806,59,Male,No
13759,41,Female,Yes
9602,80,Female,No
4862,62,Female,No
15827,77,Female,No
2163,19,Female,No
13140,77,Male,Yes
17815,33,Male,No
18232,30,Female,No
14031,74,Female,Yes
18346,47,Male,Yes
8500,23,Male,No
6359,55,Male,No
11442,53,Female,Yes
11218,53,Male,No
4897,20,Male,Yes
3213,56,Male,No
8837,69,Female,No
3412,23,Female,No
9870,36,Male,Yes
5152,58,Female,Yes
8048,55,Female,Yes
16756,52,Female,No
6038,58,Male,No
7659,45,Male,No
18741,22,Female,Yes
9712,19,Male,No
12798,50,Male,Yes
2516,77,Female,No
16809,32,Female,No
12104,76,Female,No
3599,48,Female,No
6089,39,Male,No
8164,69,Female,No
19053,40,Female,No
9864,32,Female,No
4322,34,Female,No
9282,21,Female,No
19654,52,Female,No
19514,31,Female,Yes
7912,33,Male,No
4851,54,Male,No
15800,70,Female,Yes
19210,64,Female,No
8146,70,Male,Yes
12919,59,Male,Yes
2350,55,Female,No
15571,65,Male,No
4942,61,Female,Yes
16142,28,Male,No
11944,18,Female,No
1427,71,Male,No
17567,74,Male,No
17570,61,Female,Yes
16233,23,Female,No
7881,56,Female,No
6976,65,Female,Yes
19958,79,Female,Yes
5411,42,Male,No
8246,72,Male,No
12298,25,Male,Yes
16310,42,Female,No
18432,31,Male,Yes
3374,72,Male,No
13599,41,Male,No
19403,66,Female,No
9417,27,Male,No
9917,39,Male,No
16444,33,Female,No
4285,59,Female,Yes
1253,58,Female,No
9912,41,Female,No
19424,25,Male,No
3343,62,Male,No
7131,49,Female,Yes
15087,21,Male,Yes
7484,71,Female,No
3660,30,Male,No
6097,37,Male,No
2242,76,Female,No
4871,56,Male,No
9503,67,Male,Yes
16841,52,Male,No
12936,48,Female,Yes
2281,74,Male,Yes
19440,21,Male,Yes
16983,46,Male,No
2295,42,Male,No
5918,63,Male,No
15822,56,Male,No
15143,37,Male,Yes
5834,19,Male,No
4164,48,Male,No
16084,56,Male,No
3941,64,Male,No
6008,54,Male,No
2125,44,Male,No
16918,67,Male,No
16641,70,Male,Yes
13086,49,Female,No
14702,53,Male,No
1591,24,Female,No
19361,56,Male,Yes
19100,51,Male,No
17722,63,Female,No
13487,21,Male,No
2811,36,Female,Yes
16482,42,Female,No
17918,71,Male,Yes
12177,29,Male,No
11250,32,Female,No
11864,33,Male,Yes
2457,72,Female,No
13451,57,Male,No
19679,30,Female,No
9008,43,Male,No
16279,64,Female,Yes
6103,46,Male,Yes
5202,26,Male,No
9637,70,Female,No
15647,74,Male,No
3094,49,Male,No
3767,60,Male,No
1847,25,Male,Yes
1540,36,Female,No
5262,66,Female,No
2375,33,Male,Yes
5520,29,Female,Yes
12200,21,Male,Yes
4890,76,Female,No
4512,50,Male,No
6102,43,Male,No
15657,53,Male,No
16686,75,Male,No
4417,46,Male,No
5663,30,Male,No
12048,48,Female,Yes
5794,21,Male,Yes
3100,42,Male,No
13046,23,Male,No
18660,24,Female,Yes
12855,63,Female,No
2741,55,Female,Yes
14622,30,Female,No
8586,40,Female,No
11879,80,Female,No
6567,51,Female,No
2324,44,Male,No
11177,44,Male,No
2121,40,Female,No
19755,71,Male,No
13302,22,Male,No
17479,38,Male,No
6289,41,Male,No
14954,78,Female,No
14777,48,Male,No
6738,53,Male,No
19753,66,Female,Yes
15180,41,Male,No
6033,47,Female,Yes
17625,29,Female,No
19455,53,Male,Yes
17958,80,Female,No
13892,21,Female,Yes
4242,74,Male,No
19131,41,Male,No
15688,56,Male,No
12961,36,Female,No
5556,73,Female,No
13289,44,Male,No
11647,43,Female,Yes
4599,65,Male,No
16861,36,Female,Yes
15985,24,Male,No
15008,69,Male,No
13895,62,Male,No
19663,30,Female,Yes
9361,75,Male,No
16188,43,Female,No
18147,80,Female,No
16002,26,Male,No
9022,48,Male,No
5041,73,Female,Yes
2921,39,Female,Yes
18951,31,Male,No
2492,21,Male,Yes
15876,79,Female,No
5047,31,Female,No
16324,53,Female,No
14889,33,Female,No
19686,27,Male,No
5493,42,Female,Yes
9116,63,Female,No
17727,47,Male,No
17323,70,Female,No
8721,37,Female,No
8726,28,Male,No
8729,39,Female,No
12029,35,Male,Yes
12677,66,Female,Yes
9911,57,Female,No
5111,64,Male,No
8231,65,Male,Yes
11741,26,Male,No
12845,62,Female,No
5221,80,Male,No
1227,23,Female,No
3605,45,Female,No
12219,64,Male,Yes
8275,74,Female,No
17370,68,Male,No
2252,55,Female,No
1152,45,Female,No
4279,73,Female,No
19530,72,Male,No
5170,80,Male,No
1795,19,Male,No
15706,19,Male,Yes
5658,51,Male,No
9490,73,Male,No
9487,55,Female,No
5400,40,Male,No
7952,44,Female,No
5230,39,Male,No
11666,45,Male,No
18394,27,Female,No
12736,68,Male,No
7734,48,Female,No
4034,51,Female,No
6451,34,Male,No
8508,29,Male,Yes
6135,37,Female,No
17283,51,Female,No
3813,45,Female,Yes
15995,44,Male,No
15376,52,Female,Yes
8412,25,Male,No
2234,33,Male,Yes
19007,71,Female,No
4631,47,Female,Yes
17829,74,Female,Yes
7890,38,Female,No
3691,65,Female,No
16306,20,Female,No
9764,58,Female,Yes
18891,48,Male,Yes
6776,42,Female,Yes
18368,76,Male,Yes
2831,44,Male,Yes
15453,39,Male,No
18889,50,Male,No
13866,18,Female,No
7975,70,Female,Yes
1579,67,Male,Yes
1553,54,Female,No
13863,32,Female,Yes
13141,67,Female,No
14676,23,Female,No
18092,55,Male,No
13238,66,Female,No
7078,48,Female,No
18556,42,Female,Yes
2709,69,Male,No
7570,53,Male,Yes
7674,48,Male,Yes
7199,40,Female,No
15794,72,Female,Yes
7791,36,Female,No
7663,57,Female,No
16449,31,Male,No
6032,61,Female,No
14111,70,Male,No
11336,65,Female,No
5732,66,Male,No
8637,43,Female,Yes
4792,74,Female,No
5277,65,Male,No
13500,34,Male,Yes
19242,43,Male,No
12599,23,Female,No
19668,19,Female,No
4913,33,Female,Yes
17286,70,Female,No
19482,61,Male,No
5018,79,Male,No
3501,61,Male,Yes
8803,30,Female,No
11100,37,Male,Yes
4197,58,Male,No
19594,25,Male,No
16684,78,Male,No
4484,52,Female,No
16545,27,Female,No
17849,30,Female,No
7283,38,Male,No
16608,43,Female,No
4111,49,Male,No
7189,58,Male,No
5666,37,Male,No
17736,71,Male,No
5611,41,Male,No
4541,51,Female,No
2499,36,Female,No
14369,66,Male,No
9546,58,Female,No
15552,75,Female,No
1185,49,Male,No
6841,60,Female,No
2500,71,Male,Yes
8028,29,Female,Yes
13787,60,Female,No
7854,51,Female,No
4870,57,Female,No
12265,38,Female,No
3415,21,Female,No
15928,71,Female,Yes
8857,52,Female,Yes
16993,76,Female,Yes
9802,19,Female,No
13053,73,Female,No
14241,36,Female,No
7388,33,Male,Yes
19925,67,Male,No
11200,44,Male,Yes
13701,49,Female,No
9229,63,Male,No
15721,63,Male,Yes
3074,80,Male,No
17249,35,Male,No
11674,46,Female,No
17334,51,Male,No
1409,42,Male,No
4682,40,Female,No
16725,78,Female,No
11927,75,Female,No
11971,73,Male,No
4859,49,Female,No
14457,34,Male,Yes
13432,63,Male,Yes
3913,30,Female,No
12609,43,Male,No
11405,32,Female,Yes
11395,36,Female,No
8368,54,Male,No
15002,22,Female,No
15384,71,Male,No
15147,21,Female,No
18300,68,Male,Yes
15171,47,Male,No
3539,72,Male,No
9960,51,Female,No
12059,80,Male,No
16534,50,Male,No
5942,62,Female,Yes
14771,29,Female,No
6017,40,Female,Yes
11354,29,Female,No
16195,53,Male,No
4173,26,Female,Yes
13357,25,Female,No
4303,39,Male,No
11300,23,Female,Yes
13210,38,Male,No
8363,55,Male,No
3326,22,Male,No
15948,69,Female,No
18371,73,Female,No
9654,59,Female,No
15891,75,Male,No
6805,32,Male,No
1715,76,Male,No
6417,55,Male,No
1382,62,Male,No
12773,23,Male,No
16343,66,Female,No
3895,53,Male,No
16304,75,Female,No
11462,80,Female,No
9168,79,Female,Yes
9033,71,Male,Yes
3995,77,Male,No
4866,56,Female,No
7494,80,Male,Yes
2964,66,Male,No
12229,30,Male,No
5426,19,Female,No
4633,28,Female,No
4332,31,Female,No
4603,19,Male,No
5198,37,Female,No
16173,68,Male,No
6629,53,Male,No
7123,73,Male,No
7163,52,Male,No
13843,30,Male,Yes
2253,45,Female,Yes
2359,24,Female,No
18851,48,Female,No
8683,74,Female,No
19364,80,Male,No
13058,22,Female,Yes
12624,55,Male,No
14539,26,Male,No
19245,41,Male,Yes
1482,64,Male,No
1754,52,Male,No
19063,79,Female,No
18739,75,Male,Yes
5716,72,Female,No
11587,69,Male,No
11360,76,Female,No
2641,62,Male,No
12999,30,Male,Yes
6686,69,Male,No
19535,68,Male,No
18760,23,Female,No
11252,26,Male,Yes
4450,41,Female,No
16869,33,Female,No
9955,74,Female,No
2211,59,Male,Yes
13846,70,Male,No
8878,41,Male,No
1758,69,Female,No
1187,55,Female,No
14224,19,Male,No
3506,70,Male,No
11240,70,Female,Yes
11874,36,Male,No
17220,29,Female,No
14029,50,Male,Yes
13013,77,Male,No
3035,34,Male,No
3167,52,Male,No
4768,40,Male,No
5206,35,Male,No
2344,55,Female,Yes
13697,38,Male,No
15715,59,Male,No
4172,36,Female,No
17906,45,Male,No
18803,40,Male,No
3779,55,Male,Yes
12751,24,Female,No
9316,68,Female,No
12289,18,Male,No
18673,67,Female,No
14338,25,Male,Yes
2721,38,Male,No
13470,54,Female,Yes
17984,19,Female,No
7720,62,Female,No
11505,67,Male,Yes
19438,32,Female,No
16358,54,Female,No
15291,78,Female,No
7222,77,Female,Yes
12443,73,Female,No
12622,35,Male,Yes
7528,76,Female,No
18472,59,Male,No
2048,24,Female,Yes
1114,25,Female,No
19266,20,Male,No
19307,38,Female,No
12254,40,Female,No
11597,42,Female,No
15154,19,Female,No
9019,72,Female,No
11043,19,Female,No
15711,29,Female,No
1261,76,Male,No
4625,52,Male,No
5109,58,Female,No
2093,30,Male,No
18602,75,Female,Yes
5256,58,Female,Yes
3749,77,Male,No
6800,78,Male,Yes
7380,61,Male,No
16309,63,Male,No
11036,76,Female,No
3955,54,Male,Yes
9184,61,Female,No
15408,37,Male,No
11788,22,Female,No
15620,23,Female,No
19435,37,Male,No
11506,51,Female,No
17426,66,Male,No
16734,69,Male,No
5813,50,Male,No
8926,72,Female,No
18646,34,Female,No
11368,34,Female,No
12704,41,Female,No
7549,65,Male,No
11498,61,Female,No
5612,67,Male,Yes
2301,38,Male,Yes
2850,69,Male,No
17950,33,Female,No
11613,32,Male,Yes
12017,48,Female,No
18979,34,Male,Yes
6655,79,Male,No
6926,25,Female,No
11402,80,Female,No
3537,26,Female,No
6824,75,Female,No
19998,27,,Yes
8411,31,Female,No
18609,43,Female,No
14421,42,Female,No
4496,62,Male,No
1618,25,Male,No
12743,31,Female,No
1822,21,Female,No
16755,46,Male,Yes
1752,76,Female,No
16709,32,Male,No
4567,37,Male,Yes
9267,25,Female,No
19976,53,Female,No
1060,72,Male,No
9633,33,Female,No
3422,34,Male,Yes
18001,23,Female,No
16592,66,Female,No
19381,18,Female,No
18480,40,Female,No
13275,62,Male,No
9525,77,Female,No
11389,28,Female,No
12837,21,Female,No
1306,33,Female,No
19461,31,Male,No
9953,66,Male,No
17300,58,Female,No
3903,51,Male,No
4893,35,Male,No
18378,48,Male,No
1036,60,Male,Yes
6299,41,Female,No
2525,67,Female,No
1348,20,Male,No
2315,50,Female,Yes
8212,38,Female,No
1944,68,Male,No
14738,72,Male,Yes
9853,73,Male,Yes
14785,34,Male,Yes
8995,66,Male,No
9013,21,Male,No
2198,59,Male,No
6768,43,Male,No
9210,55,Male,No
16468,76,Female,No
5682,77,Female,No
2766,76,Female,No
7176,42,Female,No
11115,28,Female,No
2650,57,Female,Yes
7314,34,Female,No
3291,63,Female,No
3219,52,Female,No
12307,50,Male,No
6272,34,Female,Yes
9851,21,Male,Yes
2736,76,Female,No
5252,78,Female,No
9086,54,Male,No
15908,49,Male,No
13009,34,Male,No
9169,33,Female,No
13297,52,Female,No
19010,72,Female,Yes
5385,63,Male,No
13891,63,Female,No
9046,18,Female,Yes
11681,56,Male,No
14908,65,Female,No
5031,19,Male,No
8462,23,Female,Yes
13082,65,Female,No
8385,71,Male,No
16928,34,Male,No
9921,77,Male,No
12073,75,Female,No
11140,58,Male,No
9670,71,Male,No
18956,18,Female,No
7146,28,Male,No
12448,76,Female,No
12557,78,Male,No
15720,68,Female,No
12733,39,Male,No
11265,31,Male,Yes
18419,63,Female,No
5101,27,Male,No
19965,51,Female,No
6187,47,Male,Yes
13729,26,Female,No
15377,57,Female,Yes
2530,33,Female,No
3907,67,Male,Yes
11390,34,Female,No
1924,18,Male,No
3098,49,Male,No
14715,57,Female,No
11149,33,Female,No
2410,61,Male,No
7470,57,Male,No
17650,47,Male,No
3571,40,Female,Yes
19410,35,Female,No
13449,21,Female,No
19143,35,Female,No
19090,78,Male,Yes
12320,60,Female,No
17592,33,Male,No
9981,78,Female,No
17607,42,Male,No
9058,31,Male,Yes
15091,48,Female,No
6202,57,Female,No
8530,55,Male,No
11274,68,Male,Yes
6273,52,Male,No
17097,77,Male,Yes
12154,47,Male,No
7866,31,Male,No
16203,39,Male,No
16499,20,Male,No
2235,28,Male,Yes
18177,54,Male,Yes
12010,60,Male,Yes
19051,65,Male,No
17628,56,Male,No
13942,25,Female,No
19022,40,Male,No
7293,65,Male,No
7829,56,Male,Yes
3520,63,Male,No
11020,45,Female,No
1651,62,Female,No
4569,64,Male,Yes
17603,36,Male,No
17576,77,Female,No
15539,71,Female,No
12486,57,Male,No
15951,46,Female,Yes
3413,45,Male,No
16476,73,Male,No
14557,67,Female,No
18388,19,Male,No
13558,53,Male,No
3783,42,Male,No
8264,24,Female,No
17072,45,Female,No
17495,29,Male,Yes
7395,78,Female,No
14996,59,Male,No
3059,43,Male,No
16682,36,Female,Yes
19421,61,Female,Yes
7379,56,Male,No
12026,45,Male,No
11266,33,Female,No
3642,19,Male,Yes
5005,80,Female,No
4085,52,Female,No
12513,33,Male,Yes
16272,37,Female,No
15898,18,Male,Yes
7356,71,Female,No
6589,26,Female,No
6443,72,Female,No
5697,40,Female,No
15556,80,Female,No
19017,38,Male,No
4049,47,Male,No
13634,70,Male,No
14892,78,Female,No
18173,25,Female,No
19859,77,Female,No
13256,72,Male,Yes
14205,33,Male,No
14999,60,Male,No
7130,76,Male,No
15826,29,Male,No
1813,37,Female,Yes
11372,55,Female,Yes
13216,61,Male,No
11988,40,Male,No
15654,43,Female,No
12332,48,Female,No
7516,32,Male,No
18887,41,Male,No
11876,47,Male,No
9822,73,Male,No
11347,56,Male,No
19940,64,Female,No
4522,30,Male,No
2546,70,Male,No
11668,25,Female,No
18802,21,Female,No
2917,23,Male,No
7337,72,Female,No
4928,77,Female,Yes
18684,32,Female,No
1619,64,Female,No
17074,38,Male,No
7415,61,Male,Yes
11253,72,Male,No
5473,59,Female,No
6185,53,Female,No
5668,54,Female,No
5129,40,Male,No
9519,62,Female,No
5521,38,Female,No
2829,35,Male,No
13263,66,Male,No
4693,51,Female,No
11367,68,Male,No
16683,76,Male,No
5300,30,Female,Yes
6607,31,Female,No
4254,55,Female,No
1989,69,Female,No
12062,78,Female,No
19122,67,Female,No
16107,29,Female,No
3118,40,Male,No
11214,29,Female,No
15051,37,Male,No
3121,68,Female,No
14225,59,Male,Yes
4071,20,Female,No
18517,33,Male,Yes
7348,58,Male,No
16977,28,Female,No
4345,64,Female,No
8561,38,Female,No
13533,37,Female,Yes
12000,18,Male,No
11243,76,Female,No
6090,20,Female,Yes
12236,50,Female,No
8245,52,Female,No
13196,37,Female,Yes
2124,41,Female,Yes
13810,52,Female,No
6791,67,Female,No
13219,75,Male,No
9625,60,Female,No
7941,60,Male,No
15877,44,Female,Yes
2145,20,Female,No
2472,38,Female,No
15017,48,Male,No
9561,53,Male,No
18932,19,Male,No
16293,27,Male,No
13652,44,Female,No
7904,69,Female,No
7986,79,Male,No
17668,39,Female,No
7315,60,Male,Yes
18592,29,Female,No
9085,52,Male,No
18809,64,Female,No
7312,33,Female,Yes
9589,48,Male,No
4432,35,Female,No
11821,35,Male,Yes
18270,35,Male,No
5835,72,Male,No
19481,19,Male,Yes
7517,48,Female,No
12055,46,Male,No
12718,43,Female,No
11873,60,Female,No
16205,45,Female,No
6162,69,Male,No
8474,67,Male,No
3862,57,Female,No
18018,80,Male,No
3280,74,Male,No
7340,77,Female,No
2903,75,Male,Yes
2897,43,Male,No
8009,51,Male,Yes
5498,48,Female,No
7962,56,Male,No
12946,38,Female,No
4028,44,Female,No
3459,75,Male,No
4668,45,Female,No
13466,61,Male,No
1581,32,Male,Yes
6471,62,Male,No
17436,64,Male,No
14150,52,Female,No
14343,21,Female,No
4222,64,Male,No
3998,51,Female,Yes
9785,36,Female,No
9628,35,Male,No
5292,35,Female,No
4168,28,Male,No
11006,30,Female,No
6441,71,Female,No
4466,34,Male,No
14472,59,Female,Yes
7027,38,Male,Yes
7697,68,Male,Yes
12380,23,Female,No
9209,32,Male,No
3336,35,Female,No
6865,38,Male,Yes
2882,60,Male,No
2730,50,Male,Yes
6846,72,Male,No
11284,63,Female,No
14674,22,Male,No
4971,69,Male,Yes
8972,59,Female,Yes
17706,33,Female,No
6762,30,Male,No
5940,71,Female,No
12598,71,Male,No
9734,39,Male,No
9755,69,Male,No
6843,22,Female,No
3296,21,Male,No
13039,73,Female,No
7343,29,Male,No
12273,68,Male,No
8727,69,Male,No
16919,50,Female,No
2166,57,Male,No
7623,35,Male,No
1738,60,Female,No
4283,34,Male,No
8991,59,Female,No
12960,61,Female,No
19750,62,Female,Yes
18567,35,Female,No
13036,63,Male,No
9776,37,Male,No
11453,58,Male,No
16032,59,Female,No
6842,50,Male,No
8470,56,Female,No
15421,25,Female,No
2047,23,Female,No
8417,48,Female,No
6427,45,Female,No
12601,48,Male,No
2570,18,Male,No
18159,54,Male,No
9147,43,Female,No
5310,44,Female,No
4878,64,Male,Yes
11611,31,Male,No
11184,43,Female,No
7345,68,Female,Yes
15966,78,Male,No
7696,69,Male,No
17257,67,Female,No
13174,40,Female,No
4557,42,Male,Yes
7332,56,Male,Yes
8079,67,Female,No
4537,21,Female,No
16072,33,Female,No
18785,54,Male,Yes
7576,56,Female,No
5758,42,Female,No
11964,45,Female,No
6717,62,Male,Yes
5621,48,Male,Yes
14834,58,Male,Yes
17989,59,Female,No
11285,35,Male,No
6039,37,Male,No
3688,34,Female,No
7527,24,Male,Yes
7154,39,Female,No
3230,62,Female,Yes
11485,24,Male,No
9619,43,Female,No
12445,34,Male,No
2063,75,Female,No
9563,22,Female,No
14197,63,Female,No
3675,74,Male,No
19346,74,Female,Yes
9346,19,Female,No
11363,45,Male,No
7747,29,Male,No
8356,57,Female,Yes
11212,55,Male,No
12605,42,Female,No
13992,76,Female,Yes
9736,33,Male,No
7198,36,Male,No
4868,80,Male,No
17298,27,Male,No
2528,28,Male,No
11205,60,Female,No
19310,41,Male,No
17090,38,Female,No
7742,35,Female,No
3961,31,Female,No
11349,22,Male,Yes
14251,33,Male,No
8461,27,Male,Yes
7810,42,Female,No
11374,78,Male,No
1844,45,Male,No
8207,78,Female,No
7914,34,Male,No
6296,78,Female,No
16340,70,Male,No
18677,65,Female,No
6309,73,Male,Yes
3989,25,Female,No
17983,33,Male,No
13576,53,Male,No
6260,67,Male,Yes
8464,73,Female,No
4758,76,Male,No
5013,47,Male,No
16968,52,Female,No
7002,56,Female,No
2186,27,Female,No
17209,77,Male,Yes
14545,26,Female,Yes
14919,27,Female,No
4787,18,Female,No
19125,43,Male,No
7069,71,Male,No
5944,63,Male,No
5508,62,Female,No
9477,33,Female,No
2887,38,Female,No
11308,61,Male,No
11272,61,Female,No
2230,61,Female,Yes
9707,58,Male,No
8423,54,Male,No
14131,66,Female,No
13784,80,Female,Yes
5547,61,Female,No
4951,26,Female,No
1267,47,Male,Yes
13368,25,Male,No
12097,69,Male,Yes
8380,78,Female,No
7451,79,Female,No
13453,20,Female,Yes
18535,54,Female,No
17785,72,Female,No
9731,21,Female,Yes
13309,80,Female,No
5003,73,Male,No
13157,47,Male,No
19505,27,Female,Yes
1033,54,Female,No
13177,39,Female,No
4987,72,Male,No
2677,76,Male,Yes
2015,28,Male,No
4124,75,Male,No
8640,29,Female,No
7867,68,Female,No
1119,24,Male,No
5958,24,Female,No
17061,76,Female,No
11124,22,Female,No
19652,78,Female,No
4905,80,Male,No
5446,63,Male,No
12927,50,Male,No
1229,67,Male,No
7387,73,Female,No
17121,21,Male,No
7391,50,Male,No
6004,35,Female,No
1658,43,Male,No
11432,73,Female,No
11619,72,Male,Yes
5927,56,Male,No
3344,60,Female,No
8529,23,Female,No
8533,80,Male,No
5873,64,Female,No
14523,80,Female,No
5701,61,Female,No
3630,27,Male,No
13578,30,Male,No
18428,40,Male,No
2283,48,Female,No
14413,68,Female,No
3780,56,Female,No
12576,70,Female,No
17672,55,Female,No
16883,74,Female,No
15455,44,Male,No
18806,32,Female,No
16112,54,Female,No
17551,35,Female,No
6043,50,Male,No
8206,24,Female,No
8875,48,Female,No
9885,72,Male,No
3365,38,Male,No
4130,24,Female,No
2689,74,Male,Yes
18697,33,Female,No
17183,40,Female,No
14901,66,Female,Yes
2719,58,Male,No
3920,38,Female,No
8307,44,Female,No
7140,20,Female,No
18019,44,Female,No
15049,38,Male,Yes
2014,37,Male,No
8213,55,Female,No
8885,31,Male,No
9959,48,Male,No
4612,43,Female,No
6870,24,Male,No
14502,30,Male,No
11113,50,Female,Yes
9811,33,Male,No
8063,75,Male,No
16040,74,Female,No
16055,76,Female,No
17465,71,Male,No
9689,75,Female,No
3353,39,Female,No
12578,80,Female,No
2807,29,Female,No
12324,58,Female,No
7461,52,Male,Yes
4387,45,Female,No
3790,67,Female,No
15959,59,Female,No
13161,37,Male,No
14429,43,Male,No
19624,28,Male,No
13112,24,Male,No
7547,24,Female,No
9539,29,Female,No
11090,43,Male,Yes
6877,48,Female,No
8517,37,Female,No
19414,20,Female,No
1431,50,Female,No
19076,26,Male,No
16714,50,Male,No
17042,23,Female,No
1381,34,Female,No
16082,35,Female,No
3387,54,Male,No
16075,24,Male,Yes
11543,44,Male,No
13022,37,Female,No
8742,24,Male,No
1729,54,Female,Yes
2889,64,Male,No
1290,54,Male,No
9697,70,Female,No
8930,18,Female,No
17180,49,Male,No
12272,23,Male,No
13985,55,Female,Yes
1517,70,Male,No
17764,25,Female,Yes
15798,72,Male,Yes
2031,36,Male,Yes
8241,71,Female,No
18619,52,Female,No
3669,20,Female,No
11814,68,Male,No
3203,57,Female,No
8192,27,Male,No
9652,65,Male,No
13831,37,Female,No
3430,52,Female,No
6437,72,Female,No
18185,31,Female,No
8312,78,Male,No
15079,53,Female,Yes
18274,73,Female,No
2343,63,Male,No
8263,33,Female,No
3710,59,Male,No
3352,66,Male,No
13065,20,Female,No
18192,45,Male,No
8545,52,Female,No
13747,55,Male,No
5907,68,Male,Yes
4234,66,Male,No
1308,30,Female,Yes
7075,47,Female,No
7115,37,Female,No
19876,28,Female,No
16385,57,Male,No
18769,36,Female,No
5551,54,Female,Yes
12025,64,Male,No
1571,51,Female,No
19997,27,Male,No
7680,53,Male,No
13486,56,Female,No
1900,24,Female,No
18391,30,Male,No
11497,40,Male,Yes
8854,79,Female,Yes
5736,78,Male,No
14278,73,Female,No
15741,57,Female,No
5870,80,Female,No
3110,73,Male,No
17194,30,Female,No
12411,20,Male,No
17155,67,Male,No
4005,64,Female,No
8611,30,Male,No
4114,71,Female,No
9662,34,Male,No
1950,36,Female,No
8709,34,Male,No
2353,48,Female,No
8699,33,Female,Yes
12164,74,Female,No
19232,74,Male,No
4815,41,Male,No
18169,68,Female,Yes
18742,55,Female,No
12730,35,Female,Yes
19446,45,Male,No
2625,75,Female,Yes
1393,37,Male,No
2503,35,Male,No
12385,18,Male,No
18473,63,Male,No
1246,61,Male,No
8610,44,Male,No
11294,20,Female,Yes
6662,25,Male,No
15206,41,Male,No
6851,38,Male,No
11369,72,Female,Yes
15628,50,Female,No
6834,62,Female,No
8043,56,Male,No
16817,69,Male,Yes
16403,62,Male,No
6737,60,Female,Yes
13858,59,Female,No
3238,75,Female,No
12949,73,Male,No
11328,43,Female,Yes
13231,26,Female,No
5893,72,Male,No
3039,29,Female,No
12611,70,Female,No
7792,27,Female,No
11244,36,Female,Yes
3188,64,Male,Yes
18645,31,Female,No
5146,21,Male,No
2422,61,Female,No
14930,47,Male,No
11985,69,Male,No
7735,44,Female,Yes
19290,18,Male,No
4117,61,Female,No
15445,27,Female,No
11917,38,Female,No
4461,74,Female,Yes
11974,33,Male,Yes
6473,79,Female,No
17605,72,Male,Yes
18746,71,Female,No
11967,19,Female,No
2598,33,Female,No
11697,76,Female,No
13356,53,Male,No
12155,75,Female,Yes
5275,44,Male,No
13499,56,Female,Yes
15224,31,Male,No
17813,67,Male,Yes
12190,47,Female,No
5063,41,Male,No
5159,32,Male,No
9779,73,Female,No
5874,47,Male,No
8600,58,Male,No
3574,48,Male,No
5329,57,Male,No
8490,56,Male,Yes
13452,77,Female,No
19153,38,Female,No
19061,63,Male,No
11692,34,Male,No
6880,67,Female,No
14401,68,Male,No
8463,79,Male,No
19308,65,Female,No
4080,71,Female,Yes
12696,36,Female,Yes
9237,43,Male,Yes
17636,74,Female,No
5976,45,Male,No
6663,25,Female,No
14464,80,Female,Yes
5247,59,Female,Yes
8973,24,Male,Yes
15405,32,Male,No
12621,78,Female,Yes
7448,47,Female,No
6203,45,Male,No
3404,79,Female,No
6562,41,Male,No
19913,33,Male,Yes
19422,66,Male,No
6165,28,Female,No
6992,54,Male,No
12873,25,Female,No
13033,22,Male,No
11685,68,Female,No
15426,60,Male,No
2351,32,Female,No
19524,20,Male,No
13116,28,Male,No
5855,62,Female,No
6875,41,Male,No
12111,21,Female,No
9251,52,Female,Yes
11337,59,Male,No
4739,39,Male,No
12962,19,Female,No
19314,62,Male,No
7049,57,Male,No
2171,76,Female,No
9984,79,Male,No
1639,20,Male,No
2740,60,Female,Yes
6731,32,Female,No
6903,31,Male,Yes
4460,34,Female,Yes
6646,69,Male,No
3051,64,Male,Yes
2088,67,Female,No
2935,37,Male,Yes
8093,75,Male,No
1390,77,Female,Yes
1067,49,Male,No
1337,41,Male,No
3198,61,Male,No
3484,71,Male,No
3333,55,Female,No
8692,48,Female,No
4469,47,Male,No
4327,25,Female,No
5704,55,Male,No
7100,60,Male,No
7384,70,Female,Yes
8863,68,Male,No
9784,27,Male,No
6483,52,Male,Yes
1218,48,Female,No
6832,79,Female,No
8442,67,Male,No
3116,66,Male,No
9042,32,Male,No
7818,69,Male,Yes
5859,47,Male,No
4178,43,Male,No
8339,52,Male,No
9511,65,Male,No
8764,74,Female,No
9134,77,Male,No
8409,37,Male,Yes
3893,42,Male,Yes
7087,22,Female,No
5428,55,Female,No
6704,29,Female,No
2532,78,Male,No
2423,39,Male,No
1703,56,Female,No
2152,36,Female,No
3201,64,Male,No
7898,69,Female,No
7703,54,Female,Yes
2907,75,Female,Yes
6448,24,Female,No
3965,54,Female,Yes
3923,33,Female,No
4357,52,Female,Yes
8778,51,Female,No
6411,35,Female,Yes
8560,76,Female,Yes
1768,28,Male,No
7678,54,Male,Yes
8017,24,Male,No
8580,54,Male,Yes
9845,41,Female,Yes
5798,59,Male,No
6335,39,Male,No
6290,31,Female,No
7374,72,Male,No
9332,80,Male,No
8344,20,Female,No
1785,40,Female,Yes
3833,50,Male,No
8471,50,Female,No
3852,62,Female,No
4359,24,Female,No
6390,19,Female,No
9106,70,Male,Yes
9015,77,Male,No
8071,46,Male,Yes
8766,70,Female,No
2674,62,Male,No
5078,67,Female,No
3339,71,Female,No
2071,56,Male,No
7752,31,Male,Yes
5501,74,Female,No
5199,30,Female,No
7237,52,Male,No
6525,54,Male,No
2782,68,Male,No
6554,62,Female,No
4939,36,Female,No
1296,60,Female,No
1877,58,Male,No
9769,39,Male,No
3178,71,Male,Yes
2488,63,Male,No
4761,76,Female,No
9159,37,Male,No
2221,25,Male,Yes
3163,71,Male,No
4361,54,Female,No
3564,19,Male,No
2857,79,Male,Yes
4578,40,Male,Yes
5880,27,Female,Yes
9500,22,Female,Yes
8946,22,Female,Yes
2987,50,Male,No
6741,43,Female,No
2764,28,Female,No
7054,22,Male,No
7505,74,Female,No
3949,32,Male,No
9517,54,Male,Yes
7719,22,Female,Yes
8667,19,Male,No
6561,59,Male,Yes
2653,77,Male,No
7080,37,Male,No
8584,57,Female,No
8805,74,Male,No
9082,53,Male,No
5440,42,Male,No
7808,64,Male,No
3354,52,Female,No
5711,37,Female,No
4618,80,Male,Yes
3799,24,Male,No
4297,43,Male,Yes
7900,21,Male,No
4619,33,Male,No
8634,77,Female,No
3385,43,Female,No
9162,74,Male,No
1477,76,Female,No
4227,50,Male,No
4056,51,Male,No
6526,77,Female,No
7985,78,Female,Yes
5180,48,Male,No
1053,79,Female,No
6044,69,Male,No
6493,51,Female,No
9788,43,Male,No
7835,56,Male,Yes
3529,79,Male,No
1451,74,Female,No
2498,69,Male,No
6485,35,Male,No
1420,73,Male,No
9499,79,Female,No
8224,30,Female,Yes
1987,30,Female,No
9574,23,Male,Yes
3042,75,Male,No
4253,43,Female,No
3217,48,Female,Yes
2797,30,Male,No
4685,34,Female,No
1788,79,Female,No
2226,65,Male,No
5453,78,Female,No
4648,47,Female,Yes
1369,21,Male,No
6392,33,Female,No
2573,70,Male,No
3916,75,Male,No
3560,45,Female,Yes
3286,47,Female,No
7116,35,Female,No
6196,46,Male,No
7927,18,Female,Yes
7741,27,Female,No
3533,58,Female,No
8302,35,Male,Yes
6694,78,Female,No
2705,63,Female,No
7790,20,Female,No
1699,52,Male,Yes
2543,67,Male,Yes
4788,67,Female,No
2241,56,Male,No
3894,74,Male,No
4702,46,Female,No
6365,19,Female,No
9951,67,Female,No
1977,79,Male,No
3904,32,Male,No
9922,71,Female,No
8147,66,Female,No
3858,71,Female,No
3057,78,Female,No
3836,33,Female,No
4094,31,Male,Yes
9748,47,Male,Yes
1904,67,Female,Yes
9763,18,Female,No
9130,34,Female,No
5381,51,Female,Yes
3750,36,Female,No
5548,47,Female,Yes
8481,76,Male,No
9920,74,Female,No
8020,50,Female,No
9018,60,Male,No
7778,49,Female,No
5553,54,Female,No
4980,27,Male,No
4877,35,Female,Yes
1136,20,Female,No
9749,41,Male,No
3521,66,Female,No
7432,77,Female,No
4921,28,Female,Yes
7157,40,Female,No
2808,32,Female,No
3249,36,Male,No
1998,51,Male,No
4934,70,Male,No
7156,80,Female,No
4321,23,Male,No
5224,43,Female,Yes
2358,71,Female,No
5475,33,Female,No
3818,45,Male,No
3023,51,Male,Yes
9164,37,Female,No
7938,23,Male,No
3275,57,Female,Yes
9226,32,Female,Yes
5014,46,Male,No
8950,57,Female,Yes
5263,54,Male,Yes
3259,65,Male,No
2900,31,Male,No
5858,18,Male,No
6614,53,Female,No
4669,23,Female,No
2060,55,Male,Yes
7657,61,Male,No
7220,80,Female,No
9581,68,Male,No
1047,73,Male,No
4237,57,Male,No
3104,52,Female,No
8005,29,Male,Yes
4055,25,Male,No
4490,64,Male,Yes
9257,57,Female,Yes
2272,36,Female,No
8208,72,Male,Yes
6167,74,Male,No
3607,66,Female,Yes
3744,52,Female,No
8510,52,Male,Yes
6988,46,Female,No
9640,58,Male,No
7582,32,Male,No
2611,49,Male,No
2864,34,Male,No
8091,41,Female,No
1129,36,Female,Yes
4743,49,Male,No
2523,61,Female,No
6896,52,Male,Yes
2828,69,Female,Yes
7277,48,Female,No
5066,32,Female,No
4288,50,Male,No
1526,75,Female,No
8961,65,Male,No
5166,22,Female,No
4402,32,Male,No
1624,23,Male,No
2216,65,Male,No
9235,50,Male,Yes
3507,78,Male,No
3703,49,Male,No
6736,77,Female,No
2401,67,Male,No
8632,60,Female,No
6565,26,Male,No
2894,61,Male,No
1494,36,Male,No
4547,44,Female,No
2136,48,Female,No
3142,54,Female,No
9287,23,Female,No
3435,34,Female,No
2052,46,Female,No
4022,66,Male,No
9206,80,Male,No
1143,27,Female,No
8777,54,Female,No
7063,53,Female,No
3360,43,Male,No
2643,76,Female,Yes
9053,40,Female,Yes
8433,56,Male,No
4223,26,Female,No
9248,45,Female,No
7930,48,Male,No
3287,63,Male,No
4661,59,Male,No
5884,44,Male,No
2860,42,Female,No
2680,45,Male,No
2201,20,Female,No
3191,23,Male,No
6581,64,Male,No
4228,70,Male,No
5686,20,Female,No
4262,34,Female,No
2571,71,Female,No
2685,50,Male,No
5924,78,Male,Yes
8449,32,Male,No
1167,66,Female,Yes
9688,54,Male,No
4454,37,Male,No
3943,63,Female,No
9256,54,Female,No
1626,20,Male,Yes
9195,55,Male,No
6940,66,Male,No
5364,79,Female,No
3069,69,Male,No
6902,28,Female,No
3640,58,Male,No
2306,36,Female,No
9451,64,Female,Yes
9425,50,Male,No
2120,53,Female,No
5831,32,Male,No
4431,25,Male,No
2141,26,Female,No
7330,35,Female,No
3503,47,Female,No
8119,56,Female,No
3030,53,Male,No
3657,43,Female,No
6666,33,Female,No
1020,57,Female,No
8547,52,Female,Yes
2438,56,Male,No
2746,69,Male,No
5777,72,Female,No
1396,71,Female,Yes
3546,73,Female,No
3257,70,Male,No
5882,51,Male,No
5692,53,Female,No
8185,51,Male,No
4380,80,Male,No
8396,20,Male,No
3594,44,Male,No
6112,23,Male,No
6195,25,Male,No
5647,24,Female,No
8809,68,Male,No
7831,58,Male,No
7023,30,Female,No
5914,66,Female,No
8980,69,Female,No
5173,78,Male,No
8906,50,Male,No
5255,21,Male,No
3900,74,Female,No
3549,80,Male,Yes
1362,61,Male,Yes
1186,18,Male,No
7651,76,Male,No
7530,45,Female,Yes
5572,59,Female,No
5571,20,Female,No
2420,39,Female,No
5582,48,Female,Yes
8570,47,Male,No
9548,23,Female,No
1705,21,Male,No
4465,20,Female,No
3644,75,Male,No
9380,79,Female,No
9474,59,Female,No
4188,35,Male,No
8977,59,Female,No
1028,79,Female,No
6049,25,Female,No
5788,68,Female,No
7300,68,Female,Yes
1070,30,Male,No
6301,72,Male,Yes
9575,78,Female,No
3721,32,Female,No
4869,30,Male,No
9488,18,Male,No
3611,38,Female,Yes
8495,61,Female,No
7369,43,Male,No
5030,69,Female,No
1645,51,Male,No
5655,62,Female,Yes
6816,41,Male,No
8706,64,Female,No
1299,59,Male,No
4144,75,Male,No
7239,75,Male,No
5557,37,Male,Yes
6153,58,Male,No
1027,22,Male,No
9252,65,Female,No
6830,80,Female,No
8556,33,Female,No
3489,31,Female,Yes
2995,25,Male,Yes
9615,43,Female,No
3562,63,Male,No
4654,53,Male,Yes
8755,28,Female,No
1710,33,Female,No
8959,27,Female,No
8718,23,Male,No
7172,39,Male,No
9207,27,Female,No
5699,30,Male,No
1931,36,Male,No
8578,46,Female,No
4949,66,Male,No
9580,35,Female,No
5474,37,Male,No
7826,29,Male,No
6866,27,Male,No
3938,71,Female,No
5938,35,Female,Yes
3157,29,Male,No
4498,39,Female,No
5538,50,Male,No
1892,34,Female,No
9059,27,Male,No
1660,50,Male,No
5980,75,Male,Yes
7153,29,Female,No
8308,78,Male,Yes
4479,78,Female,No
2184,36,Female,No
9313,63,Female,No
6898,55,Male,No
3850,78,Female,No
8002,65,Female,Yes
7981,64,Female,No
6304,40,Male,Yes
7974,72,Male,No
8054,53,Male,No
6975,70,Male,No
8645,54,Female,Yes
9931,19,Male,No
7328,53,Male,No
2827,46,Male,No
1262,44,Male,Yes
5430,68,Male,No
7213,49,Female,Yes
4600,67,Male,Yes
2319,62,Female,No
9029,24,Female,No
1701,51,Female,Yes
3511,49,Male,No
9687,36,Female,No
6265,50,Female,No
4888,48,Female,No
6303,50,Male,No
9695,33,Female,No
8074,67,Female,No
9828,54,Male,No
8220,33,Male,No
5434,33,Male,No
2982,21,Male,Yes
8668,35,Male,No
8090,43,Female,Yes
1341,53,Male,No
2010,46,Female,No
6261,74,Male,No
4008,74,Male,Yes
7307,80,Male,No
1320,60,Male,No
4229,69,Female,No
3312,58,Male,No
3708,30,Male,No
9268,57,Female,No
9155,37,Male,Yes
6217,49,Female,Yes
7561,25,Male,No
2542,24,Female,No
1668,75,Female,No
6166,71,Female,No
3260,64,Male,No
4183,53,Female,No
4931,24,Male,No
8298,80,Male,No
1570,31,Male,No
7004,30,Female,No
1745,49,Female,No
8136,57,Female,Yes
7205,53,Male,Yes
1622,80,Female,No
8932,25,Female,No
4025,69,Female,No
9090,55,Male,No
2842,48,Male,No
1318,20,Male,No
7244,33,Male,No
5351,80,Female,Yes
9182,50,Male,No
6578,80,Female,No
8717,67,Female,No
2506,19,Female,Yes
4251,24,Female,No
2436,62,Male,No
6192,18,Female,Yes
7583,58,Female,No
6376,65,Female,No
1800,26,Male,No
6040,53,Male,No
4795,37,Female,Yes
6661,59,Female,No
1189,31,Male,No
3976,53,Female,No
1182,78,Male,No
1599,79,Male,No
4415,70,Female,Yes
6996,19,Female,No
7788,64,Female,No
6066,64,Male,No
1430,24,Male,No
2938,55,Male,Yes
3986,29,Male,No
6251,55,Female,Yes
4220,62,Male,No
6235,42,Female,No
6375,39,Female,No
7933,29,Female,Yes
6430,58,Female,No
1429,57,Male,No
7026,20,Male,No
4830,70,Male,No
9650,38,Male,Yes
7042,71,Female,No
4150,51,Female,No
2338,60,Male,No
2640,68,Female,Yes
7605,64,Female,No
1769,29,Female,Yes
1424,21,Female,Yes
8537,79,Female,No
4650,33,Male,No
9400,78,Male,No
9175,26,Female,No
3066,66,Female,No
6154,67,Female,No
9613,57,Female,No
6069,34,Female,No
5392,68,Female,Yes
7487,64,Female,No
7226,43,Male,No
5878,23,Male,No
5973,37,Female,No
5965,41,Female,No
3637,18,Male,Yes
2875,22,Male,No
7208,46,Male,No
9148,45,Male,No
7195,54,Female,No
7326,28,Male,No
4597,34,Male,No
8958,65,Female,No
7233,28,Female,Yes
3092,46,Female,No
7862,28,Male,No
9908,44,Female,No
2148,76,Male,No
4695,23,Male,No
9093,79,Male,Yes
8034,38,Female,No
1194,61,Male,No
2108,22,Male,Yes
5913,21,Male,No
8374,19,Male,No
4286,33,Male,No
9858,37,Male,No
6425,68,Female,No
1861,20,Male,No
6379,42,Female,No
3262,39,Male,No
3905,80,Female,No
6838,57,Male,Yes
7135,33,Male,No
4729,66,Male,No
2692,62,Male,Yes
5996,56,Female,No
6238,18,Female,No
9378,60,Female,Yes
7737,57,Female,No
2613,48,Male,No
6604,55,Male,No
8988,21,Female,No
6656,29,Male,No
3716,56,Male,No
7013,65,Male,No
7047,25,Male,Yes
7500,22,Female,No
7490,49,Male,Yes
7215,37,Male,No
4334,63,Male,Yes
7869,35,Female,Yes
2819,72,Male,No
8900,43,Female,No
5165,48,Male,No
7806,34,Male,No
1448,56,Female,No
1541,66,Male,No
1613,33,Male,No
2549,22,Male,No
1957,77,Female,No
7206,38,Male,Yes
8931,20,Female,No
5205,74,Female,No
9388,80,Female,No
1007,35,Male,No
3665,39,Male,No
3141,48,Female,Yes
3673,26,Female,No
5738,56,Male,No
1074,58,Male,No
1980,25,Male,No
3544,78,Female,No
7489,68,Female,No
8345,23,Male,No
7170,30,Female,No
6119,74,Female,No
2614,46,Female,No
2348,25,Female,Yes
6055,60,Female,No
2713,67,Male,No
7512,28,Female,No
7704,47,Male,Yes
8404,63,Male,No
8997,68,Female,No
2054,56,Male,No
9610,67,Female,Yes
1697,43,Male,No
5160,80,Male,Yes
5107,75,Male,No
1344,67,Male,No
1937,34,Male,No
3551,73,Female,No
8788,61,Male,Yes
3284,66,Female,No
1130,75,Female,Yes
8163,49,Female,No
3826,33,Male,No
3243,80,Male,No
8182,36,Female,Yes
8437,23,Female,No
7999,29,Female,Yes
7200,35,Female,Yes
4588,33,Female,No
5769,18,Male,Yes
7707,29,Male,No
1298,34,Male,No
2213,32,Female,No
4074,27,Female,No
7018,79,Male,Yes
2229,66,Female,No
3711,45,Male,Yes
9379,28,Female,No
5092,51,Male,No
8774,39,Male,Yes
5361,69,Female,No
6922,36,Female,No
4475,23,Male,No
7238,55,Male,No
4556,72,Male,No
8671,31,Male,No
2654,63,Female,Yes
3248,67,Female,No
5244,25,Female,Yes
4608,36,Female,No
5910,41,Female,No
8015,63,Female,No
9408,74,Male,No
7254,60,Male,Yes
9896,43,Male,No
9444,59,Male,No
8588,23,Male,Yes
8360,46,Male,No
6728,39,Female,No
3576,59,Male,Yes
6901,34,Male,Yes
9437,70,Male,No
3267,62,Female,No
7295,77,Male,No
6209,76,Male,No
9501,51,Male,No
8633,73,Female,Yes
1293,49,Male,Yes
4609,50,Male,Yes
8762,61,Female,No
3997,79,Female,No
5848,44,Male,Yes
6031,20,Male,Yes
3467,46,Male,No
6520,62,Male,Yes
1956,62,Male,No
4406,58,Female,No
7723,58,Female,No
7299,28,Female,No
6861,48,Female,No
4170,27,Male,No
6724,55,Female,No
7947,65,Female,No
1723,33,Female,No
6504,52,Male,No
1442,50,Female,No
5900,23,Male,No
8888,57,Male,No
2884,52,Female,No
2424,36,Male,No
5776,38,Male,No
6380,52,Female,No
1048,67,Female,No
3003,77,Male,No
3589,25,Male,No
8106,48,Male,No
9194,38,Female,No
3222,39,Female,No
1726,34,Male,Yes
8894,43,Female,No
6227,75,Male,Yes
8628,39,Male,No
9720,49,Male,Yes
4722,21,Female,No
9002,20,Male,No
9391,29,Male,No
4806,20,Female,No
7495,47,Male,No
4368,47,Male,No
5460,31,Female,Yes
1168,54,Female,No
9573,28,Female,No
1142,63,Female,No
9398,62,Male,No
8858,33,Female,No
6545,73,Female,Yes
6617,68,Male,No
3398,60,Female,No
4337,57,Female,No
5934,25,Female,Yes
7114,49,Male,No
9894,69,Male,No
8797,41,Female,No
2633,28,Male,No
9884,31,Female,Yes
2563,64,Female,Yes
3277,76,Female,No
3371,57,Female,No
8760,72,Male,No
7650,65,Female,Yes
2491,60,Male,No
4895,63,Female,No
2388,25,Male,No
6432,53,Male,No
6732,28,Male,No
9527,75,Female,Yes
1304,23,Female,No
7364,54,Female,Yes
5977,39,Male,Yes
1515,51,Female,No
8253,41,Female,Yes
9508,52,Male,No
9838,39,Male,No
9200,57,Female,Yes
2551,50,Female,No
4239,26,Male,Yes
4590,39,Female,Yes
3232,67,Female,No
3246,50,Female,No
1976,72,Male,Yes
5234,41,Male,No
4658,29,Male,Yes
5657,43,Female,No
4572,27,Male,No
6179,74,Male,No
5994,66,Male,No
1263,20,Male,No
7216,19,Female,No
1593,31,Male,No
7717,69,Female,No
2183,35,Male,Yes
7767,50,Female,Yes
3263,78,Female,No
7825,42,Female,No
5352,70,Female,Yes
1946,27,Male,No
6221,61,Male,No
8749,33,Female,Yes
8748,54,Female,No
8166,40,Male,No
2463,78,Male,No
6519,41,Female,No
5201,78,Male,No
2132,48,Male,No
2075,56,Male,No
5257,66,Female,No
6353,76,Female,No
2686,66,Female,No
2206,56,Male,No
8710,49,Female,Yes
2838,68,Male,No
6398,55,Male,Yes
9343,45,Male,No
6878,73,Male,Yes
9180,55,Female,No
1647,54,Female,No
7997,45,Male,No
4614,78,Female,No
2225,57,Male,No
2580,55,Female,Yes
2696,33,Male,No
5438,55,Female,No
5315,19,Male,No
3645,72,Male,No
8817,76,Female,No
9465,42,Male,No
4087,66,Male,Yes
3809,44,Female,No
8124,79,Male,Yes
6144,57,Male,No
2514,48,Male,Yes
6852,21,Female,No
6292,21,Female,No
3434,39,Male,No
3455,53,Female,No
4734,40,Male,Yes
2000,60,Male,No
3148,57,Male,Yes
7754,78,Male,No
4269,26,Female,Yes
5536,59,Female,Yes
4532,80,Female,No
1228,35,Female,No
8855,65,Male,No
3563,50,Female,No
8098,74,Male,No
4362,78,Male,No
5628,40,Male,Yes
5053,19,Male,No
4874,58,Male,No
4591,66,Male,No
9899,78,Male,No
2960,47,Male,Yes
7122,66,Male,No
4765,71,Male,No
5593,64,Male,No
1040,45,Female,Yes
1834,76,Male,No
8873,55,Female,No
5144,71,Female,No
4474,75,Female,No
6098,44,Female,No
8101,45,Male,No
4932,80,Female,No
7760,19,Male,Yes
6012,48,Male,No
8341,59,Male,No
8402,57,Female,Yes
6027,67,Female,Yes
4162,22,Female,No
4780,38,Female,No
2656,76,Male,No
6189,78,Male,No
2681,39,Male,Yes
9846,21,Male,No
4856,43,Male,Yes
7251,37,Female,Yes
8104,35,Male,No
9240,20,Male,No
4370,39,Male,No
5925,31,Male,No
3628,70,Male,No
5592,77,Male,No
2565,49,Male,No
9541,25,Female,No
3053,19,Female,No
1195,32,Female,No
7594,76,Male,Yes
5863,45,Female,No
3316,21,Female,No
4852,44,Male,No
4988,60,Male,No
8452,45,Female,No
4016,42,Male,Yes
6468,38,Female,No
3113,48,Male,No
6318,28,Male,No
4457,40,Female,No
5752,78,Male,No
4699,79,Female,No
8957,25,Female,Yes
7504,70,Male,Yes
1379,69,Male,No
5059,58,Female,No
9646,41,Female,No
1326,25,Male,Yes
5314,73,Male,No
9621,20,Female,No
1736,31,Female,Yes
4652,23,Female,No
5397,55,Male,No
2969,59,Male,No
9396,73,Male,No
3383,37,Female,No
2912,22,Male,No
9919,66,Male,No
6477,69,Female,Yes
3781,50,Male,No
4446,66,Female,No
6332,24,Male,Yes
2712,67,Male,Yes
8138,76,Male,No
5431,42,Male,No
5901,34,Male,No
9172,71,Female,No
5405,77,Female,Yes
3877,47,Male,No
2527,75,Female,Yes
8038,64,Male,No
2863,76,Female,Yes
5108,76,Male,No
4833,47,Female,Yes
9832,43,Female,Yes
5708,26,Male,No
9173,34,Male,No
9982,18,Male,Yes
4196,45,Female,No
9861,33,Male,No
7982,77,Male,No
6450,46,Female,No
1781,24,Male,No
4157,34,Male,No
7073,26,Male,No
4030,44,Female,No
4420,34,Female,No
3139,18,Male,No
8099,69,Female,Yes
2374,31,Male,No
7770,67,Male,No
8180,31,Female,No
4706,64,Female,No
8535,33,Male,Yes
9742,51,Female,No
9833,69,Female,No
2256,27,Female,Yes
6767,76,Male,No
4845,56,Male,Yes
6116,65,Female,No
2978,65,Female,No
6812,59,Female,No
8018,64,Male,No
9823,77,Female,No
7859,26,Female,No
5609,26,Female,No
5435,29,Male,No
5312,71,Male,No
4513,66,Female,No
5416,78,Female,No
7476,66,Male,No
3346,52,Female,No
7809,30,Female,No
2923,44,Female,No
7852,26,Male,No
3523,80,Female,Yes
4204,55,Male,No
3553,76,Female,No
2290,35,Male,No
3654,39,Female,No
2138,21,Female,No
8445,77,Female,No
6479,45,Female,Yes
8943,21,Female,No
5194,73,Male,No
3058,41,Female,No
5223,40,Female,Yes
3948,40,Male,No
9136,56,Female,Yes
4965,40,Female,No
1753,36,Female,No
2058,49,Female,No
4255,36,Female,No
3443,50,Male,No
2966,28,Female,Yes
7252,33,Male,No
6054,61,Female,Yes
7685,70,Male,No
1556,77,Female,No
9564,19,Male,Yes
7155,64,Male,No
9915,48,Female,Yes
9227,26,Female,No
8786,55,Female,No
8299,22,Female,No
5622,45,Female,No
1349,53,Female,No
4120,19,Male,No
6233,39,Female,No
5075,18,Male,No
2080,80,Male,No
4478,30,Male,No
8247,30,Male,No
9806,73,Female,Yes
6527,72,Female,No
5072,74,Female,Yes
6475,46,Male,No
6243,42,Male,No
8596,30,Female,No
1463,71,Female,No
6929,36,Male,Yes
7532,44,Male,No
7422,49,Male,No
2983,71,Male,Yes
7455,33,Female,No
5822,22,Male,No
7553,49,Female,No
4824,20,Male,No
5190,19,Female,No
2742,20,Female,Yes
3942,35,Female,No
2050,46,Female,No
4850,34,Male,No
4292,80,Male,Yes
4605,67,Female,No
1942,36,Male,Yes
6752,73,Male,No
6701,74,Female,No
8702,47,Male,No
8394,47,Female,Yes
9469,38,Female,No
6890,18,Female,No
5099,27,Female,No
7675,43,Male,No
7676,73,Male,No
9534,41,Male,No
7274,55,Female,No
8598,60,Female,No
8626,36,Male,Yes
6965,66,Male,Yes
9214,38,Female,No
4998,33,Female,Yes
4801,32,Female,No
1929,41,Male,Yes
2479,80,Male,No
7462,55,Female,No
8381,44,Female,No
4991,72,Female,No
6671,66,Male,No
1008,66,Female,No
9647,60,Male,No
7919,52,Male,No
1885,65,Female,No
4914,74,Male,No
1419,55,Female,Yes
6618,36,Female,Yes
7669,18,Female,No
2933,48,Female,No
8151,73,Male,No
4211,45,Female,No
2354,64,Male,Yes
6306,26,Male,Yes
