customer_id,age,gender,loyalty_member
19033,47,Female,0
1402,77,Male,0
14264,36,Male,0
9976,36,Female,0
19471,54,Female,0
5015,34,Male,0
15639,18,Male,0
2022,37,Male,0
17677,76,Female,1
16418,76,Male,0
11269,65,Male,0
4910,77,Female,0
2839,47,Male,0
7907,32,Female,0
11990,18,Female,0
17211,41,Female,0
16405,65,Female,1
14449,53,Male,0
4426,32,Female,0
18070,70,Male,1
16863,33,Male,0
9479,50,Female,1
4399,25,Male,1
18200,31,Male,0
3255,55,Female,0
2164,29,Female,0
19882,22,Male,0
17974,61,Female,0
11809,36,Female,0
11351,78,Female,0
18352,78,Male,0
13636,57,Male,0
11827,39,Female,1
17930,74,Male,0
1234,58,Male,0
14793,41,Male,0
16885,79,Male,0
13932,38,Female,0
4902,47,Male,0
2621,30,Female,0
13934,44,Male,0
15385,23,Female,0
11631,47,Male,0
13413,24,Female,0
16731,53,Female,1
9331,38,Male,0
12883,51,Female,0
19341,36,Male,1
6276,57,Female,0
2671,78,Male,0
5128,57,Female,0
5838,34,Female,1
11209,53,Female,0
17128,34,Female,0
6964,45,Male,0
1038,56,Female,0
2082,19,Male,1
18014,28,Female,0
18883,53,Male,1
4335,56,Male,1
6574,42,Male,0
11730,78,Male,0
17311,31,Male,0
14815,78,Female,0
17250,78,Male,0
16990,23,Female,0
2859,63,Female,0
19984,62,Male,0
9507,63,Female,1
15491,66,Female,1
18662,43,Male,0
7055,58,Male,0
6557,60,Male,1
3294,26,Female,0
6548,65,Male,0
8493,43,Female,0
7812,78,Female,0
18955,55,Female,0
3704,74,Male,0
12532,51,Male,0
8917,58,Male,1
9202,58,Male,0
11578,65,Female,0
6678,35,Female,0
3001,22,Female,0
4048,68,Male,0
4679,73,Female,0
7766,24,Female,0
3593,72,Female,0
6281,21,Female,1
1375,45,Female,0
6139,49,Female,0
12441,68,Male,0
12550,55,Male,0
1673,43,Male,1
6071,57,Male,1
12109,56,Male,0
15245,40,Male,0
13435,59,Male,0
2486,65,Female,0
18690,73,Female,0
16513,75,Female,0
15345,66,Female,0
18871,33,Male,0
4436,75,Female,1
17729,19,Female,1
2460,72,Male,1
6231,59,Male,1
17192,69,Female,1
19182,80,Male,0
3420,69,Male,1
3165,28,Male,0
14021,61,Male,0
4391,47,Female,0
17701,39,Female,0
5070,18,Female,1
15480,31,Male,0
12134,72,Male,0
19339,64,Female,0
7440,52,Male,1
14289,43,Female,0
15125,60,Male,0
12700,40,Female,1
19969,67,Male,0
14521,19,Female,0
15941,68,Male,0
16911,74,Female,0
6397,30,Male,1
5828,52,Female,0
4442,71,Male,0
19772,48,Female,0
1698,42,Female,0
14633,30,Female,0
9100,18,Male,0
15394,40,Male,0
2587,28,Female,0
2879,55,Male,0
1197,77,Female,0
4791,46,Male,0
16509,53,Male,0
3393,50,Male,0
12151,25,Male,0
12473,50,Male,0
15088,27,Female,1
13870,60,Male,0
18398,26,Female,0
14690,18,Male,0
6242,76,Male,0
14213,50,Male,1
12458,46,Female,0
9215,45,Male,0
3122,72,Male,0
18266,26,Female,1
17091,71,Female,1
2547,60,Female,0
2898,37,Male,0
19901,80,Female,1
19672,25,Female,0
13609,55,Male,1
13463,55,Male,0
16216,50,Female,0
11476,24,Female,0
6186,68,Female,0
2147,61,Male,0
18788,27,Male,1
2556,35,Female,0
5816,21,Female,0
11560,54,Male,0
8993,76,Male,1
17682,59,Male,0
15059,38,Male,1
14717,59,Male,0
7718,62,Male,0
16970,23,Female,0
1265,29,Female,0
19214,80,Male,1
15779,58,Male,0
8526,78,Male,0
6403,61,Male,0
9497,39,Female,0
1139,56,Female,0
5034,60,Male,0
15231,68,Female,0
19223,69,Female,0
8194,33,Female,0
5981,53,Female,0
2720,28,Female,0
19820,32,Female,1
13190,50,Male,0
6297,21,Female,1
9318,50,Male,1
2881,64,Female,1
1422,62,Female,1
6489,39,Male,0
12477,76,Male,0
1216,35,Female,1
1799,73,Female,0
16139,58,Female,0
1327,80,Male,0
14267,21,Female,1
6168,38,Female,0
12408,75,Female,0
2300,36,Male,0
11062,58,Female,0
18679,43,Female,0
13776,52,Male,0
11829,66,Female,0
5371,25,Female,0
17367,23,Female,1
5281,76,Male,0
3792,80,Female,0
6280,26,Female,1
11303,41,Female,1
11987,70,Female,0
15350,18,Male,0
9299,75,Male,0
14194,78,Female,0
5789,69,Female,0
16105,37,Male,1
14558,51,Female,0
8406,39,Male,0
13632,71,Female,0
16020,51,Male,1
7632,79,Male,1
18797,22,Female,0
8492,57,Female,0
18783,34,Male,0
19213,32,Male,0
14563,51,Female,0
1484,63,Male,0
5566,67,Female,0
3575,49,Male,1
13964,50,Male,0
15489,58,Male,0
17778,63,Female,0
2562,23,Male,0
4408,40,Male,1
3502,67,Male,0
1105,42,Female,0
5844,30,Male,0
9592,45,Male,0
9528,78,Female,1
19610,67,Male,1
5603,28,Male,0
14856,46,Female,0
13976,29,Female,0
12329,50,Female,0
7518,54,Male,0
1271,36,Female,0
18026,57,Female,1
18022,48,Male,0
19880,63,Female,0
14028,35,Male,0
5674,20,Male,0
9760,33,Female,0
15242,49,Female,0
3170,68,Male,0
11465,46,Female,0
4495,72,Female,0
11483,65,Male,1
14439,36,Male,0
19807,56,Female,0
16628,72,Male,0
19960,78,Male,1
9570,50,Male,0
6507,38,Female,1
18943,80,Male,0
6128,66,Male,0
19014,45,Female,0
18127,71,Female,0
3515,67,Female,0
14497,18,Female,0
4232,46,Female,0
17314,77,Female,1
11790,24,Male,0
18996,48,Male,0
2778,28,Male,1
12442,56,Female,0
13888,32,Female,0
5849,57,Male,0
4841,53,Male,1
13909,42,Female,1
8731,34,Female,0
15031,70,Male,0
13074,49,Female,0
14632,57,Male,0
6997,30,Male,0
3464,32,Male,1
5555,56,Female,1
4122,36,Female,0
12419,20,Female,1
17343,23,Male,0
5479,40,Female,0
18490,48,Female,0
17174,67,Female,1
8983,58,Male,0
11104,57,Male,0
18982,67,Female,0
7776,49,Female,0
4663,52,Male,1
18403,54,Female,0
1480,48,Male,0
11162,62,Male,0
16130,38,Female,1
13439,77,Female,0
5169,29,Male,1
2396,58,Male,0
7025,41,Female,0
13715,38,Female,0
17141,53,Male,0
15259,79,Female,1
6986,18,Male,0
7662,78,Female,1
19605,62,Female,0
12687,30,Male,0
6320,60,Male,0
18784,63,Female,0
8310,23,Male,0
12865,52,Female,0
5350,62,Male,0
7932,32,Male,0
17780,32,Female,1
18703,55,Male,0
7434,53,Male,0
13549,67,Male,0
15879,21,Female,1
4236,39,Female,0
17883,18,Male,0
14052,78,Female,0
5283,79,Male,1
6969,57,Male,0
12884,45,Male,0
2134,35,Female,0
19529,26,Male,0
4441,35,Female,1
12244,79,Female,0
11444,54,Female,0
1601,40,Male,0
19909,44,Male,0
17915,58,Female,0
13081,18,Female,0
13673,50,Male,0
7551,43,Female,1
3782,80,Female,0
1183,80,Male,1
5685,23,Male,0
3197,56,Male,0
14836,18,Male,1
6077,56,Male,0
15212,80,Female,1
14236,41,Male,1
11318,45,Female,0
6715,62,Male,0
1695,75,Male,0
1909,29,Male,0
2076,69,Female,1
12597,43,Male,0
15656,18,Female,0
16179,40,Female,1
14569,36,Male,0
13162,29,Male,0
8989,49,Female,0
17272,51,Male,0
17422,28,Male,0
3659,73,Female,0
1803,44,Female,0
7525,40,Male,0
5020,62,Female,0
8039,75,Male,0
13579,37,Female,0
12666,71,Male,0
8488,46,Female,1
4064,53,Female,0
11175,75,Male,0
13184,68,Male,0
15198,32,Male,1
18715,20,Male,0
2745,75,Male,1
6845,42,Male,0
16036,43,Female,1
3013,43,Female,0
6719,70,Female,0
7773,32,Male,0
15609,68,Male,1
3737,24,Female,0
18767,54,Female,0
3727,80,Male,0
1411,23,Male,0
15386,29,Male,0
19204,58,Male,1
18832,35,Male,0
8807,27,Male,0
18143,60,Female,0
13358,54,Male,0
18373,76,Male,0
11430,22,Female,0
16836,30,Male,0
5911,23,Male,0
15356,73,Female,0
8984,79,Male,0
11612,22,Male,1
18156,62,Male,0
14647,62,Female,0
11313,47,Female,1
7745,25,Female,0
19671,53,Female,0
2150,63,Female,0
11050,58,Female,0
9880,74,Female,0
6914,75,Male,0
17862,57,Male,0
4013,41,Male,0
15878,39,Male,0
6457,79,Female,1
9700,72,Female,0
18594,63,Male,0
7389,42,Male,0
17615,52,Male,1
12990,41,Male,1
8617,28,Male,0
6831,69,Male,0
5040,47,Female,0
12367,71,Male,0
14153,69,Female,0
17247,35,Female,0
17285,21,Male,1
14784,76,Male,1
18036,61,Female,1
12280,48,Female,0
9538,45,Female,0
12302,36,Female,0
14772,64,Female,0
15748,79,Female,0
4015,33,Female,0
15634,39,Female,1
7034,42,Male,0
4044,20,Male,0
8546,27,Male,0
13078,27,Female,0
14983,32,Female,0
5181,43,Male,0
1175,62,Male,0
17992,35,Female,0
14058,66,Male,0
12569,64,Male,0
19081,62,Female,0
19905,76,Male,0
15776,60,Male,0
8400,29,Male,0
8498,22,Female,0
12341,26,Female,0
12407,72,Male,0
9439,44,Male,0
18178,51,Male,0
17569,53,Male,0
2589,73,Female,0
12545,43,Male,1
1878,39,Female,0
9768,74,Female,0
2961,18,Male,0
12485,70,Male,0
5395,35,Female,0
4957,36,Male,0
11380,19,Female,0
19463,75,Male,0
9376,54,Male,1
4935,50,Female,1
18501,66,Female,0
18735,35,Female,0
17317,44,Female,0
9263,30,Female,0
9927,68,Male,0
8497,44,Male,0
19295,74,Male,0
12573,74,Male,1
16929,45,Female,0
15540,66,Female,1
15174,66,Female,0
16207,45,Female,0
16382,75,Male,0
15100,80,Male,0
6463,63,Male,0
19109,20,Male,0
2212,69,Female,0
18304,33,Female,0
2526,22,Male,0
12831,77,Female,0
14697,66,Female,0
18285,43,Male,0
14274,43,Female,0
11139,50,Male,0
16331,43,Female,0
15599,65,Male,0
18987,45,Female,0
16344,50,Male,0
8329,75,Female,1
3869,30,Male,0
18984,58,Male,0
14084,49,Female,0
12755,35,Female,0
15067,77,Male,1
12667,40,Female,0
8652,80,Male,0
5344,45,Female,0
7125,58,Female,1
19537,36,Female,0
5029,27,Female,1
3442,80,Male,0
14895,46,Male,1
15982,79,Male,0
16805,73,Female,0
7897,71,Male,0
15459,74,Female,0
16018,68,Female,0
4482,31,Female,0
8527,35,Female,0
13568,39,Male,0
9859,74,Male,0
15159,18,Female,0
17536,29,Male,0
1122,69,Male,1
18557,28,Female,1
6710,69,Female,0
3146,62,Female,0
1079,64,Male,0
9471,68,Male,1
6809,47,Male,0
4568,27,Female,1
12607,73,Male,0
15476,48,Female,0
17616,40,Male,0
1936,53,Female,1
12716,79,Male,1
17629,53,Female,0
4365,36,Male,1
2215,65,Male,0
18277,29,Male,0
17578,28,Male,0
4132,43,Male,1
16629,63,Male,1
16729,55,Male,0
16881,50,Female,0
7960,58,Male,0
4061,61,Male,0
12156,48,Female,0
5279,27,Female,0
17198,53,Female,0
6602,63,Male,0
15207,50,Female,0
11943,49,Female,0
18062,29,Male,1
9962,38,Female,0
5323,62,Female,0
8866,72,Male,1
7420,35,Male,0
7842,47,Female,0
15332,76,Male,0
16414,37,Male,0
11975,41,Female,1
4968,53,Female,0
14791,70,Male,1
19276,64,Female,0
18053,26,Female,0
7413,52,Female,0
6510,41,Male,0
18867,45,Male,0
12285,39,Male,1
18004,58,Male,1
1215,47,Male,0
11782,45,Male,0
12074,57,Female,0
15610,70,Male,0
1880,48,Female,0
18114,56,Female,0
1355,30,Male,0
7563,21,Female,0
17418,69,Male,0
14292,41,Female,0
4031,50,Male,0
4037,27,Male,0
1863,55,Male,1
16284,70,Male,0
6305,71,Male,0
2738,30,Female,0
18449,33,Male,0
18319,34,Male,0
19732,33,Male,1
18939,69,Male,0
7712,78,Male,0
19252,66,Male,0
14144,38,Female,0
18774,53,Female,0
7988,59,Male,0
14902,24,Female,1
18877,19,Female,0
13555,49,Male,0
5235,45,Female,1
3901,77,Male,0
12211,56,Male,0
11599,54,Female,0
12787,36,Female,0
1972,37,Female,1
18840,20,Male,1
7989,53,Female,0
17058,41,Female,0
18306,50,Female,0
9895,67,Male,0
13014,54,Male,0
19906,40,Female,0
14350,37,Male,0
5594,45,Male,0
11855,40,Female,0
5579,30,Male,0
9485,23,Male,1
17658,79,Male,1
18897,58,Male,1
8840,59,Female,0
13860,28,Female,0
1495,45,Female,0
7762,46,Male,0
9197,28,Male,0
13877,43,Female,0
1192,60,Male,0
16462,36,Female,0
2258,25,Male,0
17897,59,Male,0
3992,67,Male,0
3982,44,Female,0
12655,54,Female,1
13997,49,Female,0
12643,28,Male,0
19593,30,Female,1
18909,69,Male,1
16825,75,Male,0
2750,28,Female,0
13728,68,Female,0
15462,75,Female,1
19517,54,Female,0
14211,62,Female,0
9759,66,Female,0
19474,20,Female,0
6416,27,Female,0
16132,66,Male,0
6424,23,Female,0
2180,26,Male,0
16285,32,Female,1
11340,38,Female,0
11310,63,Male,0
6716,36,Male,0
15518,53,Female,1
11575,64,Female,1
2099,79,Male,0
6946,73,Female,0
18513,24,Female,0
2037,37,Male,0
18653,57,Male,0
19475,61,Male,0
5983,30,Female,0
16452,41,Female,0
7169,75,Male,1
9783,53,Female,1
2182,41,Male,0
8953,70,Male,0
8736,42,Male,0
11764,75,Female,0
11779,36,Male,0
2413,56,Female,0
4559,55,Male,0
18819,20,Female,0
2605,33,Male,0
2755,41,Male,0
3641,33,Female,0
12613,54,Female,0
15391,40,Male,1
17309,35,Female,0
18808,71,Male,0
13125,42,Female,0
12431,21,Female,1
8496,65,Male,0
17365,34,Male,0
14744,65,Male,1
16995,70,Male,0
13417,57,Male,0
7726,71,Male,0
15344,74,Male,0
19191,44,Male,0
5799,27,Male,0
18082,28,Female,0
4238,32,Female,1
19791,59,Female,0
1145,75,Female,0
18084,78,Female,0
6100,50,Female,0
18329,26,Female,0
9868,58,Male,0
4099,44,Male,0
5597,69,Male,0
2593,44,Female,0
2610,36,Male,0
16864,29,Male,0
15292,21,Male,0
19569,28,Male,0
17482,71,Female,0
8571,69,Male,0
13823,33,Male,0
4881,35,Female,1
13665,29,Female,0
5219,55,Male,0
13287,44,Female,0
3857,47,Male,0
6239,58,Male,0
15285,34,Male,0
13332,60,Female,0
11972,77,Male,0
11086,75,Male,0
1794,80,Male,0
7526,34,Male,0
13369,38,Male,0
19723,38,Male,1
11904,46,Male,0
19824,76,Male,0
11029,40,Female,0
11323,24,Male,0
6726,77,Male,0
5999,44,Male,0
9075,27,Male,1
19351,50,Male,0
1073,46,Female,1
19918,71,Female,1
3649,42,Female,0
5722,40,Male,1
1559,59,Male,0
11625,38,Female,1
3614,54,Female,1
14490,18,Male,1
14112,63,Male,0
14452,35,Male,0
2473,69,Female,0
13535,69,Male,0
11680,49,Male,1
2800,19,Female,0
16707,22,Male,1
18629,80,Male,0
11459,52,Male,0
8574,71,Male,0
8349,70,Male,0
3968,64,Male,0
11905,32,Female,1
17717,19,Male,0
7446,64,Male,0
6508,30,Female,0
19222,39,Female,0
13672,37,Male,0
12031,35,Male,1
11602,23,Female,0
18843,78,Male,0
7188,30,Female,0
2890,54,Male,1
5899,31,Male,0
19378,30,Male,0
15238,73,Female,0
14520,34,Male,0
19795,46,Male,0
3331,44,Male,0
19373,69,Male,0
13214,36,Female,0
1602,23,Male,1
12175,62,Female,0
3878,40,Male,0
13686,35,Female,0
14288,21,Male,0
4125,37,Male,0
3340,46,Female,0
17946,72,Male,0
2112,20,Male,0
19277,23,Male,0
8102,21,Female,0
11677,39,Female,0
17647,68,Female,0
12433,22,Male,0
17792,73,Female,0
4520,32,Female,1
8951,56,Male,0
13883,42,Male,1
13569,38,Female,0
18221,19,Male,0
7578,32,Male,1
14808,24,Female,0
3194,24,Female,0
1921,23,Female,0
7968,75,Female,0
1350,77,Male,0
5709,53,Male,1
13838,26,Male,0
8064,30,Male,0
11111,70,Female,1
16708,71,Female,0
7562,74,Female,0
15297,68,Male,0
3281,76,Male,1
8783,38,Male,0
4917,43,Male,0
14609,34,Female,0
11232,25,Male,0
13726,31,Female,0
14445,38,Male,0
11133,49,Male,1
16315,18,Female,0
15944,56,Female,1
12932,55,Male,1
17939,51,Male,0
15271,74,Female,0
18658,34,Male,0
4662,55,Female,0
13055,72,Female,0
7212,75,Female,0
4129,69,Male,0
4696,23,Female,0
3207,60,Male,1
19298,48,Male,1
14798,45,Female,0
1115,31,Female,0
12671,22,Female,0
12705,49,Female,0
12771,74,Male,1
19286,42,Female,0
7136,40,Female,0
13147,53,Female,0
15641,27,Male,1
4983,67,Male,0
9743,59,Female,0
18892,26,Male,0
4235,30,Female,0
3947,78,Male,0
11025,73,Female,0
8719,36,Female,0
18149,68,Female,1
1742,43,Female,0
15399,61,Male,0
6155,68,Female,0
14496,62,Male,0
1727,24,Male,1
7645,69,Female,0
1574,31,Female,0
16917,20,Female,0
3811,41,Male,0
5354,27,Female,0
15549,42,Male,0
13469,61,Female,0
5689,52,Male,0
18262,66,Male,0
14649,29,Female,0
2244,43,Male,0
1616,39,Female,0
5650,21,Female,1
15485,70,Female,1
9297,23,Female,0
14711,38,Male,0
2699,66,Male,0
7601,74,Male,0
5633,71,Female,0
13414,63,Female,1
14383,21,Female,0
17113,51,Male,0
16798,47,Male,1
5945,36,Female,1
4997,26,Male,0
3761,42,Female,0
4506,51,Female,0
6028,19,Female,1
11743,38,Female,0
16609,65,Male,1
4160,36,Female,0
3770,28,Male,1
6698,52,Female,1
14179,67,Male,1
14845,77,Female,1
11761,51,Male,0
4892,65,Female,0
4686,38,Male,0
17349,48,Female,0
17539,44,Female,1
8067,28,Female,0
19450,43,Female,0
9866,39,Male,0
1154,70,Female,0
16823,40,Male,0
4629,71,Female,0
13939,79,Female,1
6735,20,Male,0
15679,63,Male,0
5502,33,Male,0
11767,37,Male,0
9140,41,Female,0
17586,42,Female,1
2087,61,Female,0
19228,69,Female,0
8521,35,Female,0
18407,20,Female,0
14657,19,Male,0
8254,27,Male,0
19754,34,Male,1
14135,23,Female,0
5786,58,Male,0
19763,30,Male,0
8171,66,Male,0
19793,80,Female,0
13514,72,Male,0
5172,43,Male,0
13230,44,Male,0
5879,48,Male,1
17788,37,Female,0
9096,57,Female,0
14463,44,Female,1
12881,23,Female,1
4274,58,Female,0
2922,39,Female,0
8746,76,Female,0
5322,52,Female,0
13732,60,Male,0
17186,47,Female,1
12147,50,Female,0
12152,32,Male,0
9560,66,Male,0
16646,66,Male,0
13212,45,Male,0
12233,30,Male,1
17888,77,Female,1
3806,35,Male,0
9735,74,Female,0
2806,26,Male,0
19042,69,Female,0
16574,32,Female,1
8553,52,Female,1
14825,28,Male,0
2817,44,Female,0
15889,75,Female,0
11580,35,Female,1
17802,38,Male,0
4293,58,Female,0
11745,65,Female,0
5710,21,Male,0
17467,53,Female,0
6889,46,Male,1
12929,29,Male,1
14899,66,Female,1
19991,75,Male,1
2861,48,Female,1
4577,40,Male,1
4655,23,Female,0
13001,72,Male,0
12956,36,Male,1
7074,30,Female,0
5892,51,Female,0
18226,34,Male,0
11684,53,Male,1
8218,54,Male,0
7159,68,Male,0
6799,32,Female,0
5665,32,Female,0
19190,76,Male,0
17460,62,Female,0
9245,36,Male,1
7774,27,Male,0
11812,76,Male,0
19742,37,Male,0
2943,49,Male,1
1461,65,Female,0
13151,61,Female,0
17232,39,Female,0
18664,54,Male,0
8811,47,Female,0
3994,18,Male,1
6500,45,Male,0
15225,20,Female,1
5461,43,Male,0
2629,49,Male,1
19714,43,Female,0
12378,79,Male,1
19786,22,Female,0
14311,57,Female,0
18858,34,Female,0
17117,39,Male,1
14574,63,Female,0
19784,22,Male,0
6340,55,Male,1
6652,73,Male,0
2114,29,Female,0
12303,43,Male,1
18426,32,Male,0
19059,59,Male,0
17783,31,Male,0
17886,37,Male,0
13202,51,Male,1
15128,72,Female,1
17096,68,Male,0
9588,26,Female,0
6487,41,Female,1
12626,78,Female,0
18928,75,Female,0
17820,47,Male,1
18681,39,Male,1
17266,73,Female,0
14988,49,Male,0
11197,39,Female,0
18103,38,Male,0
12220,24,Female,0
1314,30,Male,0
18141,23,Female,0
14126,21,Female,1
5242,49,Female,0
18386,69,Female,0
4443,74,Female,0
16294,66,Female,0
9571,76,Male,0
1352,19,Male,0
14689,39,Female,0
16655,26,Female,0
1389,22,Male,1
8725,64,Female,0
8383,57,Male,0
13879,36,Female,0
13090,69,Female,0
2254,57,Female,0
19409,47,Male,0
15509,46,Female,0
17922,29,Female,0
16903,74,Female,0
13834,78,Female,0
1893,51,Female,0
8123,61,Male,0
14376,18,Male,1
1171,50,Male,0
16896,79,Male,0
14399,76,Female,0
11701,24,Female,0
17954,43,Male,1
9453,59,Female,0
9898,48,Male,0
3494,58,Male,1
4709,19,Female,0
13630,24,Male,1
15410,67,Male,1
7355,60,Female,0
13431,22,Male,0
17561,41,Female,0
7003,64,Male,0
2156,75,Male,0
4152,49,Male,1
16926,53,Male,0
6771,68,Male,0
9821,74,Female,0
11458,35,Female,1
17591,50,Male,1
11015,36,Male,0
17596,79,Female,0
9810,46,Male,0
17302,68,Female,0
4970,39,Female,0
9126,76,Male,0
12344,59,Female,0
7053,48,Male,0
8599,40,Male,0
14648,73,Female,0
19028,68,Female,0
7282,71,Male,0
9005,36,Female,0
3040,28,Female,0
14233,70,Male,0
15810,53,Male,1
14703,52,Male,0
19097,68,Male,0
2658,28,Male,1
15558,34,Male,0
8286,74,Male,0
9368,24,Male,0
8918,32,Female,0
14322,31,Male,0
15875,76,Male,0
8614,62,Female,0
15557,43,Female,0
19066,52,Male,0
7566,29,Female,0
18972,21,Female,0
11617,41,Female,1
19782,56,Female,1
12325,24,Male,0
18198,21,Female,0
9741,44,Female,0
13572,69,Male,0
5957,41,Female,0
19853,55,Male,1
5997,40,Male,0
13329,65,Female,0
5516,53,Female,0
13004,80,Male,0
16553,56,Female,0
16454,63,Female,0
3810,64,Female,1
12565,73,Female,0
3785,51,Male,1
11739,41,Female,1
6137,58,Male,0
5730,40,Male,1
11187,51,Female,0
12136,76,Female,0
3143,34,Male,0
12897,35,Male,0
6343,18,Male,0
11695,51,Female,0
5054,29,Female,0
15289,35,Female,0
13670,47,Female,0
5335,53,Female,0
15682,41,Female,0
19743,32,Female,1
3445,18,Male,1
13334,30,Male,0
19559,45,Female,0
11107,67,Female,0
1789,69,Male,0
3800,23,Female,0
1316,52,Male,1
8523,33,Male,0
12615,71,Female,0
11989,18,Male,0
14805,28,Male,0
16200,43,Male,0
7397,26,Male,0
13824,71,Male,0
17100,51,Male,0
13276,64,Male,1
1357,30,Female,1
8036,75,Female,0
14373,30,Female,0
9351,50,Female,0
4920,22,Male,0
5179,44,Female,0
13299,20,Male,0
18384,42,Male,0
7358,21,Female,0
8035,18,Female,0
8027,50,Female,0
15210,28,Female,0
11618,80,Male,0
9462,29,Male,0
18324,29,Female,0
11571,39,Female,0
3129,61,Male,1
15808,49,Female,0
5864,61,Male,0
11558,19,Female,0
14001,67,Male,0
19012,43,Female,0
1504,41,Male,0
15114,64,Female,0
15168,44,Female,0
1483,52,Female,0
4363,45,Male,0
11489,27,Male,0
17744,61,Male,1
13562,36,Male,0
19943,55,Male,1
18194,56,Male,0
15151,28,Male,1
7584,45,Female,0
8142,59,Male,0
1124,24,Female,0
1689,31,Male,0
7716,40,Female,0
9193,77,Female,1
17798,51,Female,0
18312,18,Female,0
14108,75,Male,0
4499,67,Female,0
11375,52,Female,1
2181,44,Male,0
2822,71,Female,0
16788,80,Male,0
9073,57,Female,0
9064,32,Female,0
16376,25,Male,0
3588,22,Male,1
7447,27,Female,0
13448,70,Female,0
18794,43,Male,0
9312,79,Male,0
12157,56,Female,0
9296,49,Male,0
16381,68,Male,0
11925,80,Male,0
3476,30,Male,0
5424,73,Male,0
13351,49,Male,0
15542,63,Male,0
19555,51,Female,0
16924,45,Male,0
15368,44,Female,1
6029,72,Male,0
19576,57,Female,0
7908,19,Female,0
5527,28,Female,1
9150,53,Male,0
9284,21,Male,0
5985,31,Female,0
11237,55,Female,1
16616,53,Female,0
14712,26,Male,0
19118,21,Male,0
15299,63,Female,1
7010,80,Female,0
1160,22,Female,1
15148,34,Male,0
13096,56,Male,0
4689,70,Male,0
13900,19,Male,0
15169,68,Female,0
14048,26,Female,0
15162,40,Female,1
6760,22,Female,0
16077,53,Female,1
8705,45,Male,1
17843,25,Female,0
12424,31,Female,0
17890,41,Male,0
13012,65,Female,0
1965,28,Male,0
4216,21,Female,0
14027,29,Male,1
9545,28,Female,1
17731,55,Female,0
12796,28,Male,0
8249,77,Female,0
7313,70,Female,0
1945,31,Male,0
17237,18,Male,0
17253,74,Female,1
19086,72,Male,0
12917,39,Male,0
15637,58,Female,0
5478,22,Female,0
3689,53,Female,0
12706,79,Male,0
9578,27,Male,0
19510,28,Male,0
5876,54,Female,0
7706,33,Male,0
16194,76,Female,1
19787,19,Female,0
17683,63,Female,0
8867,75,Female,1
12657,29,Male,0
16532,45,Female,0
6789,46,Male,0
11712,36,Male,0
19479,27,Female,0
11811,53,Male,0
6801,72,Male,0
7394,62,Female,0
15417,22,Male,0
12799,31,Female,1
5540,58,Female,0
3123,29,Male,0
8438,44,Female,1
15996,42,Male,0
13580,67,Female,0
17169,21,Female,0
3168,56,Male,1
17730,68,Female,0
9144,54,Female,0
18801,72,Male,0
13998,60,Female,1
5995,49,Female,1
12813,19,Female,0
16522,36,Male,0
14380,42,Female,0
3026,74,Male,1
7381,23,Female,0
16450,26,Female,1
19139,34,Female,1
16769,77,Female,0
15695,41,Female,1
15195,37,Female,0
19879,68,Female,1
2607,68,Male,0
9012,32,Male,0
6972,52,Female,0
2513,40,Female,0
6211,48,Female,0
16386,31,Female,0
9994,55,Male,0
17481,37,Female,0
13820,73,Male,0
19890,28,Male,0
1031,20,Female,0
15226,56,Male,0
12618,55,Female,0
11022,26,Male,0
15295,50,Male,1
15007,19,Male,0
15577,57,Male,0
13666,65,Female,0
6275,29,Female,0
5702,72,Male,0
12556,76,Male,0
6140,22,Male,0
17330,34,Female,0
19892,45,Female,0
16187,27,Female,0
19971,56,Male,0
19657,33,Male,0
12925,64,Female,0
1015,22,Male,0
15083,38,Male,0
18243,69,Male,0
11640,26,Female,0
12186,70,Male,0
5458,63,Male,0
11762,45,Male,0
5539,42,Female,1
12191,49,Female,0
12249,45,Female,0
7979,49,Female,0
3946,43,Female,0
14780,19,Female,0
12322,33,Male,0
3876,28,Female,0
8078,43,Male,0
4867,19,Male,0
18833,53,Male,1
8110,66,Female,0
7872,35,Male,0
11926,22,Female,1
16982,25,Female,0
13024,73,Male,0
13023,24,Female,0
4491,64,Male,0
18181,66,Female,0
11816,47,Male,0
14623,77,Female,0
3738,44,Male,0
14906,59,Male,0
17715,59,Female,0
7240,62,Male,1
16201,51,Male,1
3225,47,Male,1
6015,25,Male,0
16667,54,Male,0
19568,60,Female,0
15759,39,Female,0
16068,19,Male,1
15672,79,Male,0
6638,44,Male,0
16070,71,Male,1
1907,18,Female,0
6647,79,Female,1
15538,79,Female,0
18635,80,Male,0
16095,35,Female,1
5936,22,Male,1
7190,65,Female,0
14359,35,Female,1
14420,55,Male,0
14465,42,Male,0
15812,25,Male,0
11271,40,Male,0
11581,53,Female,0
6345,73,Female,0
14303,28,Male,0
15935,78,Female,0
11105,48,Female,1
13743,28,Male,0
15902,73,Male,1
16283,43,Female,0
16278,19,Female,0
19257,38,Female,0
6691,18,Male,0
6913,60,Female,0
9189,23,Male,0
3085,35,Male,0
18548,61,Female,0
2880,43,Female,0
2297,61,Female,0
12471,62,Male,0
1883,75,Female,0
17403,39,Male,0
8575,39,Female,1
11867,39,Male,0
6642,40,Female,0
11870,39,Female,0
6064,42,Female,1
13664,72,Female,0
17265,35,Female,0
2337,65,Male,0
13283,41,Female,0
18882,41,Female,0
6488,22,Male,0
16211,80,Male,1
12052,43,Male,1
13303,79,Female,0
14774,27,Female,0
9968,30,Male,0
13827,26,Female,0
19049,42,Male,0
15349,43,Male,0
1236,55,Male,0
13840,42,Female,0
8183,39,Male,0
8289,43,Female,1
3590,45,Male,1
8326,21,Male,0
18283,22,Male,0
17641,21,Male,0
16611,28,Male,0
3670,53,Female,0
14435,58,Male,0
7630,70,Female,0
14208,40,Male,0
9872,45,Female,0
2496,55,Female,0
12953,76,Female,0
13412,47,Male,0
13037,25,Female,1
9892,24,Female,0
15738,55,Male,1
14391,75,Male,0
13616,65,Female,0
5496,75,Male,0
16556,50,Female,0
4271,52,Female,1
1039,53,Female,0
1302,46,Male,0
18950,71,Male,0
18050,71,Female,1
14057,79,Female,0
16269,73,Male,0
8318,19,Female,1
19491,30,Female,0
13217,28,Female,0
17819,47,Male,0
18080,66,Female,1
19798,49,Male,0
14066,27,Female,1
18620,18,Female,0
17678,27,Female,0
1938,75,Female,1
15796,24,Male,0
13094,42,Male,1
12534,61,Male,1
19437,22,Male,1
4837,49,Female,0
15175,32,Male,0
19291,65,Female,0
4189,77,Female,0
18925,32,Male,0
9819,76,Female,0
18931,57,Female,0
19468,62,Male,0
12375,65,Female,1
9401,61,Female,1
15133,56,Female,1
5145,76,Male,0
11019,76,Male,0
15216,31,Female,1
12710,53,Male,0
18527,51,Male,1
15802,77,Male,0
19794,25,Female,0
19628,39,Female,1
14308,77,Female,0
19563,46,Male,1
13718,36,Male,0
12066,51,Male,0
5290,49,Female,1
11280,53,Female,0
14339,39,Female,1
18249,43,Female,0
11962,77,Male,0
8833,35,Female,0
15596,66,Female,1
14646,58,Female,0
13397,38,Male,0
13257,75,Female,0
8968,52,Female,0
18318,33,Female,0
2856,71,Male,0
16766,76,Male,0
7765,55,Female,0
11606,19,Male,0
13280,68,Female,0
19629,54,Male,1
11687,68,Male,1
9088,69,Male,0
1606,29,Female,0
19300,50,Female,0
9529,63,Female,1
13000,72,Male,0
18685,23,Male,0
3619,62,Male,0
7092,45,Female,1
1882,77,Male,0
8839,27,Male,0
7684,55,Male,1
11527,37,Male,0
1797,67,Male,0
11326,55,Female,0
8465,77,Female,1
2447,40,Female,1
12530,60,Female,0
13556,51,Female,0
13898,48,Male,0
8127,24,Male,0
4584,38,Male,0
9163,23,Female,0
18314,52,Male,0
19701,25,Female,0
14200,62,Male,1
17810,64,Female,0
11734,77,Female,0
7098,61,Female,1
3154,72,Male,0
13712,27,Male,0
4017,29,Female,0
14056,37,Male,0
14100,50,Female,0
5245,53,Female,0
18844,46,Female,0
17248,67,Male,1
19830,23,Male,0
3957,67,Female,0
1311,23,Female,1
11210,56,Male,1
14517,57,Female,1
19197,41,Male,0
13290,27,Female,0
8049,67,Female,1
9341,44,Female,0
9249,39,Female,0
16193,51,Female,0
15444,47,Male,0
13340,80,Male,0
6908,39,Female,0
16429,73,Male,0
18528,59,Female,0
14025,24,Female,0
6905,52,Male,1
6955,64,Female,0
4310,30,Female,0
5735,21,Female,0
12808,60,Male,1
11557,69,Male,0
13994,18,Female,0
16777,22,Female,0
12995,37,Male,1
4497,63,Male,0
7021,75,Male,0
16650,45,Female,0
9815,42,Male,0
9812,22,Female,0
7167,27,Male,0
12902,52,Male,0
14402,48,Female,0
18002,18,Male,0
11350,35,Female,0
4992,21,Female,1
19434,18,Male,0
18175,80,Female,0
12301,64,Male,0
1677,78,Male,0
13857,31,Male,0
9183,67,Male,1
17392,42,Female,1
11890,36,Male,0
16978,33,Male,1
8612,34,Male,0
6609,49,Female,0
17277,65,Female,0
14250,40,Female,0
9998,68,Female,1
13676,21,Female,0
1884,26,Male,0
3751,59,Female,0
15766,31,Male,1
6399,33,Male,0
11417,47,Female,0
8912,30,Female,0
7460,18,Male,0
19513,38,Female,0
16111,67,Male,0
6472,18,Male,1
19887,66,Female,0
17956,53,Female,0
8354,67,Male,0
15466,49,Male,1
5026,22,Female,1
7458,41,Female,0
18130,69,Female,0
4343,56,Female,0
5843,57,Male,0
15033,66,Male,0
18442,56,Male,0
15897,31,Female,0
5045,57,Female,0
5532,45,Female,1
7690,45,Male,0
18208,61,Female,1
16887,39,Male,0
18911,69,Male,1
17601,19,Male,0
4665,31,Male,0
16909,54,Male,0
2770,31,Male,1
3499,76,Male,0
7164,53,Female,0
17887,71,Female,0
16933,60,Female,0
17690,18,Male,0
15200,44,Male,0
15427,49,Male,1
18539,23,Male,0
15510,42,Male,1
15849,75,Male,1
4891,54,Male,1
5724,80,Female,0
11000,58,Female,0
13683,33,Male,0
12770,23,Female,0
2293,75,Male,0
12138,43,Female,0
1811,60,Male,0
1025,77,Male,0
14682,53,Male,0
14466,73,Female,1
19212,45,Female,0
14553,49,Female,0
13031,55,Male,0
11286,47,Male,0
11409,62,Female,0
9829,45,Male,0
14868,40,Female,1
2053,65,Male,0
11461,65,Male,0
11267,24,Female,0
19520,32,Male,0
13473,30,Male,1
12261,70,Male,0
19251,31,Male,0
2386,31,Male,0
14059,67,Male,0
11657,70,Male,0
12101,32,Female,0
12465,55,Male,1
13089,27,Female,0
19237,75,Male,1
8770,39,Male,0
8948,41,Female,0
11759,57,Male,0
13464,40,Male,0
3926,49,Male,0
16115,43,Male,0
15142,29,Male,1
16265,78,Male,0
16531,23,Male,0
15840,45,Female,1
12116,68,Male,0
18104,40,Male,1
8734,60,Male,0
12259,67,Male,1
16422,30,Female,0
3388,75,Female,0
16394,22,Male,0
3410,64,Female,0
8573,36,Female,0
6241,54,Female,0
1728,78,Female,0
12404,30,Male,1
12617,40,Female,0
15845,54,Male,0
14140,33,Male,0
3440,38,Male,0
13792,26,Female,0
2333,79,Male,0
4550,77,Male,0
3444,43,Female,1
9781,50,Male,0
15367,76,Male,0
18965,76,Male,0
7614,73,Male,1
14277,67,Male,0
5846,37,Male,1
5543,47,Female,0
15648,38,Female,0
19614,18,Male,1
11511,56,Male,0
4378,63,Female,1
12874,24,Male,0
14978,20,Female,0
19603,20,Female,0
5779,30,Male,0
11999,21,Female,0
15696,43,Female,0
19761,38,Female,0
7268,27,Male,0
16790,49,Male,0
3684,61,Female,0
5303,26,Male,0
15013,37,Male,0
11435,20,Male,1
5742,53,Female,0
14106,56,Male,0
18199,48,Female,0
11791,74,Female,1
9579,63,Female,1
16818,25,Female,0
3624,27,Female,1
12389,78,Male,0
1250,32,Female,0
4026,64,Female,0
9301,73,Female,0
18572,39,Male,0
5755,56,Male,0
12479,79,Male,0
5610,48,Male,0
3402,35,Male,0
17076,71,Female,0
2200,52,Male,0
12351,35,Female,0
17221,65,Male,0
16353,52,Female,1
7786,62,Female,0
16555,79,Male,0
5294,47,Male,1
17064,77,Female,0
2303,73,Male,1
19309,73,Female,0
9441,42,Male,0
12204,62,Male,1
19551,50,Male,0
5504,26,Female,0
18316,65,Male,0
14149,45,Female,0
9011,53,Male,0
9017,51,Male,0
2841,44,Male,0
8741,76,Male,0
2955,78,Male,0
15383,18,Male,0
18293,72,Male,1
19627,34,Female,0
17969,44,Female,0
18853,59,Male,1
8319,23,Male,1
17926,70,Male,0
9778,60,Male,0
8486,34,Female,1
9762,59,Female,0
3161,74,Male,0
19996,27,Female,0
4418,42,Female,0
19037,79,Female,0
12691,54,Male,0
18468,79,Male,0
13780,45,Male,0
12890,32,Female,0
2453,23,Female,0
8605,48,Female,0
15116,23,Male,1
4340,65,Female,0
9978,69,Male,0
16222,28,Male,1
8359,61,Female,0
15115,28,Male,1
2688,34,Female,1
16925,71,Male,0
6531,74,Male,0
7961,78,Male,0
6645,56,Male,0
13484,41,Male,0
18600,50,Male,0
15873,28,Male,1
5324,59,Male,0
5025,21,Female,0
2442,29,Male,1
19275,44,Male,1
17079,31,Female,0
13802,25,Female,0
4458,76,Male,0
11378,40,Male,0
17840,36,Male,0
19691,28,Female,1
16506,68,Female,0
12748,58,Female,0
3922,28,Female,0
12754,42,Female,0
16456,29,Male,0
19417,54,Female,0
9415,60,Female,0
18841,37,Female,0
14861,34,Female,0
17320,43,Female,1
17624,50,Male,1
11144,37,Female,0
11878,56,Male,1
11258,36,Female,0
11699,20,Male,0
16812,47,Male,0
7709,77,Male,1
5652,26,Female,0
3349,43,Female,1
12507,18,Female,0
3679,66,Male,0
4906,45,Male,0
14485,31,Male,1
4637,44,Male,0
8262,24,Female,0
17535,22,Male,0
16971,62,Male,0
16672,33,Female,0
9969,75,Male,0
3471,23,Female,0
3584,66,Female,0
14814,40,Female,0
9918,78,Female,0
8439,80,Male,0
3407,80,Male,0
7886,62,Female,0
8978,73,Male,0
19426,42,Female,0
6654,76,Male,1
4276,60,Male,0
13945,72,Female,0
17175,79,Male,0
2786,65,Female,0
11463,23,Male,0
14038,46,Female,1
2552,63,Female,1
11567,18,Female,0
5231,40,Male,0
13981,37,Male,1
4270,26,Female,0
18335,20,Male,1
6307,50,Male,0
19619,28,Female,1
3592,68,Female,0
15359,32,Male,0
14304,34,Female,0
17537,45,Female,0
4347,19,Female,1
1928,29,Male,1
2727,25,Male,0
12766,36,Male,0
3282,53,Male,0
13185,31,Female,0
8480,42,Female,0
13183,35,Female,0
13179,46,Male,0
15860,60,Male,0
14332,64,Male,1
6692,31,Male,0
9125,32,Female,0
12410,58,Female,0
1125,46,Male,0
6550,52,Male,0
13143,63,Female,0
12366,54,Female,0
15663,38,Male,0
7342,34,Male,1
5337,32,Female,1
2286,32,Female,0
12235,48,Male,0
1309,40,Male,0
17909,73,Male,0
19380,66,Female,0
19673,18,Male,0
13778,56,Female,0
15460,35,Female,0
13193,48,Female,0
2550,24,Female,0
16943,64,Female,1
2196,32,Male,0
11986,49,Female,0
3577,47,Male,0
16645,42,Female,0
18651,28,Male,0
6747,51,Male,0
5394,21,Female,1
18126,46,Female,0
14530,20,Female,0
14598,24,Male,0
2846,78,Female,0
14579,63,Male,0
13537,58,Male,1
17852,32,Female,0
7491,54,Male,0
16089,58,Female,0
18711,25,Male,0
13872,22,Female,0
13159,40,Male,0
16771,49,Female,0
4151,19,Female,0
3432,25,Female,1
19532,73,Male,1
15268,46,Female,0
18011,71,Male,0
12905,54,Male,0
11710,35,Male,0
5569,23,Male,0
17425,71,Male,0
6407,20,Female,1
8649,31,Male,1
11122,27,Male,0
19078,71,Female,0
4773,54,Male,0
17975,32,Female,1
19359,77,Male,0
11163,68,Female,1
19368,55,Male,0
6326,66,Female,0
11742,59,Male,0
19492,70,Female,1
18075,21,Female,0
1860,37,Female,0
3183,47,Male,1
7445,41,Female,0
3186,25,Male,1
14969,66,Female,1
5096,23,Female,0
12668,75,Male,1
2056,25,Female,0
14155,38,Female,1
13221,64,Female,0
11332,48,Male,1
7667,59,Male,0
1310,77,Male,0
13399,52,Female,0
14704,66,Female,1
1476,78,Male,0
5796,71,Male,0
5495,30,Female,1
16811,42,Female,0
14390,40,Male,0
11683,78,Male,0
15024,65,Male,1
5746,36,Female,1
4287,51,Male,0
5649,78,Male,0
2128,27,Male,0
6693,53,Male,1
7471,71,Male,1
16880,33,Male,0
11868,57,Male,0
3639,50,Female,1
13873,77,Female,0
14370,63,Female,1
1501,73,Female,1
17774,67,Female,0
12564,51,Male,1
5441,62,Male,0
19335,63,Male,0
13798,78,Female,1
19804,58,Male,1
1792,30,Male,0
17644,32,Male,0
12623,19,Female,1
7106,38,Female,1
16271,19,Male,0
16442,22,Female,0
3972,37,Female,1
16012,63,Male,0
7978,69,Male,1
12343,79,Male,0
19910,71,Female,0
12132,57,Female,1
16004,21,Female,1
8122,80,Male,1
2355,46,Male,1
17360,40,Female,0
1235,38,Female,0
17572,47,Female,0
1775,66,Female,0
15234,66,Male,0
6979,56,Male,1
13761,65,Male,0
1340,49,Male,1
16501,44,Female,0
13288,49,Male,1
11397,69,Male,0
8216,27,Female,0
11969,50,Male,0
12734,75,Male,0
11045,52,Female,0
12993,37,Female,0
13319,43,Male,0
3805,39,Male,0
6002,26,Male,0
7250,54,Male,0
16635,55,Female,0
19508,68,Male,0
16957,63,Female,0
3772,26,Female,0
15370,46,Male,0
3867,68,Male,1
17773,35,Male,0
17692,30,Female,0
5415,69,Male,1
12719,76,Male,0
16681,78,Male,0
1949,71,Male,0
7035,71,Female,0
14096,64,Female,0
11127,28,Male,0
5919,69,Female,0
7411,78,Male,0
14320,79,Female,0
15993,79,Male,0
11626,75,Female,0
16399,18,Male,1
9792,47,Male,0
15629,23,Female,0
5770,59,Female,0
2039,78,Female,0
16029,75,Female,0
11338,60,Male,0
13525,46,Male,0
6848,42,Male,0
11608,56,Female,1
7249,28,Female,0
3071,62,Female,0
16431,43,Male,0
3631,73,Male,0
7070,37,Male,1
5968,22,Female,1
11656,76,Male,1
16286,26,Female,0
15494,65,Female,0
15113,67,Female,0
19718,45,Male,0
17597,79,Male,0
14733,28,Female,0
1454,26,Female,0
19975,52,Female,0
8276,32,Female,1
12354,43,Female,1
1280,72,Male,0
14960,33,Male,0
5433,24,Male,0
4374,54,Male,0
18040,65,Female,0
5678,18,Male,0
17202,61,Female,1
12428,28,Female,1
12727,34,Male,1
11913,75,Male,0
12772,34,Female,0
2538,67,Female,0
12964,55,Female,0
13294,36,Male,0
15448,77,Female,0
18795,43,Male,0
9049,52,Male,0
5360,79,Male,1
2238,44,Female,0
13404,52,Female,0
11994,54,Female,0
18893,33,Female,0
1188,52,Male,1
9265,71,Female,0
17556,61,Female,0
8688,50,Female,0
12449,27,Male,0
15553,48,Female,0
16827,54,Male,0
2505,18,Male,1
17793,46,Male,0
18193,39,Male,1
19069,55,Female,0
8831,51,Male,0
11373,57,Male,0
1971,55,Female,0
6074,75,Male,0
14746,34,Male,1
4719,46,Male,0
5207,57,Male,0
12519,52,Male,0
3136,19,Male,0
8607,19,Female,1
4109,56,Male,0
17054,52,Female,0
4723,65,Male,0
12669,65,Female,0
17223,49,Male,0
4730,71,Male,0
15887,75,Female,0
9744,29,Female,0
15166,38,Female,0
8153,36,Female,0
18478,25,Male,0
17585,22,Female,0
6269,27,Female,0
16276,55,Male,0
19073,60,Male,0
17580,43,Male,0
15290,56,Male,0
4526,41,Female,0
12516,59,Female,0
11198,32,Male,0
12421,51,Female,0
2722,75,Female,0
8591,49,Male,0
11621,35,Female,0
14476,42,Female,1
19289,33,Male,1
18988,22,Male,0
5512,55,Female,0
9326,38,Male,0
16691,51,Male,0
19659,67,Female,0
16851,32,Male,0
5380,78,Female,0
5326,30,Female,0
19650,61,Female,0
18701,44,Male,1
17767,57,Male,0
13658,45,Female,0
15874,76,Male,0
15505,21,Male,0
17292,80,Female,0
2731,42,Female,0
15286,54,Female,1
5443,29,Male,0
14691,64,Male,0
4486,26,Male,1
7686,66,Female,0
4376,24,Female,0
12661,58,Male,0
16712,24,Male,1
1696,24,Female,0
15842,71,Male,1
18155,73,Male,0
9552,77,Male,0
1849,63,Male,0
15150,71,Female,0
16420,40,Male,0
17571,26,Female,0
14990,21,Male,1
11709,67,Male,1
9681,76,Female,1
17504,77,Male,0
16104,79,Male,1
16840,47,Male,0
9669,76,Male,0
14348,73,Female,0
18575,54,Male,0
3719,22,Female,0
19269,46,Female,0
7592,74,Female,1
4778,27,Female,0
17990,50,Female,0
19872,56,Male,0
15517,55,Male,0
8796,31,Female,0
5089,64,Female,0
14992,51,Female,0
16659,20,Female,1
16063,72,Male,0
9457,34,Female,0
17094,61,Male,0
8248,42,Male,0
13353,40,Male,0
11447,65,Female,0
15381,37,Male,0
18076,75,Male,0
3860,54,Female,0
7196,67,Male,0
2604,38,Female,0
15119,78,Female,0
6062,75,Male,0
13803,77,Male,0
19320,60,Male,0
17036,70,Male,0
13830,34,Female,0
11923,25,Female,1
19776,73,Female,0
1226,40,Female,0
14981,34,Female,0
14747,61,Male,0
14389,18,Male,1
9056,46,Female,0
1193,19,Female,0
19803,28,Female,0
18810,70,Male,0
14228,33,Female,1
9817,70,Male,1
7350,69,Female,0
14043,37,Female,1
9434,67,Female,0
3678,78,Male,0
15000,49,Female,0
18520,76,Female,0
5564,69,Male,0
9827,64,Female,0
16644,26,Female,0
17070,26,Female,0
14582,67,Female,0
4724,35,Male,0
13804,59,Male,0
9606,47,Male,0
9430,36,Male,0
1809,32,Male,0
7179,57,Female,0
18041,24,Male,0
13640,68,Female,0
9559,64,Female,0
7603,54,Female,1
11346,28,Female,0
17267,67,Male,0
18866,60,Male,0
18755,29,Female,0
14248,27,Female,0
9072,79,Female,0
15469,69,Female,0
19711,63,Female,1
2965,57,Female,0
6197,67,Female,0
18947,24,Female,1
18541,75,Female,1
1080,55,Female,0
18358,22,Male,1
1148,77,Female,0
19942,57,Male,0
9862,67,Male,0
12924,41,Male,0
2533,30,Male,0
4244,43,Female,0
8156,72,Male,0
17583,36,Female,0
8150,71,Male,0
19903,42,Female,1
17919,42,Female,0
9949,25,Male,1
9291,59,Female,0
14662,26,Male,0
15676,28,Female,0
7880,77,Female,0
3908,25,Female,0
11355,68,Female,0
16523,25,Male,1
12140,60,Female,0
16542,74,Female,0
17146,29,Female,0
5176,76,Male,1
16584,64,Male,0
19163,55,Male,0
2277,29,Male,0
14587,75,Female,0
15416,75,Male,1
9420,44,Female,0
3449,67,Female,0
5396,78,Female,0
2962,52,Male,1
16945,66,Male,0
9121,51,Female,0
7655,58,Female,0
16920,37,Male,0
16905,70,Female,0
14309,18,Male,0
14352,67,Male,0
16794,35,Female,0
18254,20,Male,0
3664,29,Male,0
19325,48,Male,0
14740,37,Female,0
3421,57,Male,0
3418,77,Male,0
7911,19,Female,0
16335,42,Female,0
16451,55,Female,0
11309,38,Female,0
2370,47,Male,1
15315,76,Female,0
5012,23,Female,1
8664,24,Female,0
6334,40,Male,1
2394,78,Female,0
12945,55,Female,1
13731,60,Male,0
13524,28,Male,1
12403,56,Female,0
11145,45,Female,1
11663,72,Female,0
12581,72,Male,0
19642,73,Female,1
17546,49,Female,0
16166,69,Female,0
3542,62,Male,0
11901,69,Female,0
3985,59,Female,0
3472,74,Female,0
12681,42,Male,0
6455,43,Female,0
16240,33,Male,0
16332,40,Female,0
18093,21,Male,0
12276,52,Male,1
11383,77,Female,0
5187,24,Male,1
17017,75,Female,1
12061,45,Male,1
18383,58,Male,1
12371,27,Male,0
13034,73,Female,1
12397,71,Male,0
17336,32,Male,0
11052,77,Male,0
16325,22,Female,0
15229,36,Male,0
9295,44,Female,0
7410,19,Male,0
8883,67,Male,0
7612,51,Male,0
18849,66,Male,0
9850,36,Female,0
14307,55,Female,0
18682,23,Male,0
15141,36,Female,0
19170,68,Female,0
14890,73,Male,0
15869,75,Male,0
2959,51,Male,1
18574,68,Male,0
14273,65,Female,0
9191,80,Male,0
8109,25,Female,0
1632,76,Male,0
1636,40,Male,0
14381,74,Female,0
15661,33,Female,0
12240,75,Male,0
16350,32,Male,0
3906,75,Female,0
16690,26,Male,0
13002,71,Female,0
11768,76,Male,0
11438,65,Female,0
8108,67,Male,0
19899,49,Male,0
13085,23,Female,0
4070,70,Male,0
2574,37,Male,1
1709,77,Male,0
19382,78,Male,0
14859,47,Male,1
15821,68,Male,1
15717,45,Male,0
6132,40,Female,0
12628,47,Female,0
14878,60,Female,0
11370,34,Female,0
9480,43,Female,0
4006,36,Male,1
15745,71,Male,1
3199,44,Male,0
17152,19,Female,0
9131,50,Male,0
15576,21,Female,0
13370,50,Female,0
18488,79,Female,1
8292,38,Male,0
2131,49,Male,1
11889,51,Male,0
14416,73,Male,1
1400,42,Female,0
6718,65,Female,0
16867,29,Female,0
8332,24,Male,0
8358,38,Male,0
15594,35,Female,0
16141,70,Male,1
17067,60,Male,0
3638,58,Female,0
19271,64,Female,1
14305,66,Female,0
11847,38,Female,0
13292,27,Female,0
18615,20,Female,0
9382,47,Male,0
11830,59,Male,0
15346,35,Female,0
4771,37,Female,1
17047,41,Male,0
13215,77,Male,0
3080,79,Female,0
17484,42,Male,0
7573,62,Female,1
16396,29,Male,1
15932,38,Female,0
14812,25,Male,0
19785,76,Male,0
19229,18,Male,1
13270,46,Female,0
1514,22,Male,0
5036,49,Male,0
11866,26,Male,0
7751,45,Male,0
11970,32,Female,0
15433,40,Female,0
16583,68,Female,0
11385,38,Male,0
11669,61,Male,0
19821,52,Male,0
7990,21,Female,1
2326,75,Male,0
9071,20,Male,0
7769,47,Female,0
11900,75,Male,0
6094,49,Male,0
14157,40,Female,0
6920,79,Male,0
2209,51,Female,0
14893,51,Female,0
12697,21,Female,0
17779,19,Female,0
15041,74,Female,0
9849,29,Male,0
15070,77,Male,0
17646,55,Male,0
17733,22,Female,0
8434,72,Female,0
18940,73,Male,0
1908,75,Male,0
7850,35,Female,1
2267,45,Male,0
18924,79,Female,0
2362,76,Female,0
17995,32,Female,0
11635,80,Male,0
17856,43,Female,1
14761,24,Male,0
8658,53,Female,0
14573,60,Female,0
13244,68,Female,0
8055,23,Male,0
11282,29,Male,0
19447,46,Female,0
9582,34,Male,0
16423,47,Female,0
12274,74,Male,0
12724,54,Female,0
3666,18,Female,0
1222,32,Male,0
12802,72,Male,0
14668,19,Male,0
15276,30,Male,1
14272,74,Male,0
6006,19,Male,0
3890,41,Male,1
11600,73,Female,0
16009,35,Female,0
4208,75,Female,0
16046,58,Male,0
4879,27,Female,0
1683,36,Male,1
6232,71,Female,0
11339,21,Male,1
19319,36,Female,0
7822,71,Male,0
17383,21,Female,0
14580,68,Female,0
17600,51,Male,1
14437,79,Male,1
15554,31,Male,0
1968,25,Male,0
17928,39,Male,0
5563,45,Female,0
6310,38,Male,1
3145,68,Female,1
11257,45,Female,0
9156,49,Male,1
6329,27,Female,0
1174,29,Male,0
5464,18,Female,1
11736,78,Male,0
17787,73,Male,0
16852,75,Female,0
18406,54,Male,0
13763,55,Male,0
11845,29,Female,1
16397,67,Female,0
15184,30,Female,0
1469,28,Male,0
17162,77,Female,0
7832,24,Male,0
12266,41,Female,0
11841,63,Female,1
11740,31,Male,0
13048,63,Male,0
2191,56,Male,1
1287,52,Female,0
19120,77,Male,0
2762,23,Female,0
11766,40,Male,0
3175,22,Female,1
12327,73,Male,0
9916,80,Male,0
17230,79,Female,0
7421,53,Male,0
15015,50,Male,1
19941,71,Female,0
15746,75,Male,0
9532,53,Male,0
14645,37,Male,0
5847,52,Female,0
3579,21,Female,0
18524,68,Male,0
14796,23,Male,1
11118,50,Female,1
2119,33,Female,0
9076,33,Female,0
19202,37,Male,0
2813,71,Male,1
9584,80,Female,0
11898,54,Male,0
5635,75,Male,0
7066,55,Male,1
9740,47,Male,1
8080,47,Female,0
18433,50,Female,1
16780,77,Female,0
9638,58,Female,0
15270,51,Male,1
11717,70,Male,0
2848,28,Female,0
3690,37,Female,0
4835,50,Male,0
19324,20,Male,0
8660,27,Female,0
6790,68,Female,0
7127,80,Male,0
1123,79,Male,1
16763,22,Male,1
5673,77,Female,0
4451,27,Female,0
9211,62,Female,0
16086,53,Male,0
13982,57,Male,0
2458,39,Female,1
14695,29,Male,0
8389,61,Female,0
8322,32,Male,0
15566,54,Female,0
14920,64,Female,0
19395,37,Female,0
3807,39,Male,0
15320,68,Male,1
5819,58,Female,1
19206,50,Male,0
2919,51,Female,0
18039,68,Male,1
1595,60,Male,0
5623,54,Male,0
9293,73,Male,0
2531,60,Male,0
16750,47,Female,1
17714,47,Female,0
2161,73,Male,0
2245,74,Female,1
12141,62,Female,1
7569,76,Female,0
8435,43,Female,1
15365,64,Male,0
19669,37,Female,0
17693,42,Male,0
3345,45,Male,0
15946,35,Male,1
15204,48,Male,0
17917,21,Male,0
19888,54,Male,1
4095,44,Female,1
12616,25,Male,1
18339,21,Male,0
17438,33,Female,1
3367,19,Male,0
18362,75,Female,0
8170,31,Male,0
15710,49,Male,1
14775,29,Female,0
6330,27,Male,1
16008,71,Female,0
1149,60,Male,1
12437,74,Male,0
8023,40,Male,0
16597,66,Female,0
2476,41,Female,0
6592,56,Male,0
7095,35,Male,0
12952,43,Male,0
8405,39,Male,0
14280,46,Female,0
15366,31,Male,1
17999,27,Male,1
9335,20,Male,0
11649,30,Male,0
11648,43,Female,0
4802,63,Female,0
1190,63,Female,0
7820,28,Female,1
14636,55,Female,0
13819,41,Male,0
18121,18,Female,0
16989,76,Male,0
14422,29,Female,1
6362,28,Female,0
13047,55,Male,0
13762,24,Female,0
15973,50,Female,0
16356,43,Male,0
8569,26,Female,0
11813,18,Male,0
6282,47,Male,1
17945,49,Female,1
6658,42,Female,0
14977,34,Female,0
11207,37,Male,0
18512,37,Female,0
17959,36,Male,1
9944,28,Male,0
14858,59,Female,0
1988,63,Female,0
16951,25,Female,0
8382,42,Female,0
13374,73,Male,1
15562,42,Female,0
17901,71,Male,1
3668,25,Female,0
16985,75,Female,0
19886,63,Male,0
13772,60,Male,0
2425,37,Male,0
12987,37,Male,1
3999,73,Female,0
13199,52,Male,0
7940,80,Female,0
16215,42,Male,0
11084,19,Female,0
19852,79,Male,0
1255,49,Male,0
2684,69,Female,0
14732,62,Male,0
2666,54,Male,0
14222,53,Male,0
7853,67,Male,0
17728,54,Female,0
6499,77,Female,0
5869,28,Male,0
15247,36,Male,0
15709,80,Female,0
12427,48,Female,0
19130,55,Female,1
11547,28,Female,0
7671,43,Female,1
15463,75,Male,0
15278,55,Male,0
1184,71,Female,1
8076,34,Male,0
2724,65,Male,0
14688,53,Female,0
16966,19,Male,0
13456,21,Female,0
12651,30,Male,1
13719,36,Female,0
13075,20,Female,0
14481,49,Male,0
15724,51,Male,0
8722,53,Female,0
4140,63,Male,0
14994,29,Male,1
1002,41,Male,1
19604,25,Male,0
12908,56,Male,1
14036,61,Female,0
5961,61,Male,0
9704,80,Female,0
16129,70,Male,0
17246,70,Male,0
15301,77,Male,0
12585,56,Male,0
19995,69,Female,1
17554,23,Male,1
8771,67,Male,0
6977,48,Male,0
6369,32,Female,1
19898,35,Female,0
1089,45,Male,0
17884,27,Female,0
17304,54,Male,0
4889,27,Female,0
17765,58,Male,1
12982,18,Male,0
17762,20,Female,0
2474,55,Female,1
19848,39,Male,0
17892,20,Male,0
12468,40,Female,1
3627,74,Female,0
19024,77,Male,0
17342,49,Female,0
15612,78,Male,0
19775,60,Male,1
16746,70,Male,0
13261,60,Male,0
18105,57,Male,1
15773,21,Female,0
11593,62,Female,0
13517,41,Male,0
15078,68,Male,0
18603,64,Male,0
5948,45,Male,0
19040,79,Male,0
8069,35,Female,1
17606,32,Female,0
1408,67,Male,0
8630,61,Female,1
13347,67,Female,0
15418,37,Female,0
7091,70,Male,1
14673,78,Female,0
8025,20,Male,1
13181,21,Male,0
12608,43,Male,1
4077,37,Female,0
19064,28,Female,0
4955,47,Female,0
17838,30,Female,0
5225,37,Male,0
18970,43,Male,0
17254,66,Female,0
19855,47,Male,0
11954,56,Female,0
12345,30,Male,0
12934,28,Female,0
2462,67,Female,0
1220,72,Male,1
8148,70,Male,0
3765,55,Female,0
17050,20,Male,0
18166,52,Male,0
3841,51,Male,0
8773,76,Female,0
5167,76,Male,0
4790,79,Male,0
17748,62,Male,1
4205,46,Female,0
15312,58,Female,0
2287,57,Female,0
8789,49,Male,0
19116,78,Male,0
17417,70,Male,0
17196,37,Male,0
2414,50,Female,1
7618,66,Female,0
19571,60,Male,0
18713,70,Male,0
3211,44,Male,0
11531,21,Female,0
5986,27,Female,0
11270,37,Female,0
7058,70,Male,0
14226,78,Female,1
3582,57,Female,1
19598,79,Male,1
3205,55,Female,0
1994,58,Female,0
1948,29,Male,0
2139,80,Male,0
1640,45,Male,0
1991,57,Male,1
15655,55,Female,0
11487,37,Male,0
16624,56,Female,0
9657,27,Male,0
19406,57,Male,0
5654,34,Male,1
11038,78,Female,0
6917,39,Male,0
7061,35,Female,0
6410,72,Female,0
6396,49,Female,0
3621,36,Male,0
16288,35,Male,0
9304,62,Male,0
5836,23,Female,0
19391,74,Female,0
3454,37,Female,0
12093,60,Female,0
15334,48,Male,0
16367,42,Female,0
3921,60,Male,0
16341,79,Female,0
5215,80,Female,1
5771,39,Male,0
5218,74,Male,0
2927,72,Female,0
17227,35,Female,0
8871,42,Male,1
14253,48,Male,1
3854,78,Male,0
15565,58,Female,0
17870,38,Male,1
14012,58,Male,0
13520,40,Male,0
15986,27,Male,0
12603,50,Male,0
2246,42,Female,1
5131,45,Male,1
15582,40,Female,1
9680,76,Female,0
17649,52,Female,0
14900,45,Male,0
11650,59,Female,0
9498,25,Male,0
17037,18,Male,0
12726,22,Female,0
13482,36,Female,1
1628,58,Male,0
13180,63,Male,0
4082,56,Female,0
9232,60,Male,0
1511,29,Male,0
14137,79,Female,1
15836,80,Female,0
12482,18,Male,0
14414,59,Female,0
4039,30,Female,0
5545,37,Male,0
4324,34,Female,0
18206,76,Female,0
15260,20,Male,1
6082,40,Male,0
17800,38,Female,0
7579,33,Male,0
9481,35,Female,1
18510,38,Female,1
13889,48,Male,0
6608,60,Female,0
12816,74,Female,0
11706,77,Female,0
16076,37,Male,1
1295,19,Male,0
16833,66,Male,0
7367,35,Male,0
14797,36,Male,0
11781,45,Female,0
15678,60,Female,0
15294,70,Female,0
18303,76,Female,0
8754,62,Male,0
13101,42,Male,0
16395,30,Male,0
12264,69,Female,0
4857,71,Male,0
2970,59,Female,0
14069,24,Female,0
11495,22,Female,0
18436,59,Female,0
12063,29,Female,0
14117,56,Female,0
15209,59,Female,0
17584,69,Male,1
11276,32,Female,0
15690,26,Male,1
8528,35,Male,0
14151,59,Female,0
8058,44,Female,0
11427,18,Female,0
11470,26,Female,0
8657,40,Male,1
4800,53,Female,0
7875,50,Female,0
16679,18,Female,0
13515,37,Male,0
4530,58,Female,0
18431,37,Female,1
16182,39,Male,0
11660,71,Female,0
1815,75,Female,0
8982,40,Female,1
17853,70,Female,0
9863,32,Male,1
3322,51,Male,0
8395,69,Female,1
17740,64,Male,0
16158,55,Male,0
1102,55,Male,0
2816,58,Male,1
18202,21,Male,0
8916,48,Female,1
18255,29,Male,0
16997,78,Male,0
19459,67,Male,0
4184,55,Male,0
3740,64,Male,0
4524,41,Female,0
11079,76,Male,1
9223,75,Male,0
16025,71,Male,0
11941,68,Female,1
8267,36,Female,0
11331,48,Male,0
12979,68,Female,0
5513,44,Female,0
15262,40,Female,0
1473,65,Male,0
12735,57,Male,1
4820,52,Female,0
16661,31,Male,0
16999,24,Female,0
17201,60,Female,0
11492,78,Male,0
12459,25,Male,1
9111,53,Male,0
18191,42,Female,0
18736,64,Male,0
16866,48,Male,0
4952,59,Female,0
13926,58,Female,0
11293,36,Female,0
16472,49,Male,0
16481,60,Male,0
11853,56,Female,1
11026,50,Male,0
18519,40,Male,0
1278,57,Male,0
4350,74,Female,0
2687,31,Male,0
15551,77,Male,0
19321,70,Male,0
14942,29,Female,0
12182,50,Male,0
19846,41,Male,0
12612,41,Male,0
7731,33,Female,0
16520,47,Female,0
7408,72,Male,0
15793,23,Female,1
1342,36,Female,0
8891,25,Female,0
17165,38,Male,0
5737,69,Male,0
14298,70,Male,0
16800,63,Male,0
5123,19,Female,0
6850,26,Female,0
11042,33,Male,0
12586,74,Female,0
12165,79,Female,0
19041,40,Female,0
12003,52,Male,1
14046,72,Male,0
19396,31,Female,0
12457,49,Male,0
18878,37,Male,0
12619,49,Male,0
13689,55,Male,0
8457,27,Male,0
17966,77,Female,0
15456,32,Female,0
14182,32,Female,0
13327,22,Female,0
1364,29,Female,0
4738,45,Female,0
13692,37,Male,0
18974,30,Female,0
6191,69,Male,0
3634,74,Male,0
7604,33,Female,0
16138,44,Female,0
11108,39,Male,0
2347,48,Female,0
1372,36,Female,0
17486,80,Male,0
18349,75,Male,1
3687,18,Male,0
18941,26,Female,0
8531,48,Male,0
13474,33,Female,0
16816,31,Male,1
7404,25,Female,0
4617,75,Male,0
14202,71,Female,0
16808,42,Female,0
7361,73,Male,0
19254,80,Male,0
2311,42,Female,0
15203,51,Female,0
19296,37,Female,0
9105,47,Male,0
5641,27,Male,0
5024,55,Male,1
6551,74,Male,1
17528,76,Female,0
1181,50,Male,0
11881,30,Female,1
2597,78,Female,0
13980,62,Female,0
6676,22,Female,0
9907,58,Male,0
12478,62,Female,0
17405,69,Female,0
6145,18,Female,1
18363,41,Female,0
19386,67,Female,1
11217,59,Male,0
7113,53,Female,0
4649,68,Male,0
12670,20,Female,0
17611,49,Female,0
8134,41,Female,0
16323,80,Female,0
14030,68,Female,0
4481,44,Female,0
13983,69,Male,0
3321,38,Female,0
13756,58,Male,0
17550,18,Male,1
1759,43,Male,0
9641,33,Male,0
11289,80,Female,0
19397,26,Female,0
6538,63,Male,0
4529,18,Male,0
1052,72,Male,0
1840,75,Female,0
7032,45,Female,0
17511,73,Male,0
17776,67,Male,1
17782,24,Female,0
2522,79,Female,0
6205,53,Female,0
9948,74,Female,0
17385,70,Female,1
19684,36,Female,0
13617,23,Female,0
11862,64,Female,0
18225,66,Male,0
2847,57,Female,1
15482,29,Female,0
17289,54,Female,0
5653,65,Female,1
11688,40,Female,0
1654,68,Female,0
3971,32,Male,1
14493,76,Male,0
18044,34,Female,0
14535,60,Female,0
5695,47,Male,0
18057,42,Male,0
3635,54,Female,0
5278,43,Male,0
8826,40,Male,0
19282,50,Male,0
15351,78,Female,0
5157,46,Female,0
16705,70,Male,0
11604,72,Male,0
18341,67,Female,0
1466,77,Female,0
18196,52,Male,0
18211,26,Female,0
1669,72,Female,0
18933,64,Female,0
17656,47,Male,0
8785,30,Male,0
17398,45,Female,0
15196,61,Male,0
1162,20,Male,0
16884,43,Male,0
5052,42,Female,0
11536,80,Male,0
2663,64,Female,0
7729,28,Male,0
15587,59,Male,0
11215,38,Male,0
2555,43,Female,0
2055,40,Female,0
19615,35,Female,0
12656,45,Female,1
17654,72,Female,1
17002,42,Female,0
8511,46,Female,0
2030,67,Male,0
4548,31,Male,1
6387,43,Male,1
15978,41,Female,0
1489,22,Male,0
13285,43,Female,0
19095,55,Female,0
17390,28,Female,0
11785,44,Female,0
2090,20,Female,0
12032,48,Female,0
5119,79,Female,0
17089,21,Female,0
3847,46,Male,0
19433,53,Male,0
7593,52,Female,0
13943,54,Female,0
18695,62,Male,0
18717,43,Male,0
13099,39,Female,0
14916,71,Female,0
19443,29,Female,0
16440,22,Female,0
9074,61,Male,0
19717,60,Male,0
17851,64,Female,0
14727,54,Female,0
11727,51,Female,0
16952,45,Female,0
4963,41,Male,0
17325,49,Male,1
9795,21,Female,0
11903,34,Female,0
3524,40,Female,0
19573,48,Male,0
17977,71,Female,0
2192,62,Female,1
1205,74,Male,0
18949,66,Female,1
11931,58,Male,1
18380,46,Male,0
6013,25,Female,0
8700,35,Male,0
4675,62,Female,0
4674,44,Male,0
13363,80,Male,0
12852,29,Female,0
17877,27,Male,0
12957,71,Male,0
2153,19,Female,0
1458,24,Male,0
2432,61,Female,0
15164,21,Male,0
4500,54,Female,1
18511,41,Female,0
8350,43,Female,0
13382,62,Male,0
13953,19,Male,0
13825,67,Male,0
4518,34,Female,0
7465,35,Male,0
2540,64,Female,1
19173,60,Male,0
17608,18,Male,0
12888,33,Female,0
17719,34,Male,1
6893,72,Female,0
9607,34,Female,0
7302,59,Male,0
4626,53,Male,0
13534,23,Male,0
5065,58,Male,0
15201,46,Female,0
1301,71,Female,1
13565,43,Male,0
7946,51,Male,1
1997,49,Male,1
4690,76,Male,0
1333,61,Male,0
17269,78,Female,0
12326,29,Female,0
2999,79,Male,0
4947,26,Female,0
6036,31,Female,0
2665,27,Male,0
15823,25,Male,1
14745,29,Male,0
14215,46,Female,1
7996,60,Male,0
18636,76,Female,1
16676,73,Male,1
4587,47,Male,0
12591,54,Male,0
13049,40,Female,0
19622,31,Female,1
18291,57,Male,1
14013,69,Male,1
6558,68,Female,0
18597,72,Female,1
8407,49,Female,0
4749,57,Male,1
1269,72,Male,1
15484,42,Female,0
17758,78,Male,0
16950,60,Male,0
11702,77,Male,0
2135,66,Female,0
17088,37,Male,1
19585,55,Female,1
7970,40,Male,0
6213,65,Male,0
19200,51,Male,0
13585,78,Female,0
18239,33,Male,0
14346,77,Male,1
1711,67,Female,0
11747,72,Female,0
13108,67,Male,1
18880,70,Male,1
17812,26,Female,0
8694,62,Male,0
12900,36,Male,0
17822,32,Male,0
19302,80,Male,1
18280,33,Female,0
6882,52,Female,0
14757,52,Female,0
1587,32,Female,0
11382,43,Female,1
16915,42,Male,0
4933,38,Male,0
17446,53,Female,0
5209,41,Female,0
18332,71,Female,0
9366,55,Male,0
17808,56,Female,1
19531,51,Male,0
2077,29,Male,1
16370,45,Female,0
12137,34,Female,0
9009,80,Male,0
3658,25,Female,1
4535,61,Male,0
8198,46,Male,0
9047,36,Female,0
11087,38,Male,0
2588,34,Female,0
11153,39,Male,0
15675,33,Male,1
17911,65,Male,0
18813,56,Male,0
1783,35,Male,0
18067,56,Male,1
8201,57,Male,0
5574,45,Male,0
14973,27,Female,0
12057,25,Female,1
5740,67,Male,0
12095,26,Male,0
5291,39,Male,1
12574,49,Male,1
11335,49,Female,0
14837,22,Male,1
14739,42,Female,1
14637,53,Female,0
16128,64,Female,0
12004,77,Male,1
14879,65,Male,1
7591,35,Male,0
8670,46,Female,0
14611,63,Male,0
12082,32,Male,0
13615,24,Male,0
16248,37,Male,0
16595,46,Female,0
12103,33,Female,0
14641,78,Female,0
16242,24,Male,0
17279,74,Male,1
15363,65,Female,0
6793,25,Male,0
11509,23,Female,0
14779,30,Female,0
12255,77,Female,0
5707,72,Female,0
12342,45,Female,0
11053,59,Female,0
14319,78,Female,1
14223,33,Male,0
16764,29,Male,0
11723,37,Female,0
8260,49,Female,0
5233,37,Female,1
4653,61,Male,0
13092,60,Female,0
13445,44,Female,0
14888,59,Female,1
12793,67,Female,1
16253,39,Female,0
3021,57,Male,0
18555,30,Female,1
3370,29,Male,1
2910,66,Female,1
18317,31,Male,1
19817,71,Female,0
18655,66,Female,0
18770,24,Female,0
3152,73,Female,0
2871,66,Female,0
1943,56,Male,0
19504,40,Female,1
1638,22,Male,0
17844,18,Male,0
19977,45,Female,0
2603,72,Female,0
19715,19,Male,0
2223,29,Male,0
3293,56,Female,0
18086,18,Male,0
2231,40,Female,1
18724,58,Male,0
13511,61,Male,0
9691,79,Female,1
3334,28,Female,0
4455,38,Male,0
4045,30,Female,0
1577,23,Male,0
1083,24,Male,0
6262,19,Male,0
16487,56,Male,1
18700,48,Female,1
7111,54,Male,0
6713,58,Female,0
7102,76,Female,0
19633,33,Male,0
8934,31,Male,0
13595,35,Female,0
14121,35,Male,0
11777,23,Female,1
5048,41,Female,0
4531,49,Male,1
14133,59,Female,0
5436,45,Male,1
12856,38,Male,1
9902,77,Female,0
16143,20,Male,0
9642,59,Male,0
11938,35,Male,0
13416,71,Male,1
14345,79,Female,0
14231,44,Female,0
2249,67,Female,0
7257,47,Male,0
18563,29,Female,0
6087,57,Female,0
14193,34,Male,0
8724,61,Female,0
1403,37,Female,0
3166,37,Male,1
9877,80,Male,0
12690,78,Male,1
5956,33,Male,0
7923,69,Female,0
12699,38,Male,1
5886,39,Female,0
12876,40,Female,0
4744,64,Female,0
12542,70,Female,1
11146,32,Male,0
5854,46,Male,0
19693,50,Female,0
12213,72,Female,0
15028,42,Female,0
11880,49,Male,0
13618,25,Female,0
7586,53,Male,1
13592,63,Male,0
3004,35,Male,1
9754,58,Male,0
18692,69,Female,1
13262,47,Female,0
14110,40,Male,0
18831,42,Male,0
5469,39,Female,0
9798,77,Male,0
6948,29,Male,0
14286,57,Female,0
19072,25,Male,0
13612,39,Male,0
13650,24,Female,0
17130,37,Female,0
8947,19,Female,0
17713,43,Female,1
18634,77,Female,0
16561,56,Female,0
8172,53,Female,1
19166,23,Female,0
19425,65,Male,1
18868,53,Female,1
13254,58,Female,0
15237,24,Female,0
8603,69,Male,0
15838,54,Male,0
14492,60,Female,1
18820,59,Male,0
19428,65,Female,0
7168,56,Male,0
16081,31,Female,0
15617,60,Female,0
16373,46,Male,0
4328,59,Female,0
12172,31,Male,0
5872,21,Female,0
14364,38,Male,1
2279,31,Male,0
19149,57,Male,0
14070,49,Female,0
9674,73,Male,0
11071,23,Female,0
14412,69,Female,0
15422,25,Female,1
13224,70,Female,0
16602,52,Male,0
6962,57,Female,0
13110,77,Female,0
6670,42,Female,0
16469,24,Female,1
18256,29,Male,1
16614,68,Female,1
9120,53,Male,1
14743,20,Male,0
12323,79,Female,0
15762,18,Female,0
1631,36,Female,0
4367,42,Female,0
11168,32,Male,1
15536,53,Male,0
1713,47,Male,1
14119,24,Female,0
12650,67,Male,1
9991,63,Male,0
8209,63,Male,0
15792,31,Female,0
8149,76,Male,0
8176,60,Male,0
16312,65,Male,0
18637,62,Male,0
15725,58,Male,0
18294,74,Female,0
13553,64,Male,0
4737,49,Male,1
16923,20,Male,0
5476,28,Male,1
19952,70,Female,1
16927,47,Male,0
18980,62,Male,0
16934,73,Male,0
19058,26,Male,0
17026,44,Female,0
6727,49,Female,0
1633,73,Male,0
14583,70,Female,0
2059,67,Female,1
9461,55,Female,0
4941,74,Male,1
14766,79,Female,0
19500,35,Female,0
11783,37,Male,1
11973,19,Female,1
16537,24,Male,0
3724,40,Female,0
8822,56,Male,1
2792,37,Female,0
9586,29,Male,0
14677,59,Female,1
3709,67,Female,1
8815,20,Female,0
14102,73,Female,0
14301,65,Female,0
3510,46,Male,1
11131,56,Female,0
11749,62,Male,0
12977,50,Female,0
2025,67,Male,1
19114,36,Female,0
13462,33,Female,1
9445,60,Male,1
15588,56,Female,0
16186,72,Male,0
17386,46,Female,1
14588,55,Female,0
12933,43,Female,0
13968,75,Male,0
2199,52,Female,0
5894,42,Female,1
12875,61,Female,0
9820,54,Female,1
13947,26,Male,1
13590,63,Female,0
19992,71,Male,1
17106,80,Female,0
18389,57,Female,0
7325,42,Male,0
17083,19,Female,1
18429,34,Male,0
9914,41,Male,0
17414,74,Female,0
16701,50,Male,0
13842,48,Female,0
17009,40,Female,0
17448,30,Male,0
6348,72,Male,0
7101,67,Female,0
1731,78,Female,0
1383,73,Female,0
12840,29,Female,0
18263,31,Female,1
13655,52,Male,0
7090,36,Male,0
15917,65,Female,0
17474,32,Male,0
3347,37,Female,0
14653,29,Female,0
9422,28,Male,0
3695,23,Female,1
6041,27,Female,0
8708,64,Male,0
15093,71,Female,1
2026,32,Female,0
19205,64,Female,0
1208,62,Male,0
6106,27,Male,0
8252,38,Female,0
9097,61,Female,0
16703,18,Female,0
18798,36,Male,0
13195,71,Male,0
13521,64,Male,0
1509,62,Male,1
6644,74,Female,1
13468,57,Female,1
9463,18,Male,1
9242,41,Male,0
19186,49,Male,0
16700,74,Male,0
16699,73,Male,1
2628,51,Male,1
17796,69,Female,0
13868,62,Female,0
13541,47,Female,0
7417,19,Female,0
6938,79,Female,0
7520,20,Male,0
11222,61,Female,0
9363,27,Male,1
12475,40,Male,1
14586,63,Male,0
7849,79,Female,0
9710,30,Female,1
7877,73,Male,0
6149,54,Male,0
3279,33,Female,0
17876,33,Male,0
17900,79,Female,0
13797,62,Male,0
2316,34,Female,0
16857,69,Female,1
5576,72,Male,0
7533,63,Male,0
11716,68,Male,0
14628,69,Male,0
19152,46,Male,0
2417,21,Female,1
13178,33,Male,0
13130,43,Male,1
18273,53,Female,0
19682,28,Female,0
12243,60,Male,0
4811,57,Male,0
8936,67,Female,0
4876,75,Female,0
18640,72,Female,1
4750,64,Female,0
12759,22,Male,0
5823,65,Female,0
7161,22,Female,0
9428,71,Female,0
1462,35,Female,0
16775,79,Female,0
6751,65,Male,0
18865,54,Female,0
2389,72,Male,1
5311,68,Male,0
6620,66,Female,0
17008,27,Male,0
19636,30,Female,1
19591,39,Female,0
1245,39,Female,1
18425,77,Male,1
12943,21,Male,0
19625,36,Female,0
14809,53,Male,0
11072,69,Female,0
9618,21,Male,0
2398,22,Male,0
8665,72,Male,0
11101,25,Male,1
11983,58,Female,0
8695,61,Male,0
3278,23,Female,1
8512,57,Female,0
16453,29,Male,0
1845,28,Male,0
4564,64,Female,0
17801,24,Female,1
8542,53,Female,0
16953,26,Female,1
15863,79,Male,0
11951,31,Female,0
8255,77,Male,0
17108,54,Male,1
17496,21,Male,0
11842,68,Male,0
5088,67,Female,0
17485,66,Male,0
1018,34,Male,0
19727,32,Male,0
3736,54,Male,0
8829,34,Male,0
19867,76,Female,0
11786,75,Female,0
19974,31,Male,1
6176,72,Female,0
19865,38,Female,0
12522,55,Male,0
3970,58,Male,0
14630,69,Female,0
4282,43,Male,0
6357,27,Female,0
11721,73,Male,0
6785,52,Female,1
1771,66,Female,0
3208,36,Female,0
2753,67,Female,0
5138,63,Female,0
18416,63,Male,0
4986,26,Female,0
12663,42,Male,0
3667,41,Male,0
1244,70,Male,0
7316,77,Female,1
1101,33,Female,0
16268,70,Female,0
6453,30,Female,0
5171,60,Female,0
12937,72,Male,0
1268,54,Male,1
9176,48,Male,1
12636,75,Female,0
15347,47,Male,1
7976,51,Female,0
2577,35,Female,0
15756,64,Female,0
5297,71,Female,0
12498,28,Male,1
4277,23,Female,1
2993,77,Female,0
13240,51,Male,0
1585,44,Male,0
1890,36,Male,0
15322,54,Female,0
15056,78,Male,0
16670,42,Female,1
1905,78,Male,0
4385,22,Female,0
15820,23,Female,0
6517,51,Male,0
4038,20,Female,0
12076,41,Male,0
12695,74,Female,0
5975,59,Female,0
14064,42,Male,0
1398,68,Male,0
14693,63,Male,0
17619,19,Male,0
19914,58,Male,0
2418,57,Female,0
11176,78,Male,0
15413,25,Male,1
18704,78,Male,0
12016,70,Female,0
1134,23,Male,0
18364,33,Male,0
11096,53,Female,0
6630,65,Female,0
12778,57,Male,1
5000,41,Female,0
18733,36,Male,0
12978,29,Female,0
4687,77,Female,0
5057,38,Female,0
18771,59,Female,0
13454,73,Female,0
18446,18,Male,1
17163,52,Female,0
16831,31,Male,0
2836,52,Female,1
4299,59,Male,0
4964,51,Male,0
1856,74,Male,1
7631,57,Male,0
16351,61,Male,0
13391,70,Female,0
14851,67,Female,0
6919,59,Female,0
5867,21,Female,0
13543,21,Male,0
3027,60,Male,0
15744,53,Male,0
13624,59,Female,0
13103,22,Female,0
19866,61,Female,0
3730,39,Male,1
7096,60,Female,0
17145,56,Male,0
11366,75,Male,0
18307,68,Female,0
17718,78,Male,0
18598,57,Male,0
17153,30,Female,0
12749,67,Female,0
16607,73,Female,1
2280,75,Male,0
1019,45,Male,1
3898,76,Female,0
14944,76,Female,0
19904,25,Female,0
7934,53,Male,1
1378,69,Male,0
17166,26,Female,1
6524,51,Male,0
16804,20,Female,0
11203,55,Male,0
8424,72,Male,0
19096,42,Female,0
5705,29,Female,1
14725,70,Male,1
11746,76,Female,0
1507,71,Female,0
2924,41,Female,0
8430,35,Female,0
19938,64,Male,1
8137,18,Female,0
4012,71,Female,0
19917,69,Male,0
16744,61,Male,0
18113,68,Male,0
2421,22,Male,0
3914,63,Male,0
18218,74,Male,1
17122,76,Male,0
3706,48,Female,0
14686,68,Male,0
7339,77,Female,0
11852,61,Female,0
18747,30,Male,0
14816,39,Male,0
18992,77,Female,1
13069,47,Female,0
2558,22,Female,0
5584,37,Male,0
14706,18,Female,0
17357,65,Male,0
8130,41,Female,0
9154,31,Female,0
13836,60,Female,1
19338,55,Female,0
12257,41,Male,0
12844,53,Female,0
4769,18,Male,1
11109,72,Female,1
14269,80,Male,0
13914,39,Female,0
1724,67,Female,0
14462,59,Female,0
16126,61,Male,0
1766,36,Female,0
12222,29,Female,0
17507,66,Male,0
12889,24,Female,1
12224,31,Female,1
18295,70,Male,0
17524,39,Female,0
4169,19,Male,0
8129,47,Male,0
16210,80,Female,0
7016,32,Female,0
9279,70,Female,1
11937,40,Male,1
9509,19,Male,0
15768,46,Male,0
19731,76,Female,0
11064,33,Female,1
13229,22,Male,0
12127,27,Female,0
1838,35,Male,1
3626,59,Female,0
16277,76,Male,0
1975,72,Male,1
15882,73,Male,0
9867,50,Female,0
12176,18,Female,0
16625,63,Male,0
14910,38,Male,0
12765,37,Male,0
15627,61,Male,0
15893,30,Female,0
12582,40,Female,0
7477,33,Male,0
6553,43,Male,0
3288,42,Male,0
16190,24,Female,0
4642,72,Female,0
18077,31,Male,0
3271,41,Male,0
17933,53,Male,1
9701,70,Female,0
19019,59,Female,0
3012,19,Male,0
4147,80,Male,0
11833,37,Female,0
14849,18,Male,0
11005,21,Male,0
16830,57,Male,0
15799,55,Female,0
9945,49,Male,0
13330,35,Male,1
12131,77,Male,0
12911,77,Male,0
14782,25,Male,0
1773,22,Male,0
7228,31,Female,0
19766,61,Male,0
17533,35,Male,0
5624,60,Female,0
15520,59,Male,0
14891,23,Male,0
11820,52,Male,0
11966,66,Male,0
5276,67,Male,0
4192,36,Female,1
1147,24,Male,1
8738,36,Female,0
11896,29,Male,0
18502,29,Female,0
2402,71,Female,1
2109,80,Male,1
19930,49,Female,1
14261,40,Male,0
9537,76,Male,0
1399,57,Female,0
6229,21,Male,0
17617,49,Female,0
16401,57,Female,0
6109,20,Female,0
16209,24,Female,0
11433,50,Female,0
15442,28,Female,0
12071,59,Female,1
11063,78,Male,1
18327,43,Male,0
16043,70,Male,0
6650,39,Female,0
12069,77,Female,1
1151,19,Female,0
16877,77,Male,0
4494,41,Female,0
14863,59,Male,0
14067,32,Female,1
19687,33,Female,0
13828,78,Male,0
8999,20,Male,0
9841,51,Male,0
12278,24,Female,1
19801,72,Female,0
17363,27,Female,0
18008,27,Female,0
2177,67,Male,1
9883,20,Male,1
18003,71,Female,0
17973,33,Male,0
4079,18,Female,0
18639,48,Male,0
8141,69,Male,0
8165,45,Male,0
6367,19,Female,0
15208,68,Female,0
5229,65,Male,0
17472,66,Male,0
3311,79,Male,0
15310,67,Male,1
8861,32,Female,0
18421,61,Male,1
19873,45,Male,0
12406,36,Female,0
18344,74,Male,0
18125,56,Male,0
17633,42,Female,0
9433,73,Female,0
12088,32,Female,0
13775,49,Male,0
11359,65,Female,0
3596,67,Male,0
13050,72,Male,0
15522,21,Male,1
1406,46,Male,0
18622,59,Female,0
13893,68,Male,0
8077,69,Female,1
4843,80,Female,0
14751,51,Male,1
6825,38,Male,0
9600,73,Male,1
17411,37,Male,1
6703,76,Female,0
6342,36,Male,0
13960,21,Female,0
12637,36,Female,0
19844,74,Male,0
8168,66,Male,0
9060,20,Female,1
5691,54,Male,0
7020,40,Male,0
13245,18,Female,1
7873,70,Female,1
7223,68,Male,0
1578,43,Female,0
4536,57,Female,0
15901,31,Male,0
5662,22,Female,0
14635,56,Female,0
11500,73,Male,0
13068,76,Female,0
14167,18,Female,1
16257,25,Male,0
4000,54,Female,0
19052,66,Female,0
13273,44,Female,0
8782,41,Male,0
1739,71,Male,0
4817,47,Male,0
1257,55,Male,0
18091,45,Male,1
2323,23,Male,0
15872,39,Male,1
14683,41,Male,1
16510,58,Male,0
8986,57,Female,0
2189,44,Female,0
6118,75,Female,0
5253,64,Female,0
15646,37,Male,0
6534,51,Female,0
18638,80,Male,0
3309,61,Male,0
7203,21,Male,0
15984,63,Male,1
3479,63,Male,0
7664,21,Female,0
18133,76,Female,0
19856,61,Male,0
6316,66,Male,0
1042,65,Female,0
8328,63,Male,0
16224,65,Female,0
1922,35,Male,0
3320,41,Male,0
8287,41,Female,0
18479,26,Male,0
14015,64,Female,0
18822,58,Male,1
6605,58,Female,0
1650,50,Male,0
3853,67,Male,0
14934,21,Female,0
1787,35,Male,0
16443,34,Female,0
6440,62,Female,0
19645,63,Male,1
3725,48,Female,0
13091,46,Female,1
1347,72,Female,0
17193,27,Male,1
16878,35,Female,0
11010,58,Female,0
13865,57,Male,0
12005,25,Female,0
7030,28,Female,0
4943,39,Male,1
18734,44,Male,0
7043,49,Male,1
17934,27,Male,0
4883,75,Female,0
13390,73,Female,1
7366,30,Female,0
19703,67,Male,0
8901,29,Female,0
8745,71,Female,0
13377,21,Male,0
11312,28,Female,0
2029,63,Male,0
7375,61,Male,0
15568,69,Male,0
16789,62,Female,0
13709,27,Male,0
1667,43,Male,0
15519,42,Female,0
11770,75,Male,1
3681,33,Male,1
4268,58,Male,0
6393,19,Male,0
5762,34,Female,0
6177,38,Male,0
5094,63,Male,0
15248,33,Female,0
13545,43,Female,0
12595,76,Female,0
15500,38,Female,0
15884,26,Male,0
19526,70,Female,0
13097,41,Female,0
1744,41,Female,1
13949,41,Male,1
7457,67,Male,0
9803,78,Female,0
13941,28,Male,0
16383,75,Female,0
5992,63,Female,0
17378,53,Male,0
14009,47,Female,1
5482,31,Female,0
11078,48,Male,1
9694,59,Female,0
8491,74,Male,0
15604,54,Female,0
4846,80,Male,1
5343,77,Female,0
14447,41,Male,1
1405,54,Male,0
11436,61,Male,0
6798,26,Male,1
4844,58,Male,1
11159,52,Female,1
19706,40,Male,0
11559,54,Female,1
18914,73,Male,0
2852,77,Female,1
12780,56,Female,0
14768,73,Male,1
13328,42,Male,0
2205,32,Male,1
1590,47,Male,0
15765,61,Female,0
15227,53,Female,0
15424,64,Female,0
14513,42,Male,0
19564,56,Male,0
15598,43,Female,1
19698,22,Female,1
13213,63,Male,0
17935,48,Female,0
13325,76,Male,0
4021,36,Female,0
17540,22,Male,0
5238,49,Male,0
7691,31,Male,0
12526,34,Female,0
11875,30,Female,0
16695,27,Male,0
14174,70,Female,1
3517,28,Female,1
12918,58,Male,1
11624,22,Female,0
11121,55,Male,0
11936,61,Male,1
11067,52,Male,0
9350,46,Female,1
18796,57,Female,0
2952,68,Female,0
6184,47,Male,0
6429,22,Male,0
11245,32,Female,1
11387,70,Male,0
13128,66,Male,0
12877,52,Male,0
12646,23,Female,0
4610,69,Female,0
5902,43,Male,0
11399,77,Female,0
12394,57,Male,0
8468,77,Male,0
15139,70,Female,0
14081,64,Female,0
12901,22,Male,0
11415,46,Male,0
8240,66,Male,0
15089,33,Male,0
14474,25,Female,0
5246,42,Male,0
5648,44,Male,1
8089,80,Female,0
6895,39,Female,1
12379,57,Male,1
6695,53,Male,1
15653,23,Female,0
11516,64,Male,0
14375,38,Male,0
18948,71,Female,1
1066,44,Female,0
9138,33,Female,0
11514,65,Female,0
9119,41,Male,0
17112,68,Male,1
15693,52,Male,1
13519,28,Female,0
18402,44,Female,1
6336,24,Male,1
15953,46,Male,0
19574,34,Male,0
4215,55,Female,0
8539,42,Male,0
8532,80,Female,0
4001,40,Male,1
7811,51,Male,0
14961,41,Male,0
16131,47,Male,1
16834,41,Male,0
2449,27,Female,1
1109,37,Female,1
19353,51,Male,0
13041,78,Female,1
19103,29,Male,0
18187,22,Male,1
2483,78,Female,0
12011,38,Male,0
6854,34,Female,0
5027,21,Male,0
16892,54,Female,0
14164,23,Male,0
18024,63,Male,0
14185,63,Male,0
6653,50,Male,1
5134,77,Male,0
5046,65,Female,0
5503,35,Male,0
18930,64,Male,1
18621,23,Female,1
1691,61,Female,0
16295,32,Male,0
12768,56,Female,0
6315,61,Female,1
13336,44,Female,1
11393,45,Female,1
11255,41,Male,0
5287,21,Female,0
12501,63,Male,0
2430,33,Male,0
1829,67,Female,0
4784,68,Male,1
5022,36,Male,1
18350,78,Female,0
8644,19,Female,0
8139,54,Female,0
13442,44,Male,0
17907,73,Male,0
4182,40,Female,1
1286,73,Male,0
12195,46,Female,1
1858,62,Female,0
16871,77,Female,1
14450,52,Male,0
12400,42,Female,0
4508,73,Male,0
2980,75,Male,0
1678,67,Female,1
15523,30,Female,0
9328,36,Female,0
15055,75,Female,0
4691,67,Male,1
16787,69,Male,0
1671,38,Female,0
6569,38,Female,1
15909,57,Male,0
9247,33,Male,0
15543,79,Male,1
11357,71,Male,0
19263,22,Female,0
4667,58,Male,0
11935,66,Female,0
2915,72,Female,0
17123,45,Male,1
4677,75,Male,1
15528,71,Female,0
1894,21,Female,0
1656,40,Female,1
15264,59,Female,0
7772,26,Male,0
5757,71,Female,1
16366,18,Female,0
9664,63,Female,0
12143,53,Female,1
16564,54,Male,1
8001,40,Female,0
7558,41,Female,0
12422,27,Male,1
13227,19,Female,0
16212,76,Male,0
18554,45,Female,0
18387,63,Female,0
15502,50,Male,0
18778,72,Female,0
3697,26,Male,0
18331,45,Male,1
8019,73,Female,0
12502,55,Female,1
7891,80,Male,0
16651,41,Female,1
6183,44,Female,1
1199,60,Female,1
11955,54,Female,0
15355,22,Male,1
18608,78,Male,0
6815,30,Female,0
6459,32,Male,0
18550,29,Male,0
4289,65,Male,0
17610,65,Male,0
17387,24,Male,1
8795,58,Female,1
11035,21,Male,0
12547,73,Female,0
13675,48,Female,0
19565,29,Male,0
18013,23,Female,1
13696,76,Male,0
1702,66,Male,0
15006,62,Male,0
17350,46,Male,1
9753,58,Female,0
17368,28,Female,0
4467,32,Female,0
19612,28,Female,0
19151,60,Male,0
19444,59,Male,0
14252,40,Male,0
9942,58,Male,0
1110,76,Male,0
17301,67,Female,0
3091,53,Female,0
3231,42,Male,0
12328,52,Male,0
11362,61,Male,0
2515,61,Male,0
9204,33,Female,0
11445,66,Female,0
19260,19,Female,0
19606,69,Male,1
1866,39,Female,0
7386,77,Female,0
17753,49,Male,1
13752,65,Male,0
4247,52,Female,1
12885,33,Male,0
15185,75,Male,0
6688,27,Male,0
12822,57,Male,0
4447,57,Male,0
5342,45,Male,1
19721,45,Male,1
17369,32,Female,0
2967,52,Female,1
4020,28,Female,0
5908,49,Male,0
3728,67,Female,0
1024,49,Female,0
14989,22,Male,0
14887,80,Female,0
3496,51,Male,0
2065,56,Female,1
7647,61,Female,0
14188,41,Female,0
2070,78,Male,0
2659,73,Female,0
15156,70,Male,0
5991,28,Female,0
1335,34,Male,0
9926,74,Male,0
11529,77,Male,0
7794,42,Male,0
15729,64,Female,0
11475,59,Male,0
2639,57,Male,0
9475,75,Male,0
9804,18,Male,0
6328,65,Male,0
17964,42,Male,0
16146,35,Male,0
12466,51,Male,0
12589,78,Male,1
8856,24,Female,0
19020,32,Male,0
2895,26,Male,0
9636,61,Male,0
8651,38,Male,0
13738,69,Female,1
12370,71,Male,0
4224,23,Female,0
4659,21,Male,0
19670,21,Female,1
9900,38,Male,0
11686,72,Male,0
13355,63,Female,0
13635,69,Female,0
11844,18,Female,0
3317,69,Female,0
15038,21,Male,1
19164,48,Female,0
14487,30,Male,0
1535,73,Male,1
2426,28,Female,0
17855,49,Male,0
15138,42,Female,0
17208,21,Female,0
16435,24,Female,0
15107,72,Female,0
3214,28,Female,0
13754,54,Male,0
16078,45,Female,0
18361,55,Male,0
14576,70,Male,0
5578,33,Male,0
8022,69,Female,0
4533,55,Male,1
12203,78,Male,0
19584,62,Male,1
17172,66,Male,0
12181,25,Male,0
11942,31,Male,0
1983,40,Female,0
3105,38,Female,1
16779,23,Male,1
7439,66,Male,0
14914,59,Female,0
1058,21,Female,0
13773,56,Male,0
7449,31,Male,0
9292,56,Male,0
4972,34,Female,1
7730,80,Female,0
15918,36,Female,0
11364,40,Male,1
4604,40,Male,0
18689,33,Female,0
8846,53,Female,0
4903,33,Male,0
16604,28,Male,0
14696,55,Female,1
15533,32,Female,0
16517,45,Female,0
3674,50,Female,0
14838,77,Male,0
3979,27,Male,0
9693,38,Female,1
9793,33,Male,0
4781,18,Male,0
1063,64,Male,0
4338,42,Male,0
17998,45,Male,0
11658,44,Female,0
11815,38,Male,0
3341,19,Female,0
12115,63,Female,0
1457,44,Male,1
9084,63,Male,0
13567,64,Female,1
2662,48,Female,1
9860,72,Male,1
19705,66,Male,0
7977,58,Female,0
3856,20,Female,0
18862,48,Male,0
18289,21,Female,0
15723,80,Female,1
1964,57,Male,0
2482,59,Male,0
4810,76,Male,0
8135,62,Male,1
5369,30,Male,1
14957,67,Female,0
15167,44,Male,0
5154,50,Female,1
4545,47,Male,0
5349,35,Female,1
18738,30,Male,0
6344,59,Female,1
12270,60,Female,0
1011,72,Male,0
17295,47,Female,1
1016,61,Male,1
8514,70,Female,0
8204,28,Male,0
19322,58,Female,0
19546,35,Female,0
11195,54,Male,0
6435,23,Male,0
3820,65,Female,1
7538,33,Male,0
16527,20,Male,0
11945,62,Female,0
8145,29,Male,0
11978,51,Male,0
15771,45,Female,0
14495,34,Female,0
14519,73,Female,0
7436,78,Female,0
9787,37,Female,0
11696,27,Male,0
12271,21,Male,1
18821,70,Male,0
18201,27,Male,0
6555,76,Male,0
1538,61,Female,0
16425,56,Female,1
3298,69,Female,0
4904,32,Male,0
1211,24,Male,0
3888,56,Male,0
11803,27,Male,0
18184,55,Male,0
12746,21,Female,0
4209,24,Female,0
17352,49,Male,1
16488,64,Male,1
6540,56,Female,0
14510,48,Female,0
7782,39,Male,0
13392,67,Female,0
16998,62,Female,0
9703,36,Female,0
6426,50,Female,0
17043,59,Female,0
15743,39,Female,0
18675,76,Female,1
19543,40,Female,0
11744,32,Female,1
3373,74,Female,1
4615,77,Male,1
4634,67,Female,0
5636,44,Female,0
8112,48,Female,0
12391,64,Female,0
7548,74,Male,0
4452,38,Male,1
19111,59,Male,0
17039,38,Male,0
1756,69,Female,0
9250,36,Female,0
15103,44,Male,0
6470,78,Male,0
19413,43,Female,0
17979,77,Male,0
14826,37,Female,1
19912,55,Female,0
7377,45,Male,0
8047,36,Male,0
19046,65,Female,0
14483,35,Male,1
16942,45,Male,0
8242,61,Male,0
16873,69,Female,1
15144,24,Female,0
19839,60,Female,1
15940,39,Male,1
17244,71,Female,0
18045,52,Female,0
6152,41,Female,1
1133,25,Male,1
17521,65,Female,0
12306,23,Male,1
19209,62,Male,0
18120,78,Male,0
9381,70,Female,0
15795,59,Male,0
18699,29,Female,0
12290,62,Male,0
13163,61,Female,0
11241,37,Male,1
17982,27,Female,0
14534,27,Female,0
12674,54,Male,0
18308,42,Male,0
19180,47,Male,0
14195,51,Male,1
13906,75,Male,1
14810,78,Male,0
6782,29,Female,0
4540,35,Female,0
3784,77,Female,0
3245,20,Female,0
3315,29,Male,1
16464,37,Male,0
14088,21,Male,0
17114,47,Female,1
16223,78,Female,0
11055,58,Male,0
12083,27,Female,0
8317,32,Male,0
4409,28,Female,0
2761,25,Female,0
16427,35,Male,0
7839,78,Female,0
19393,26,Female,0
1951,37,Female,0
19869,19,Female,0
17873,43,Female,1
4342,34,Female,0
3509,50,Female,0
19469,34,Male,0
9947,22,Male,0
12238,48,Male,1
6360,61,Male,0
17020,70,Female,0
7781,42,Female,1
1704,74,Male,1
15968,61,Male,0
13582,59,Male,0
7363,80,Female,0
17041,42,Male,0
7545,21,Male,1
8140,28,Male,0
15406,35,Male,0
13742,67,Male,0
6408,42,Female,0
19128,25,Male,0
13225,40,Male,0
9014,33,Female,0
11808,61,Female,0
3077,64,Male,0
18834,69,Female,0
3114,30,Female,1
15001,42,Female,0
16626,65,Male,0
1502,48,Male,1
5903,70,Male,0
19247,41,Female,0
18058,77,Female,1
15949,66,Female,0
7492,59,Female,0
15705,30,Male,0
5851,50,Female,0
3362,72,Female,0
4333,20,Male,0
5683,64,Male,0
9078,58,Female,0
18525,32,Male,0
5286,19,Female,0
7511,56,Female,1
15146,42,Female,1
19187,50,Male,0
4047,41,Male,0
2169,53,Female,0
13461,36,Female,0
3223,74,Male,0
13253,53,Male,0
12015,80,Male,0
7753,52,Male,0
19176,18,Male,0
3837,31,Male,0
18960,21,Male,0
3815,64,Female,0
2702,54,Male,0
18829,19,Female,0
6462,21,Female,0
4403,22,Male,0
12528,31,Male,1
15117,30,Female,0
1721,25,Female,1
4364,40,Male,0
14559,39,Male,0
18469,79,Male,0
18873,63,Male,1
7119,58,Male,0
17445,59,Female,0
9394,49,Male,0
13755,58,Male,0
18224,40,Male,0
15614,60,Female,1
19922,27,Male,0
19726,67,Female,1
14099,30,Female,0
14104,71,Male,0
12675,45,Female,0
13020,67,Male,1
18220,38,Male,0
4161,45,Female,0
12023,37,Male,0
16096,48,Male,0
4538,61,Female,1
9549,41,Male,1
14317,79,Female,0
7524,39,Male,0
19525,36,Female,0
17270,52,Female,1
11388,72,Male,0
1966,75,Female,0
16159,59,Female,0
3102,77,Female,0
14266,53,Male,0
11185,40,Male,0
16266,38,Male,0
16030,76,Male,0
6807,60,Female,0
16071,65,Female,0
15997,47,Male,0
9353,31,Female,0
16290,42,Female,0
4318,26,Female,0
6868,22,Female,0
6108,80,Female,0
3552,23,Female,0
1356,24,Male,0
4411,27,Female,0
4727,52,Male,0
9153,35,Female,1
6546,36,Male,0
6627,67,Male,0
16408,71,Male,1
7067,28,Male,0
18477,63,Male,0
3062,62,Male,1
6573,26,Male,1
11074,71,Female,0
15851,58,Female,0
17489,48,Female,0
4459,74,Male,0
6643,71,Female,0
12291,56,Female,0
9239,61,Female,0
16136,55,Female,0
7129,26,Female,1
19405,26,Female,0
19805,20,Male,0
9831,76,Female,1
14109,68,Female,0
9597,75,Female,0
13727,44,Male,0
15801,71,Female,1
14007,29,Male,1
6478,69,Male,0
17030,38,Female,1
8966,73,Male,0
12452,71,Male,1
14865,19,Male,1
18073,49,Female,0
1537,67,Male,0
8976,57,Female,0
8548,34,Female,0
1460,19,Female,0
17231,37,Female,0
8684,47,Male,0
18227,39,Female,0
15545,42,Female,0
15547,31,Male,0
18710,69,Male,1
18252,63,Male,0
19697,72,Male,0
7454,18,Female,0
15626,32,Male,0
7405,75,Male,0
7402,52,Female,0
15362,21,Female,0
5761,39,Female,0
13396,23,Male,0
8084,45,Male,0
12317,38,Male,0
18995,63,Male,1
15075,54,Male,0
8392,37,Male,0
6442,70,Female,1
11386,79,Female,0
15054,58,Male,0
15962,75,Female,1
17337,70,Female,0
18028,56,Male,0
17522,36,Male,0
18009,72,Female,0
18923,19,Female,0
13077,46,Female,0
15625,43,Male,0
16342,49,Male,1
3543,71,Male,0
4298,65,Female,0
7574,27,Female,1
12398,72,Male,0
6891,63,Male,0
11630,71,Male,0
19371,52,Female,0
3731,51,Male,0
11665,77,Female,1
4412,48,Male,1
2801,68,Female,0
12007,80,Male,1
19224,58,Male,0
16507,25,Male,0
13957,60,Male,1
15998,37,Male,1
17914,71,Male,0
17749,72,Female,0
15479,50,Male,0
18762,65,Male,0
18526,54,Female,1
8265,60,Female,0
13768,51,Male,0
6349,76,Male,0
1700,34,Male,0
7368,45,Female,0
14455,48,Female,1
1086,76,Male,0
2275,21,Male,0
11288,25,Female,0
11278,61,Male,0
12020,41,Male,1
1443,70,Male,0
19398,67,Male,0
5186,69,Female,1
7743,40,Female,0
13072,20,Male,0
12092,51,Male,0
16846,35,Female,0
3239,80,Male,0
2033,32,Male,0
13027,18,Female,0
16573,60,Female,0
19506,72,Male,0
16591,27,Male,0
3996,55,Male,0
2984,44,Female,0
17400,69,Male,0
9364,69,Female,0
2013,56,Male,0
7814,66,Female,0
5558,72,Female,0
13606,38,Male,1
2489,79,Male,0
11719,80,Female,0
17464,60,Male,0
13739,30,Female,0
7878,56,Female,1
11843,72,Female,0
8451,32,Female,0
17752,46,Male,0
15751,49,Male,1
12043,45,Male,0
13725,50,Female,0
9747,36,Male,0
1545,63,Male,0
5754,71,Female,1
1688,68,Female,0
12130,66,Female,0
11317,56,Female,0
8653,73,Male,0
14374,48,Male,0
17902,66,Female,0
6685,23,Male,0
18571,56,Female,0
18412,54,Female,0
12645,54,Male,0
16161,48,Female,0
14886,68,Male,0
8403,66,Female,1
17874,59,Male,1
9751,22,Male,0
9062,60,Male,0
12980,47,Male,0
5656,79,Female,1
2735,38,Female,0
19712,60,Male,0
3683,33,Male,0
6802,42,Female,0
2321,52,Male,0
11137,74,Male,0
9455,31,Female,0
17775,68,Female,0
7264,39,Female,0
18451,30,Female,0
6906,58,Male,0
2305,71,Male,0
17519,78,Female,0
14054,42,Male,0
1292,56,Male,0
7248,62,Female,1
3078,29,Female,1
1686,43,Female,0
3117,48,Female,0
16504,37,Male,0
6480,18,Male,0
11452,23,Male,0
19253,70,Male,1
5217,56,Male,0
1846,64,Male,0
3734,69,Female,0
6127,52,Female,0
16113,32,Female,0
18170,44,Male,0
12179,78,Female,0
14606,69,Female,1
4760,33,Male,0
8024,47,Male,0
3623,49,Male,0
15684,64,Male,0
11106,28,Female,0
8338,53,Female,0
19647,44,Female,0
19132,36,Male,0
4721,46,Male,0
4207,39,Female,0
19304,21,Female,0
5541,65,Female,0
6434,47,Male,1
18533,69,Male,0
1224,63,Female,0
12805,21,Female,0
18367,26,Female,1
14154,58,Male,0
8583,67,Male,0
12558,27,Male,1
9874,28,Male,0
9901,78,Female,0
4562,47,Female,1
7263,78,Male,0
11138,23,Male,0
3474,31,Male,0
14128,58,Female,1
11421,18,Male,0
19560,36,Male,0
4195,32,Female,0
13200,27,Male,0
12161,36,Female,0
11334,73,Female,0
5341,56,Male,0
6928,79,Female,0
4692,62,Female,0
19889,72,Male,0
16409,43,Female,0
12756,63,Male,0
18838,41,Female,1
11191,40,Male,0
19218,51,Female,0
1256,31,Female,0
11059,40,Female,0
8313,80,Female,1
11060,24,Female,0
18896,74,Female,1
3822,61,Male,1
7577,78,Female,1
16559,55,Male,0
19115,28,Male,0
4351,63,Female,0
15841,51,Female,0
9399,30,Female,0
13306,60,Male,0
12124,28,Male,1
7173,24,Female,0
18888,21,Male,0
3392,58,Male,0
5700,29,Male,0
12333,70,Male,0
11561,49,Male,0
4915,39,Female,0
2289,76,Female,0
9608,29,Female,1
2936,60,Female,0
1539,70,Male,0
4864,78,Male,0
16241,78,Male,0
17188,44,Male,0
18257,31,Male,0
12800,21,Female,1
4317,67,Male,0
17451,34,Female,1
13122,72,Male,0
4783,64,Male,0
13447,42,Female,1
1059,37,Male,0
8075,63,Male,0
12775,76,Male,0
17544,18,Female,1
14201,80,Male,0
11670,77,Female,0
2409,32,Male,0
7181,22,Female,0
11661,69,Female,0
8602,40,Male,0
2273,67,Female,0
19519,19,Female,0
6286,64,Female,0
18063,48,Male,0
19094,59,Male,0
2366,29,Female,0
4210,75,Female,0
19875,46,Female,0
5462,78,Female,0
8669,61,Female,1
3128,26,Male,0
6835,18,Male,0
3570,61,Female,0
5241,22,Female,1
5265,72,Male,1
13907,70,Male,0
6225,49,Female,0
14045,80,Female,1
16237,26,Female,0
17889,55,Female,0
17453,53,Female,0
18152,58,Female,0
16710,64,Male,0
17859,49,Female,0
18395,36,Male,0
17463,31,Female,0
18102,40,Female,0
2330,51,Female,1
14835,39,Male,0
1490,23,Male,1
18648,55,Female,0
15230,60,Male,0
16648,62,Male,0
11891,74,Male,0
15911,55,Female,0
6338,27,Male,0
12353,39,Female,0
5696,24,Female,1
19144,34,Male,0
4911,53,Female,0
16749,49,Female,1
7353,49,Male,0
14247,49,Female,0
2569,26,Female,0
17264,73,Female,0
13904,78,Female,0
18568,62,Male,0
12321,66,Male,0
19159,25,Female,1
12030,41,Male,0
16768,45,Female,0
7761,48,Male,1
12898,55,Female,0
12648,73,Male,0
4265,33,Male,0
17358,34,Male,0
4528,55,Male,0
3796,67,Female,1
18420,68,Female,1
18288,34,Male,0
7887,19,Female,0
9040,24,Male,0
6956,55,Male,0
17797,75,Male,0
9791,62,Male,0
8813,63,Female,1
4407,63,Female,1
12267,77,Male,0
5768,50,Female,0
9127,58,Female,0
7963,31,Male,0
13158,26,Male,0
13978,26,Male,0
13905,39,Male,0
11155,29,Male,0
5163,20,Female,0
16065,50,Female,0
11423,56,Female,0
15371,25,Male,0
1315,48,Male,0
1006,24,Male,1
13324,25,Male,1
7801,61,Female,0
1049,50,Female,0
18491,56,Female,0
17666,37,Male,0
12825,29,Male,0
6422,79,Female,1
17239,44,Female,0
11394,19,Female,0
16167,50,Female,1
7267,21,Female,0
6322,56,Female,1
18807,51,Male,0
9708,26,Female,0
14000,76,Male,0
1821,55,Male,0
13250,39,Female,0
13881,68,Female,0
13542,63,Female,0
2624,73,Female,0
1005,25,Female,0
19896,66,Male,0
15218,54,Female,1
6458,69,Male,0
19621,76,Female,0
18144,19,Female,0
15730,79,Female,0
13539,23,Female,0
2657,79,Male,0
12499,40,Female,0
13811,61,Female,0
3236,45,Female,1
8662,41,Male,0
6939,75,Female,0
15669,39,Male,1
4956,36,Female,0
13622,44,Male,0
16543,50,Female,0
6947,55,Male,0
12218,26,Female,1
16387,58,Female,0
7134,47,Female,0
2317,26,Male,0
12009,70,Female,0
8908,32,Male,0
14614,42,Male,1
5932,32,Female,1
17963,33,Female,0
7040,45,Male,0
5723,65,Male,0
7468,44,Female,0
1464,45,Male,0
19261,69,Male,0
7503,37,Male,0
1303,34,Male,0
11201,24,Female,0
3126,48,Female,0
19203,32,Female,0
4809,72,Female,0
14971,34,Male,1
7269,20,Female,0
12460,43,Male,0
2756,55,Male,0
9673,48,Female,0
12858,18,Male,0
2461,56,Female,0
12835,60,Male,1
15020,64,Female,0
19016,25,Female,0
14975,53,Female,0
9631,28,Female,1
8315,73,Female,0
2602,26,Female,0
11639,29,Male,0
19239,35,Male,0
15906,39,Female,0
13631,53,Female,0
15885,67,Female,1
9967,68,Female,0
18464,70,Male,0
11466,23,Female,0
11327,36,Male,0
8551,22,Male,1
2439,33,Male,0
16069,79,Male,0
18650,22,Male,0
7158,30,Male,0
2855,72,Female,1
3254,44,Female,0
11416,19,Male,1
14933,59,Female,0
13744,78,Female,1
8739,50,Male,0
3144,80,Male,1
13301,37,Male,0
14935,21,Female,0
9979,58,Male,0
12432,73,Male,0
5333,38,Female,0
17236,57,Male,0
18342,30,Male,1
17435,57,Male,0
5643,43,Male,0
19926,44,Female,0
13222,35,Male,0
17655,46,Male,0
12297,41,Male,0
16503,62,Female,0
5021,77,Male,1
3816,32,Female,0
18241,57,Male,0
17262,24,Male,0
12248,62,Female,0
12497,53,Female,0
12315,69,Female,1
13007,80,Female,0
17131,50,Female,1
2996,29,Male,0
18503,65,Female,0
14639,79,Male,0
3446,64,Female,1
14172,47,Female,0
2789,61,Female,0
13393,38,Female,0
9655,45,Male,0
13154,65,Male,0
15396,74,Male,0
6223,50,Female,0
4701,31,Male,0
16177,33,Male,1
3617,48,Male,0
16157,71,Female,0
6295,33,Male,0
1934,61,Female,1
18508,26,Female,0
19521,79,Male,0
4694,64,Female,0
8585,40,Male,0
9270,25,Female,0
14524,54,Male,1
12108,52,Male,0
8579,77,Female,1
15905,50,Female,0
14819,71,Female,0
15503,71,Male,1
5033,48,Female,0
13342,26,Female,0
8994,75,Male,1
13455,35,Female,0
15990,80,Male,0
18030,50,Female,0
6915,71,Male,0
5477,69,Male,1
15835,19,Female,0
16007,78,Female,0
11263,77,Male,0
9568,71,Female,0
11678,29,Female,0
6541,77,Female,0
8985,27,Female,0
13813,27,Female,0
11181,62,Male,0
1331,25,Male,0
11963,25,Male,0
7398,68,Male,1
5442,47,Male,0
13282,43,Female,0
2073,31,Female,0
5444,59,Male,0
3848,29,Male,0
3581,42,Female,1
14594,78,Male,0
14731,47,Male,0
8740,53,Male,0
8473,26,Female,1
15758,70,Female,1
4246,57,Female,0
8158,69,Male,0
4193,29,Female,0
19902,40,Female,1
4501,41,Female,0
17746,60,Male,0
12162,68,Male,0
11922,51,Female,1
15307,73,Male,0
17568,27,Female,1
16037,19,Male,1
19915,56,Male,0
19595,60,Male,0
2619,76,Male,0
9995,61,Male,0
5372,75,Female,0
4083,60,Female,0
14331,26,Male,0
17488,50,Female,0
2865,31,Female,0
4593,58,Female,1
16352,64,Male,0
4573,51,Female,1
19157,20,Female,0
16826,79,Male,0
2291,20,Male,0
11392,35,Female,1
16886,31,Female,0
13922,49,Male,0
7112,67,Male,0
9404,35,Female,1
2594,74,Male,0
5602,18,Female,0
17226,31,Male,0
14095,23,Male,0
7414,80,Male,0
13854,45,Male,0
3490,29,Female,0
14850,44,Male,0
9476,48,Male,1
15145,61,Male,0
19234,62,Female,0
11037,56,Female,0
18642,75,Female,0
19194,36,Female,0
6413,19,Female,0
15788,48,Female,1
7171,19,Male,0
9886,59,Male,1
14341,57,Male,0
12491,49,Female,0
3618,75,Male,0
13402,48,Female,1
6207,41,Male,0
11911,39,Male,0
1313,51,Male,0
6244,30,Male,0
9932,78,Female,0
6386,56,Male,0
11396,24,Male,0
3655,44,Female,0
7955,48,Male,0
4741,58,Female,0
16339,47,Female,0
19146,78,Male,0
4570,60,Female,0
18963,34,Male,0
16263,50,Female,0
16912,51,Male,1
17475,43,Female,0
8965,50,Male,0
3951,69,Female,0
6120,71,Male,0
17816,39,Female,0
19695,37,Male,0
1693,39,Male,0
16810,31,Female,0
18626,39,Female,0
19287,36,Male,1
13349,57,Female,0
16677,38,Male,0
15969,46,Female,0
6254,44,Male,1
4937,35,Male,1
14855,57,Female,0
13861,50,Male,0
4134,54,Male,1
19620,52,Male,0
13767,18,Male,0
2325,74,Male,1
8848,21,Female,0
19003,72,Female,1
12281,27,Male,0
19533,25,Female,0
1112,58,Female,0
12334,52,Female,0
9272,80,Male,0
9241,20,Male,0
11048,32,Male,0
6083,25,Male,0
17574,37,Female,0
5334,48,Male,0
13258,26,Male,0
8189,76,Male,0
8285,48,Male,0
8205,70,Female,1
19374,60,Male,0
19133,53,Male,0
8378,61,Male,0
1428,53,Female,0
18869,36,Female,0
8126,41,Female,1
18176,62,Female,0
6096,53,Male,0
19819,72,Female,0
3786,53,Male,0
1774,59,Female,0
17476,54,Female,1
4623,58,Male,0
19195,67,Male,1
8587,69,Female,0
12028,72,Male,1
18119,58,Male,1
19225,56,Female,0
15930,44,Male,1
19357,39,Female,0
7901,22,Male,0
11247,21,Female,0
1561,35,Female,0
4954,21,Female,0
7259,56,Male,0
11979,23,Male,1
13201,50,Male,0
19863,66,Female,1
16034,23,Female,1
2385,80,Female,0
15934,80,Male,0
11610,63,Female,0
4226,68,Male,0
3519,37,Male,1
2091,21,Female,0
11291,61,Female,0
3037,23,Female,0
2814,74,Female,0
11226,75,Male,0
17769,25,Male,1
1584,74,Female,0
4422,65,Male,0
12352,49,Male,0
12044,28,Female,0
4018,31,Male,0
11275,36,Female,0
9933,73,Male,0
1610,57,Female,0
5787,43,Male,0
3302,37,Female,1
2035,20,Male,0
14670,54,Female,1
13267,24,Female,1
18441,71,Male,0
11016,23,Female,1
12038,56,Female,0
4509,53,Male,1
4673,64,Male,1
7365,46,Female,0
11493,54,Male,0
16137,50,Male,0
15395,79,Female,0
6648,37,Female,0
4718,43,Female,0
9518,32,Male,0
3526,59,Male,0
9692,51,Female,0
4066,68,Female,0
3024,80,Male,0
7401,24,Male,0
12102,27,Male,1
19656,56,Female,0
6723,25,Female,0
11404,43,Male,1
16888,59,Female,0
16165,35,Male,0
19233,32,Female,0
9321,78,Female,0
19823,68,Male,0
11671,79,Female,1
12384,43,Male,0
11202,71,Male,0
14741,19,Male,0
16083,55,Male,1
13760,74,Female,0
19284,57,Male,1
11733,29,Male,0
16191,79,Male,0
1387,68,Male,0
14105,55,Female,1
9023,47,Female,1
14549,44,Female,0
15714,26,Male,1
1071,54,Female,0
15980,23,Female,0
1995,33,Female,0
5445,35,Female,0
14542,79,Female,0
1720,61,Male,0
3453,29,Male,0
6960,25,Female,0
11418,74,Male,1
6516,69,Female,0
19921,27,Female,0
19713,60,Female,1
2129,52,Female,0
18946,19,Female,0
11319,24,Female,0
8037,49,Male,1
5929,57,Male,1
4796,66,Female,0
11196,68,Male,0
19512,60,Male,1
4922,78,Female,0
18122,37,Male,0
18687,75,Female,0
11170,79,Female,0
5681,61,Male,0
19632,52,Male,1
1416,38,Female,0
5321,33,Male,0
14753,35,Male,0
19981,19,Male,0
4163,24,Male,0
4165,22,Male,0
5917,25,Male,1
8594,33,Female,0
19248,44,Female,0
9551,40,Male,0
12740,74,Male,0
17828,36,Female,0
3019,23,Female,0
6750,59,Female,0
1455,21,Female,0
5425,68,Female,0
14489,62,Female,0
5767,25,Male,0
3845,74,Male,1
17449,48,Female,1
19267,23,Female,0
3797,52,Male,0
17638,33,Female,1
8300,34,Male,0
6599,49,Male,0
14716,25,Female,1
15727,51,Male,0
2170,62,Male,1
12892,23,Female,0
12592,37,Male,0
9677,42,Female,0
5827,65,Male,0
17087,43,Male,0
13783,33,Male,1
19367,19,Male,0
16108,26,Male,1
18025,65,Male,0
18219,52,Male,0
9713,75,Female,0
8094,79,Male,1
8045,78,Female,1
1447,61,Female,0
18945,19,Female,1
15857,67,Female,0
19640,43,Male,1
1555,55,Female,1
2539,80,Female,0
5670,29,Female,1
15732,55,Male,0
11776,60,Male,0
4119,70,Male,0
11411,75,Male,0
15555,59,Male,0
5529,78,Female,1
12469,69,Male,0
12627,35,Male,1
2759,76,Female,0
9216,57,Male,0
19923,23,Male,0
13119,25,Female,1
6421,39,Male,0
17953,25,Male,0
9262,48,Female,0
14249,60,Female,0
12714,73,Female,0
2429,62,Female,1
5067,49,Male,1
19035,41,Female,0
14620,55,Female,1
17156,54,Female,0
5510,56,Female,1
8125,70,Female,0
11295,19,Male,0
18259,76,Female,0
17863,62,Female,1
18476,73,Female,1
12275,55,Male,0
9675,51,Male,0
13962,56,Male,0
2572,41,Male,0
17825,28,Female,0
19813,42,Female,0
7600,46,Male,0
5599,50,Female,0
19592,37,Male,0
19370,24,Male,0
17487,76,Male,0
9358,42,Male,1
14956,54,Male,0
17259,60,Male,1
5554,76,Female,0
17538,24,Female,0
14940,33,Male,0
15526,32,Male,0
7542,19,Male,0
15770,51,Female,0
1999,67,Female,0
15375,28,Male,0
15019,72,Female,0
2991,33,Male,0
18325,26,Female,1
7892,77,Male,0
7309,36,Male,1
18558,42,Male,0
14065,53,Female,1
16772,28,Male,0
15516,24,Male,0
3732,77,Female,1
13720,52,Female,0
18777,72,Female,1
17356,32,Female,1
14610,24,Female,0
9930,25,Female,0
1324,34,Female,0
16015,78,Male,0
6720,42,Male,0
13626,58,Female,0
7998,49,Female,0
15254,33,Female,0
11032,28,Female,0
16120,21,Female,0
4832,31,Female,0
4676,54,Female,0
6873,64,Male,0
18396,66,Female,0
19458,63,Male,0
8030,54,Female,0
18138,76,Male,0
6509,57,Male,0
4908,57,Female,0
1277,20,Female,0
7406,38,Male,0
1914,25,Male,1
19281,42,Male,0
15922,38,Female,0
7000,68,Female,0
4301,27,Male,0
1562,54,Female,0
9882,78,Female,0
7959,18,Male,0
16689,62,Female,0
13430,50,Male,0
17332,28,Male,0
11143,27,Male,1
8379,29,Male,1
14323,52,Male,0
12841,43,Male,1
18222,48,Male,1
19735,58,Male,1
19306,25,Female,0
15176,69,Male,0
19123,65,Male,0
11840,30,Female,1
12575,24,Male,0
2480,40,Female,1
1251,52,Female,1
9095,48,Female,1
1312,53,Female,1
14050,19,Female,0
1568,35,Male,0
1305,24,Male,0
7319,29,Male,1
12087,79,Male,0
9639,25,Female,0
3872,45,Male,0
14644,51,Female,1
19501,26,Male,0
4166,50,Female,0
1732,63,Female,0
1475,71,Male,0
1611,32,Female,1
18334,42,Male,0
12058,33,Male,0
14866,36,Male,0
19226,80,Male,1
19780,68,Male,0
19832,35,Female,0
2637,63,Female,0
8758,30,Male,0
4919,61,Male,0
12685,50,Female,0
7242,60,Female,0
19957,28,Female,0
6530,59,Male,1
3050,79,Female,0
3909,22,Female,0
19760,28,Female,0
14432,19,Female,1
19911,31,Male,0
1979,43,Male,1
14846,39,Female,0
7318,42,Male,0
4975,29,Male,0
3416,36,Male,1
14479,38,Male,0
5773,61,Male,0
19522,79,Female,1
17929,25,Male,0
16572,79,Female,1
19988,56,Male,0
15318,49,Female,1
4092,66,Male,0
5023,41,Male,0
5251,79,Male,0
15071,68,Female,0
1917,21,Male,0
19456,51,Male,0
16558,31,Male,0
2791,71,Male,0
4759,27,Male,0
4476,40,Male,0
2553,48,Female,0
5947,40,Male,0
16908,61,Female,1
3572,73,Female,1
18015,76,Female,0
7980,19,Female,0
18667,58,Female,0
19660,76,Male,0
16969,66,Female,0
18279,73,Male,0
19994,64,Male,0
18714,58,Male,0
12531,54,Female,0
7521,53,Female,0
3842,52,Male,0
12118,50,Female,0
16674,51,Male,1
17961,72,Male,1
14190,65,Male,0
2452,60,Male,0
3216,34,Male,0
1649,20,Female,0
19199,71,Male,0
5659,45,Male,0
8413,41,Male,0
13386,73,Male,0
11892,25,Female,0
3990,39,Female,1
6115,28,Male,0
11755,62,Female,0
3253,53,Male,0
5104,58,Male,0
7915,23,Female,0
14259,23,Male,0
3733,36,Male,0
14078,41,Female,0
7258,60,Male,0
9255,18,Female,0
13887,33,Female,0
2718,36,Female,1
9903,43,Male,0
1644,44,Male,0
13003,77,Male,1
18054,50,Female,0
5687,57,Female,0
3540,28,Male,0
2579,67,Female,0
6779,44,Female,0
6093,80,Male,0
16715,37,Female,0
4863,73,Male,0
17623,20,Female,0
12785,72,Female,0
3372,31,Female,1
9682,58,Female,0
3883,58,Female,1
17161,33,Male,0
5904,35,Female,0
19211,35,Male,0
18506,29,Female,1
4101,20,Female,0
19935,58,Male,1
19465,66,Male,0
16005,24,Male,1
19762,57,Female,1
7403,60,Female,0
8892,54,Female,0
11102,25,Female,1
15471,75,Female,1
4419,21,Male,0
11420,46,Male,0
6963,78,Female,0
16221,75,Male,0
9904,80,Male,0
2373,45,Male,0
5850,52,Male,0
8776,39,Female,0
17125,31,Male,0
11311,60,Male,0
14469,44,Female,0
13954,20,Male,1
15249,74,Male,0
5883,77,Female,0
9622,64,Female,1
8903,47,Male,1
4858,39,Female,0
1714,61,Female,1
11914,57,Male,0
2345,25,Female,0
18823,38,Female,0
19472,37,Male,0
9128,44,Female,0
16636,46,Male,0
18447,29,Female,0
8798,73,Male,0
12774,62,Female,0
5368,21,Male,0
5782,70,Male,0
17712,74,Male,0
13498,71,Male,0
4401,60,Male,0
4552,26,Male,0
8179,18,Female,0
18903,29,Male,0
9936,57,Male,0
19597,73,Male,0
6255,75,Female,1
5840,44,Female,0
8068,63,Female,1
8431,48,Male,0
8353,80,Female,0
15190,80,Male,0
17648,58,Male,0
12784,66,Female,0
7482,22,Female,0
17471,69,Female,0
18532,68,Female,0
18900,66,Female,0
14818,46,Female,0
19779,52,Male,0
13494,65,Female,0
12625,48,Female,0
6860,62,Female,0
9459,48,Male,0
8616,61,Female,0
1520,43,Male,0
6389,60,Female,0
17421,50,Female,0
15470,26,Male,1
15389,78,Female,0
8540,57,Male,0
6535,31,Male,1
13848,37,Male,0
5295,26,Male,0
6474,41,Female,0
16489,52,Female,0
11565,60,Male,0
17846,35,Female,1
18006,73,Female,1
9495,67,Male,0
19849,25,Male,0
18251,34,Female,1
18616,31,Male,0
6284,25,Female,0
15535,36,Female,0
11379,30,Male,1
3299,59,Male,0
2953,54,Male,1
9587,61,Male,0
3425,25,Female,0
4004,27,Male,1
13284,69,Female,0
17170,60,Male,0
17133,23,Male,0
3274,69,Male,1
1589,34,Female,0
2914,59,Female,1
14640,36,Male,0
3072,22,Female,1
4973,20,Female,0
8538,24,Female,1
2590,52,Male,1
8041,70,Female,0
9051,30,Female,0
7556,56,Male,0
11883,31,Female,1
12984,63,Male,0
4148,61,Male,1
13654,56,Male,1
16571,22,Male,0
11513,32,Male,1
2379,61,Male,0
15040,19,Female,0
17109,33,Male,0
11075,43,Female,0
6405,20,Female,1
15037,42,Male,0
17699,79,Male,0
15896,64,Male,0
7856,68,Male,0
8756,25,Male,0
6467,61,Female,1
8203,74,Male,0
5832,52,Male,1
17384,27,Female,0
15755,24,Female,0
9083,34,Male,0
7229,80,Female,1
14260,77,Female,1
14235,50,Male,0
13917,32,Male,0
8801,49,Female,0
17274,24,Male,0
3169,46,Male,1
12830,51,Male,1
5537,46,Male,0
18474,73,Male,0
4295,37,Female,0
1488,26,Female,0
6346,42,Female,0
4594,65,Female,0
3855,54,Female,0
5135,34,Male,1
7288,38,Male,0
16566,31,Female,0
9300,47,Male,0
6942,56,Female,0
15042,28,Female,0
2155,66,Female,0
16317,19,Female,1
1810,73,Female,1
3458,22,Male,0
4336,24,Female,0
12600,36,Female,0
6773,41,Female,0
14183,25,Male,0
16737,62,Female,0
18484,72,Male,0
2973,38,Male,1
6619,26,Female,0
12201,48,Male,0
19828,43,Female,0
19542,58,Female,1
8484,22,Female,0
2264,74,Male,0
13597,28,Female,0
8843,20,Female,1
4635,60,Female,0
7442,24,Male,1
2497,66,Male,0
4174,68,Female,1
8301,40,Male,0
3276,67,Male,0
16117,69,Female,0
16894,32,Male,1
2069,30,Female,0
7498,78,Male,0
11473,54,Male,0
7435,21,Female,1
14336,25,Female,1
11235,35,Female,0
2837,21,Male,0
9494,53,Male,0
16297,64,Female,0
3830,66,Male,1
3210,34,Female,0
19336,30,Male,0
12634,25,Female,0
16010,18,Male,1
13965,39,Male,0
3981,33,Male,0
12986,59,Female,0
7371,80,Male,0
2320,51,Male,0
18631,68,Male,0
19947,53,Female,0
11882,30,Female,0
1798,71,Male,0
11921,74,Female,0
13093,43,Female,0
18595,74,Male,0
5488,35,Male,0
12228,69,Female,0
11953,80,Female,0
19091,77,Male,0
2329,65,Female,0
9218,43,Female,0
17871,28,Male,0
18284,63,Male,0
8627,34,Female,0
13312,50,Male,0
6156,25,Male,0
11455,31,Female,0
16079,27,Male,0
5203,73,Female,0
8336,26,Female,1
4774,78,Male,0
6147,78,Male,0
15850,31,Male,0
17587,27,Male,0
6018,50,Female,1
7713,20,Female,0
5573,71,Male,0
11704,21,Female,0
17523,77,Female,0
9158,58,Male,0
18546,74,Male,0
3486,64,Male,0
17419,61,Female,0
7649,30,Male,0
15039,72,Male,0
2524,38,Male,0
11406,24,Female,0
1916,73,Male,0
13740,61,Female,0
19179,56,Male,0
16619,47,Male,0
5630,62,Male,0
17303,45,Female,0
19009,65,Female,0
7304,68,Male,1
16412,35,Male,0
13527,30,Male,0
15127,74,Male,0
4330,61,Female,0
6588,31,Male,0
15602,73,Female,1
14368,21,Female,0
1551,74,Male,1
9603,29,Female,0
1368,71,Female,0
5463,18,Male,0
14926,62,Male,1
19112,19,Female,0
17290,50,Female,0
8924,25,Female,0
16185,33,Male,1
13625,50,Female,0
17389,43,Female,1
3766,49,Male,0
11646,28,Female,0
16512,46,Male,0
18066,59,Male,0
16516,38,Female,0
14843,35,Female,0
18434,39,Female,0
16300,65,Male,0
13444,27,Female,0
19649,74,Female,0
16369,56,Female,1
11909,25,Male,0
12142,35,Male,0
5210,50,Female,0
19616,44,Female,0
16637,54,Male,1
13657,51,Male,1
1266,23,Male,0
4428,60,Male,1
7329,48,Male,0
2851,41,Female,0
4539,20,Female,1
19272,55,Female,1
18957,37,Male,0
12197,50,Female,0
14770,47,Male,1
9187,64,Female,0
12994,28,Male,0
19092,43,Female,0
2027,52,Female,0
18462,59,Female,0
9188,35,Female,0
9972,21,Male,0
16579,54,Male,0
11412,49,Male,1
8337,38,Male,1
5319,78,Female,0
4717,23,Male,0
16890,25,Female,0
11236,31,Male,0
7481,77,Female,1
5580,19,Male,0
5763,44,Female,1
14950,42,Female,1
16336,19,Female,0
19464,80,Male,1
19394,50,Male,0
8707,19,Female,0
17827,37,Male,1
1817,63,Male,0
5010,26,Female,0
2849,56,Male,0
11249,68,Female,0
1516,61,Female,0
5373,37,Male,0
16590,37,Male,1
12673,65,Male,0
18390,61,Male,0
15652,60,Male,0
1684,38,Female,1
18786,51,Male,0
12862,41,Female,0
7643,39,Female,0
6864,30,Male,0
5731,34,Female,0
14666,37,Male,0
15068,18,Male,0
19651,34,Female,1
9711,36,Female,0
11848,52,Female,0
9514,39,Female,0
7560,49,Female,0
2443,47,Male,0
6628,77,Female,0
14872,46,Male,0
7541,33,Female,0
19973,60,Male,1
13477,31,Male,0
16492,23,Male,0
13070,28,Male,0
13394,43,Male,0
16074,24,Female,1
15411,46,Female,1
17179,21,Male,0
13395,49,Male,0
17380,42,Male,0
16711,53,Female,1
2945,55,Male,0
5308,63,Female,0
5818,58,Male,0
3101,67,Female,1
2695,18,Male,0
4736,64,Male,0
4386,62,Male,0
17379,31,Male,0
2327,44,Female,0
15140,77,Female,0
18890,22,Male,0
14948,43,Female,0
16902,54,Female,0
18857,61,Male,0
18269,37,Female,1
12239,70,Male,0
4704,56,Male,0
17086,60,Male,1
14334,19,Male,1
13584,49,Female,0
18267,78,Male,0
3261,64,Female,0
8443,61,Female,0
3375,78,Female,0
13017,42,Male,0
11705,46,Female,0
19439,60,Male,0
8450,74,Female,0
18573,54,Male,0
9761,61,Female,0
11568,73,Female,0
9617,53,Female,0
9468,41,Male,0
8960,62,Male,0
4586,71,Female,0
6993,33,Male,0
5150,73,Female,0
18668,47,Male,0
15155,68,Female,0
14270,44,Female,0
11689,51,Male,0
11651,68,Female,0
12174,70,Female,0
19589,24,Female,0
12054,50,Male,0
15446,41,Female,1
8799,27,Female,0
15831,62,Male,1
18894,71,Male,1
3808,70,Female,0
14354,79,Male,0
15098,68,Female,0
2101,19,Female,0
15397,69,Female,0
2561,37,Male,0
14326,60,Male,0
9348,74,Male,0
15742,69,Female,1
13604,64,Female,1
15832,56,Female,0
8515,31,Female,0
13679,63,Male,0
18610,72,Female,0
1887,72,Female,1
11757,66,Male,0
6317,51,Female,0
12570,21,Male,0
16424,43,Female,1
4456,44,Male,0
14619,40,Female,0
15570,19,Female,0
12365,76,Male,0
5079,78,Female,1
16249,71,Female,1
7396,57,Female,0
19836,36,Female,0
14448,29,Female,0
14925,53,Male,0
16184,29,Male,0
13398,53,Male,0
6529,27,Male,0
12360,65,Female,0
17669,61,Male,0
4574,78,Male,0
1864,30,Female,1
11426,27,Male,0
13979,48,Female,0
7628,78,Female,0
12412,43,Female,1
13628,52,Male,0
3978,50,Male,0
1528,45,Male,0
7695,39,Male,0
2259,48,Male,0
16529,21,Male,0
11322,44,Female,1
11507,55,Male,0
17401,46,Male,0
5016,66,Male,0
4427,18,Male,1
17805,32,Female,0
5284,34,Female,0
3093,54,Male,1
4918,70,Female,1
12638,37,Male,0
9782,61,Female,1
18999,24,Male,1
11190,21,Male,1
19330,51,Male,0
8620,45,Female,0
2074,47,Female,1
18562,70,Female,0
2661,65,Male,0
4923,75,Male,0
16411,73,Male,0
12163,58,Male,0
14360,28,Male,0
17319,26,Male,0
6883,69,Female,0
3076,41,Female,1
13809,47,Male,1
3928,53,Female,0
1891,32,Female,0
4319,43,Female,0
15791,33,Male,1
11877,46,Male,1
15192,36,Female,0
6585,71,Female,0
19769,69,Male,0
12594,68,Male,0
13011,80,Female,1
17006,22,Female,0
2826,61,Male,1
12981,18,Female,0
3403,57,Male,0
1478,70,Female,0
11758,45,Female,0
7785,77,Male,0
1099,68,Female,0
14976,43,Male,1
13821,53,Female,0
5390,37,Male,0
4136,74,Female,0
15403,39,Male,0
18670,30,Female,1
18246,31,Male,0
12135,62,Female,0
14175,61,Female,0
16657,33,Female,0
18547,29,Male,0
4213,50,Male,0
8291,24,Female,0
13423,47,Male,0
9483,69,Female,0
7995,36,Female,0
14204,24,Female,0
9307,71,Male,0
11940,22,Female,0
17845,38,Female,0
6182,73,Female,0
4566,49,Female,0
8311,67,Female,0
17986,31,Female,0
4300,76,Male,0
11731,23,Female,0
3879,21,Male,0
17716,35,Male,0
11627,21,Female,0
9818,28,Male,0
13777,31,Female,0
16669,50,Female,0
16748,64,Male,0
16519,67,Male,0
15700,53,Female,0
3983,50,Female,0
1177,49,Female,0
18985,55,Female,0
19843,60,Female,0
9624,71,Male,0
11448,73,Male,0
2916,39,Female,1
4014,27,Male,0
6757,74,Female,0
13338,30,Male,0
11616,69,Male,0
18029,47,Female,0
14541,59,Male,1
19483,49,Female,0
15963,75,Female,0
12225,32,Male,0
6048,49,Female,0
13005,78,Female,0
7627,66,Female,0
6932,54,Male,0
14547,58,Male,0
15975,71,Male,0
17410,79,Female,0
9438,79,Female,0
5419,57,Female,0
19161,21,Male,1
17354,65,Male,0
13530,80,Female,0
15428,39,Male,1
15402,19,Male,1
16365,26,Female,0
2785,18,Male,0
6285,64,Male,0
17483,25,Female,0
5500,79,Male,0
11831,79,Female,1
12967,19,Female,0
19334,31,Female,0
9370,58,Female,0
14862,56,Female,0
8784,62,Male,1
14356,50,Male,1
16162,46,Female,0
15921,34,Male,0
7746,50,Male,0
5637,69,Female,0
9690,21,Male,0
17814,65,Female,0
1586,69,Male,0
18905,54,Male,0
16390,22,Male,1
9875,26,Male,0
18140,78,Male,0
17011,44,Female,0
9961,48,Female,0
2331,30,Male,1
18881,25,Female,0
16189,59,Male,0
4899,37,Male,0
19802,26,Male,1
18507,68,Female,0
15219,74,Female,0
6683,68,Female,0
13035,62,Male,0
17143,71,Male,0
13028,68,Female,0
15904,44,Female,0
14821,64,Female,0
11085,63,Female,0
14840,52,Male,1
17450,30,Male,0
12606,18,Male,0
12454,25,Female,1
6085,58,Male,0
12308,75,Female,0
17562,70,Female,0
11793,76,Male,0
5313,44,Female,1
15611,25,Male,0
4747,71,Male,1
19692,63,Female,0
2906,33,Female,1
9502,47,Female,0
19851,67,Male,0
2544,18,Male,0
1939,49,Male,1
14786,73,Female,0
8690,77,Female,0
17256,53,Male,0
12230,49,Male,0
6943,50,Female,0
16767,62,Female,0
15642,46,Male,0
18906,22,Male,1
7426,35,Male,1
13441,69,Male,1
19710,30,Male,0
18276,43,Male,0
17824,42,Male,0
15630,18,Male,0
2020,19,Female,0
2784,65,Male,0
5698,60,Male,0
6047,60,Male,0
19511,65,Male,0
4745,63,Female,0
4414,19,Male,0
3229,67,Male,1
19099,61,Female,0
3007,36,Male,0
15954,50,Female,0
9728,29,Male,0
3760,32,Male,0
9233,47,Female,0
15337,18,Male,1
11601,39,Male,0
3932,71,Female,0
1630,42,Female,0
9971,35,Female,0
17494,29,Female,0
5058,46,Female,1
13897,50,Male,1
8096,65,Female,1
19084,33,Female,0
3838,66,Male,1
13685,77,Male,0
8466,49,Female,0
15080,34,Male,0
14737,37,Female,0
19107,32,Male,0
19580,24,Male,1
17182,47,Female,1
8937,41,Female,0
5017,26,Female,0
5035,18,Female,0
14827,26,Female,0
17512,64,Female,0
8161,45,Female,0
14365,75,Female,1
8656,70,Male,0
14664,72,Female,0
4019,45,Female,0
17470,30,Female,0
4772,18,Female,0
9103,64,Female,0
14984,64,Male,0
15304,41,Male,0
12492,43,Female,1
5642,68,Female,1
15241,45,Female,0
16738,61,Male,0
18606,26,Female,1
16044,78,Male,0
8004,44,Male,0
4471,32,Male,0
19868,27,Female,0
1004,41,Female,0
18716,62,Male,0
7833,34,Female,0
16264,80,Male,0
5672,55,Female,1
6148,80,Female,0
18423,32,Male,1
2106,29,Male,0
12985,28,Male,0
11012,79,Female,0
18793,75,Male,0
9745,71,Male,0
17688,49,Female,0
19503,80,Male,0
6899,79,Female,0
12362,56,Female,0
5565,30,Male,0
3864,56,Male,0
9891,58,Female,0
4990,21,Female,0
15490,80,Female,1
11464,62,Female,0
7882,45,Female,0
18749,54,Female,1
9596,65,Female,1
14831,45,Male,0
19313,77,Male,0
1558,56,Female,0
8728,45,Male,0
7722,54,Male,1
18518,30,Female,0
7727,62,Female,1
11478,48,Male,0
17755,52,Male,0
3713,71,Male,0
9830,78,Female,0
7779,19,Female,0
11049,47,Male,0
8757,51,Male,0
7679,61,Male,0
18612,25,Male,0
15970,20,Female,0
18578,65,Male,1
2248,71,Male,0
19724,40,Male,0
6859,25,Male,0
19175,65,Male,0
18454,21,Male,1
12484,74,Female,0
18884,46,Female,0
1247,47,Male,0
13504,18,Male,0
15253,56,Female,0
9261,60,Male,0
5596,33,Female,0
18417,77,Male,0
5082,37,Male,0
8659,21,Female,0
4865,18,Male,1
4309,67,Male,0
1307,50,Female,0
5809,62,Male,0
9943,62,Female,0
19451,30,Female,0
7221,48,Female,0
1662,65,Male,0
12817,60,Male,0
9663,75,Male,0
5960,63,Female,0
19036,70,Female,0
2433,44,Female,0
19518,31,Male,0
16870,52,Male,1
2501,72,Male,0
2626,60,Male,0
7598,46,Female,0
18964,42,Female,1
1499,55,Male,0
12357,51,Female,1
1603,78,Female,0
15927,39,Male,0
12110,56,Male,0
7009,65,Male,1
14440,35,Female,0
14800,46,Female,0
5269,41,Female,0
4060,41,Male,0
2773,46,Female,1
13042,49,Female,0
8834,51,Female,0
6464,45,Male,0
13766,71,Female,0
4510,36,Female,0
6007,30,Male,0
6610,44,Female,0
12417,72,Female,1
9228,51,Female,0
5208,65,Female,0
16552,35,Male,0
2383,19,Male,0
6571,59,Male,0
7260,41,Female,0
19124,26,Female,0
14139,56,Male,0
12893,77,Male,0
19949,43,Male,0
19274,74,Female,0
7708,23,Male,1
1637,27,Female,0
8234,52,Female,0
14388,58,Female,0
8975,57,Female,1
19816,75,Female,0
18545,29,Female,0
2825,53,Male,0
14729,36,Male,0
1169,57,Female,1
16821,30,Male,1
18745,40,Male,0
16550,18,Female,0
9826,24,Female,0
1734,21,Male,0
8622,43,Female,0
16855,59,Male,1
8177,71,Male,1
18927,50,Female,0
16745,80,Male,0
15671,45,Female,0
13228,79,Female,0
19015,37,Female,0
16656,45,Male,1
1672,48,Female,1
4504,38,Male,0
3897,28,Male,0
2464,54,Female,0
16392,52,Male,1
7957,65,Male,1
4463,73,Male,0
18172,53,Female,1
6491,55,Female,0
1748,75,Male,0
1808,63,Male,1
2494,30,Female,0
5963,69,Male,1
15401,57,Female,0
13929,23,Male,0
15619,31,Female,0
14145,24,Male,1
3801,34,Male,0
8576,20,Male,0
11525,43,Male,0
13785,26,Male,1
16799,32,Male,0
18118,40,Female,0
13111,31,Male,0
17903,71,Female,0
18064,52,Male,0
15834,21,Female,0
14097,55,Male,1
1657,59,Female,0
7162,73,Female,0
15947,77,Male,1
4507,40,Male,0
17687,25,Female,0
12335,60,Female,0
15012,34,Male,0
2909,38,Male,0
1155,29,Male,0
14515,44,Female,0
5677,52,Male,0
14832,60,Female,1
19678,38,Female,0
15581,38,Male,0
3615,74,Female,0
14470,65,Male,0
13563,41,Male,0
17642,21,Female,0
9333,67,Female,0
7815,69,Male,0
7802,40,Male,0
17847,25,Female,0
14681,77,Male,0
14210,26,Female,1
19262,74,Male,0
5546,64,Female,0
9869,71,Male,0
8042,67,Male,0
1374,44,Female,0
16824,69,Male,1
6252,42,Female,0
3832,68,Male,1
11431,31,Female,0
4621,70,Male,0
14143,71,Male,0
1069,27,Male,0
17627,63,Female,0
1317,23,Male,0
1549,25,Male,0
19279,66,Female,1
12169,59,Male,1
7247,39,Male,0
1003,75,Male,1
9277,38,Female,0
18302,43,Male,0
11865,28,Female,0
8877,31,Female,1
9956,67,Male,0
15340,51,Male,0
11857,72,Male,0
18457,32,Male,1
18461,80,Male,0
1061,56,Male,0
5142,43,Female,1
18132,45,Male,0
12027,43,Female,0
19959,41,Female,0
19556,78,Female,1
12183,48,Female,0
17429,45,Female,0
3125,79,Male,1
15600,62,Male,0
1497,52,Male,1
11242,60,Female,0
12635,56,Female,0
16795,40,Male,0
15025,39,Female,0
19979,63,Female,0
16091,49,Female,0
3176,53,Female,0
16026,26,Male,0
12383,24,Female,0
15573,28,Female,0
9757,73,Female,0
2193,52,Male,0
9443,51,Male,1
14020,40,Female,0
11065,64,Female,0
14929,79,Male,0
18758,48,Male,0
8902,68,Male,0
1116,55,Female,0
9906,55,Female,0
6240,69,Female,0
2288,63,Female,1
17273,39,Female,1
18644,73,Male,0
12708,20,Female,1
15501,51,Male,0
8273,30,Male,1
1518,59,Female,0
18617,56,Male,0
13970,31,Male,0
5069,31,Male,0
8675,68,Female,0
11165,26,Female,0
11996,37,Female,0
12647,66,Male,0
15972,22,Male,1
9288,52,Female,0
9102,44,Female,1
14820,68,Male,0
18998,79,Female,0
19418,64,Female,0
11307,31,Female,0
14572,68,Female,0
12199,45,Female,1
3884,27,Male,0
9280,80,Male,0
3460,48,Female,0
12763,29,Female,0
18047,19,Female,0
16168,21,Female,0
12294,60,Female,1
14436,70,Female,0
4470,26,Male,0
16581,55,Male,0
2815,46,Female,1
15440,53,Male,0
17759,54,Female,0
2142,43,Female,0
12288,30,Male,0
16307,73,Female,0
17726,72,Male,1
9964,28,Male,0
13971,28,Female,0
12107,52,Female,0
13233,59,Male,0
19121,24,Female,0
4219,18,Female,0
4349,60,Female,0
5922,28,Male,0
4938,61,Female,0
3925,18,Female,0
18374,42,Male,0
6616,23,Female,0
18521,50,Female,0
8723,41,Male,0
4434,49,Male,0
9030,19,Female,0
3495,67,Female,0
19044,52,Male,0
3411,23,Female,0
1435,73,Female,1
12146,65,Female,0
1100,63,Female,1
11213,68,Male,1
11724,19,Male,1
15036,47,Male,0
3602,24,Female,0
13126,57,Female,1
11856,18,Male,0
15358,61,Male,0
15353,79,Male,0
14938,46,Female,0
14947,69,Male,0
18920,47,Female,1
15177,56,Female,0
5450,46,Male,0
7429,57,Female,0
2947,54,Female,0
5331,62,Male,0
2968,27,Female,0
16994,43,Female,1
15217,25,Female,0
14378,36,Male,0
5525,63,Male,0
15123,48,Female,0
4544,74,Male,1
7688,58,Female,0
14529,37,Female,0
18048,29,Male,1
14026,65,Male,0
1014,73,Female,1
19419,70,Female,0
14232,30,Female,0
2416,46,Male,0
18098,45,Male,0
1621,73,Female,0
17110,77,Male,0
17490,70,Male,0
15989,35,Male,1
9167,74,Female,0
7194,24,Female,1
3270,29,Male,0
9390,45,Female,0
7670,61,Male,0
4613,38,Male,0
18347,25,Male,0
19547,58,Female,0
8250,35,Female,0
19607,53,Female,0
15892,75,Male,0
6941,49,Male,0
4141,56,Male,0
18968,56,Female,0
15348,48,Male,0
11070,41,Male,0
5302,59,Female,0
17548,74,Female,0
11659,27,Female,0
18757,26,Female,0
5857,63,Female,0
12436,25,Male,1
2976,75,Male,1
5865,23,Female,0
1359,42,Female,1
11897,34,Female,0
15232,73,Male,0
13522,42,Female,0
14833,70,Male,0
18272,61,Female,1
14074,57,Female,1
14507,30,Male,0
3054,37,Female,0
8052,76,Female,0
13737,26,Male,0
18601,44,Female,1
11950,29,Male,0
2901,59,Male,0
13948,67,Male,0
8624,34,Female,0
7984,40,Female,1
2204,32,Female,1
12688,45,Female,0
15967,33,Female,0
12659,75,Female,0
9954,75,Male,0
7666,30,Male,0
3266,63,Male,0
17371,79,Male,1
4346,34,Female,0
4304,49,Female,0
9289,50,Male,0
17347,35,Male,0
4231,29,Male,0
7022,27,Male,0
11564,23,Male,0
5266,21,Male,1
19031,41,Female,0
8399,76,Female,0
1772,55,Female,0
14959,62,Male,1
19891,29,Female,1
13815,60,Male,0
19613,44,Male,0
8910,55,Female,0
17138,44,Male,0
12521,78,Female,0
15457,30,Female,0
11007,21,Male,0
9117,78,Female,0
4029,49,Female,0
7077,30,Female,0
6780,32,Female,0
16017,52,Male,1
15046,40,Male,1
15492,73,Male,0
18494,62,Female,0
5559,65,Female,0
11526,63,Female,0
6121,68,Male,0
7700,75,Female,1
6817,31,Male,0
7711,57,Female,0
8244,77,Female,0
2260,72,Female,1
11283,57,Male,1
4700,61,Male,0
3591,78,Female,0
15449,45,Male,0
15436,75,Male,1
17772,39,Female,0
7789,62,Female,0
16318,74,Male,0
8952,63,Male,0
16192,65,Female,1
15022,73,Female,0
7537,53,Male,0
6953,74,Male,0
14316,51,Male,0
5979,19,Male,0
17241,37,Female,0
8927,41,Male,0
1328,29,Female,0
12899,48,Male,0
7407,24,Female,0
17158,67,Male,0
17031,32,Male,0
4002,55,Male,1
7611,20,Male,0
16357,23,Male,0
11893,32,Male,0
16364,58,Female,0
5418,59,Female,1
16578,27,Female,0
12487,77,Male,0
12447,22,Male,0
1096,20,Female,0
13490,70,Female,0
13465,62,Female,0
5320,49,Male,0
4840,41,Male,1
5404,43,Female,0
16334,54,Male,0
12895,80,Male,0
18151,47,Male,0
15398,78,Female,1
5420,26,Male,0
6498,40,Male,1
14268,58,Female,0
6226,68,Male,0
7888,44,Male,1
18804,47,Female,0
12757,77,Male,1
12891,29,Female,0
19136,43,Male,0
3718,77,Male,0
17243,58,Male,0
19608,78,Male,0
7575,39,Male,0
14178,30,Female,0
8340,53,Female,1
3127,29,Female,0
4078,22,Male,1
3648,35,Female,1
15045,62,Female,0
18663,39,Male,0
2971,75,Male,1
14509,32,Female,0
14508,68,Male,0
19825,42,Male,0
9032,71,Female,0
5896,40,Male,1
5083,41,Female,0
12821,68,Male,0
15096,48,Male,0
9429,66,Male,0
19412,67,Female,1
16121,40,Female,1
15183,41,Female,0
9320,23,Male,0
1751,80,Male,1
16630,64,Female,0
1077,26,Male,0
3083,69,Male,0
16949,36,Male,0
3086,42,Male,0
7065,23,Male,0
12279,18,Female,0
2017,32,Male,0
13637,62,Female,1
11129,34,Male,0
14874,74,Male,1
19538,35,Male,1
15813,44,Female,1
2227,72,Female,0
7245,46,Male,0
15193,74,Female,0
1445,80,Female,1
15726,50,Female,0
2997,25,Male,0
15708,49,Female,1
17976,36,Female,1
8554,48,Male,0
2404,38,Female,1
17560,35,Male,0
15065,43,Female,0
6159,51,Female,1
2349,73,Female,0
11789,64,Female,0
5646,53,Female,0
2308,50,Female,0
7015,57,Male,1
19808,36,Male,1
13674,22,Female,0
4121,46,Male,0
9774,27,Male,0
14310,68,Female,1
18825,61,Female,0
13173,40,Female,1
5660,36,Male,0
6163,33,Female,0
12446,58,Male,0
7275,58,Female,0
6201,54,Female,0
19792,20,Male,1
8862,79,Female,1
13337,46,Female,0
8456,60,Male,0
13129,32,Male,0
18828,38,Male,0
7230,50,Male,0
8181,31,Male,0
9259,68,Female,1
2021,36,Female,0
7497,39,Female,0
12907,71,Female,0
8348,23,Female,0
6067,44,Male,0
14823,78,Female,0
16621,75,Male,0
15899,32,Female,0
12149,20,Male,0
4752,47,Female,0
15638,70,Female,0
18671,49,Male,0
18320,30,Male,0
16759,33,Male,0
4052,69,Female,0
16732,72,Male,0
12959,64,Female,0
3924,41,Female,0
5526,68,Male,0
19427,41,Male,1
18910,50,Female,0
16042,48,Female,0
11114,62,Female,0
9258,47,Female,0
1901,73,Male,0
17516,55,Male,0
12991,61,Female,1
19387,77,Female,1
9001,64,Male,0
6352,47,Female,0
19900,70,Male,0
13016,22,Male,1
6590,71,Female,0
18096,64,Male,0
16588,58,Male,0
12584,23,Male,0
16262,42,Male,0
8051,19,Female,0
18486,19,Male,0
11751,20,Female,0
6634,43,Male,0
13127,29,Male,0
7971,37,Male,0
7966,79,Male,0
6858,55,Female,1
8162,68,Male,0
12098,36,Male,0
6758,75,Female,0
16051,72,Female,1
1470,44,Male,0
18108,47,Female,0
19740,65,Male,0
13164,42,Female,0
12451,72,Male,0
18676,42,Male,0
2765,49,Male,1
16398,24,Male,0
11429,47,Male,0
16252,58,Male,0
2243,66,Male,0
5862,27,Male,0
9653,22,Male,0
9034,61,Male,0
6763,72,Male,0
5226,36,Female,0
8232,62,Male,0
4711,50,Male,0
3881,27,Female,0
19484,58,Male,0
12202,65,Female,0
11538,35,Male,0
12859,67,Female,1
19244,33,Male,1
14460,39,Male,1
3516,23,Female,0
11570,27,Male,0
4143,36,Male,0
8889,50,Female,0
16743,67,Male,0
7514,35,Male,0
2292,70,Male,0
7443,41,Female,0
13165,54,Female,0
12810,36,Male,0
7273,23,Male,0
6293,42,Male,0
11117,47,Female,0
1258,65,Male,0
7351,36,Male,0
19617,80,Male,0
15683,24,Male,0
3671,46,Male,1
14017,79,Female,0
7008,39,Male,0
17219,48,Female,0
8518,35,Male,0
2236,28,Male,1
7014,68,Male,0
11279,34,Female,0
13040,18,Female,0
12920,53,Female,0
16457,58,Female,0
1196,77,Male,0
12036,57,Female,0
9800,50,Female,0
11508,20,Female,0
18116,20,Female,1
11810,76,Male,0
11231,50,Male,0
14127,44,Female,0
2518,21,Male,0
15659,53,Female,0
5733,27,Male,0
8342,80,Female,0
8355,77,Male,1
9271,56,Male,0
6916,79,Male,0
12683,50,Female,0
13314,72,Male,0
2974,70,Male,0
11837,48,Female,0
8103,27,Female,1
14654,31,Female,1
19311,55,Female,0
3743,64,Male,0
16900,59,Male,0
1779,45,Male,0
7094,51,Female,0
4630,40,Male,0
5607,58,Male,1
14068,60,Male,0
4315,53,Female,1
11715,63,Female,0
12761,30,Male,0
9999,27,Male,0
13371,25,Female,0
15513,36,Female,0
12629,79,Female,0
14080,79,Male,0
14599,80,Male,0
9591,30,Female,0
14209,29,Male,0
15977,29,Male,0
8085,56,Female,0
18814,73,Male,0
1597,80,Male,1
18366,40,Female,0
11333,26,Male,0
11959,48,Male,0
12653,21,Male,0
16901,67,Female,1
1801,47,Female,1
11503,30,Female,0
4886,35,Male,0
6839,75,Female,0
12205,48,Male,0
14428,60,Male,0
8225,66,Female,0
9643,19,Male,1
5860,66,Male,1
1395,71,Female,0
11174,38,Male,0
3228,21,Female,0
5706,49,Male,0
13025,23,Male,0
8969,35,Male,0
13186,38,Female,0
19188,76,Female,1
18846,23,Female,1
6575,74,Male,1
15546,60,Male,0
5398,54,Male,0
9723,70,Male,0
4116,30,Male,0
15703,70,Female,0
19623,71,Male,0
12779,69,Female,0
1749,24,Female,0
14330,70,Female,1
7894,32,Female,0
17242,38,Female,0
12153,36,Female,0
11281,22,Male,1
18590,76,Female,1
4046,32,Female,0
7327,63,Male,1
12620,38,Male,0
6591,66,Female,1
12158,49,Male,1
14512,18,Female,0
17680,65,Male,0
2644,37,Male,0
13360,37,Female,0
9808,40,Male,0
18952,34,Male,0
7519,32,Male,0
11869,39,Male,0
15507,32,Male,0
7036,39,Male,0
15499,25,Male,0
11632,45,Male,0
11636,62,Female,0
16753,38,Female,0
18666,63,Male,0
1776,32,Male,0
12544,44,Female,0
5386,47,Male,0
2627,23,Female,1
5485,19,Male,0
18146,71,Male,0
1554,68,Male,0
15929,71,Male,0
4104,24,Male,0
5517,33,Male,0
1054,30,Female,1
19854,31,Female,0
14018,69,Female,1
11132,27,Male,0
15735,46,Male,1
18566,28,Male,0
15920,49,Female,1
17573,60,Male,0
16910,47,Female,0
9789,67,Female,0
13938,64,Male,0
1670,25,Female,0
13918,32,Female,0
9989,40,Female,0
8654,44,Female,0
9950,67,Female,0
18060,63,Male,0
8597,46,Female,0
18971,20,Female,0
17140,64,Male,0
4842,42,Female,0
8278,69,Male,0
16256,45,Male,0
18007,66,Male,0
18438,46,Female,0
5116,25,Female,0
12590,31,Female,0
15316,18,Male,0
11629,67,Female,0
5044,33,Female,0
2636,56,Male,1
12941,40,Male,1
8543,60,Female,0
2928,39,Female,0
13311,65,Male,0
13573,49,Female,0
4256,56,Male,0
16967,69,Male,0
6637,75,Female,0
12064,44,Male,1
12253,34,Female,0
6971,61,Male,0
8113,49,Female,0
5389,78,Female,0
6215,72,Female,0
4756,68,Male,1
8011,21,Male,0
16493,23,Female,0
15251,80,Female,0
11422,50,Male,0
1094,65,Male,0
9467,64,Female,1
18034,31,Male,0
13410,66,Male,0
18210,67,Male,0
4823,37,Female,0
2767,75,Male,0
15815,49,Male,1
17632,33,Female,0
12150,50,Female,0
17499,20,Female,0
13713,55,Female,0
13826,34,Female,0
14409,47,Female,0
5387,43,Female,0
8258,30,Female,1
13547,57,Female,1
7231,21,Female,0
15572,57,Male,1
4146,49,Male,0
8469,38,Male,0
6649,59,Female,0
7192,22,Male,0
4480,68,Female,0
16605,69,Female,1
9516,58,Male,0
14710,72,Female,0
13602,77,Female,0
3762,44,Male,0
4462,44,Female,0
2716,80,Male,0
13603,34,Female,0
19826,39,Male,0
1996,49,Male,0
2360,48,Female,0
5080,73,Male,0
4036,25,Male,1
13137,74,Male,0
11569,48,Male,0
5727,45,Female,0
15004,40,Male,0
17075,65,Male,1
9790,72,Male,1
14347,59,Male,1
8178,76,Female,0
13076,78,Female,1
11552,59,Female,0
19562,52,Male,1
16355,76,Female,1
11961,37,Female,1
8838,56,Male,0
1682,76,Female,0
9089,58,Female,0
8293,61,Male,0
19327,39,Male,1
17373,22,Male,0
8235,79,Male,0
12632,33,Female,0
14618,50,Male,0
11301,35,Female,0
7218,42,Male,0
8870,80,Male,0
11807,64,Female,0
15157,40,Female,0
5189,57,Female,0
5236,54,Male,1
19842,40,Male,1
15058,36,Male,0
11885,41,Male,0
4241,49,Male,0
16889,71,Female,1
2081,79,Female,0
6856,20,Male,0
1868,78,Female,0
19273,18,Male,1
8763,49,Female,0
1283,36,Male,0
19990,24,Female,0
18183,27,Female,0
11849,43,Male,1
5669,60,Female,0
9067,41,Male,0
17526,68,Female,0
14342,22,Male,1
8828,33,Female,0
13999,73,Male,0
11563,37,Male,1
5667,52,Female,0
4755,67,Male,0
12171,71,Male,0
9709,68,Male,1
2615,55,Male,0
14192,59,Female,0
19630,44,Female,1
12041,34,Female,1
17144,57,Female,0
6910,28,Male,0
18504,63,Female,1
6612,62,Male,0
11960,45,Female,0
13059,69,Female,0
12508,78,Male,0
14760,53,Male,0
11123,57,Male,0
5535,49,Male,1
8823,73,Female,1
9973,58,Male,1
1090,31,Male,0
13191,53,Female,0
12721,70,Female,0
2821,40,Female,0
8732,24,Female,1
3802,58,Male,0
14392,24,Female,0
12834,76,Male,0
15780,72,Female,0
3400,57,Female,1
5629,39,Male,1
19814,47,Female,0
18470,71,Male,1
7320,57,Female,0
5042,42,Male,0
17149,29,Male,0
19720,59,Male,0
19635,24,Female,0
8132,37,Male,0
14503,53,Female,0
13643,50,Male,0
12988,19,Male,0
3313,46,Male,0
19933,24,Female,1
15707,26,Male,0
8802,73,Male,0
1674,19,Female,0
3620,36,Male,0
14726,28,Male,1
18264,42,Female,0
5741,74,Male,1
19126,47,Male,0
14148,69,Female,0
13134,22,Male,0
15660,68,Female,0
16267,21,Male,0
12144,25,Male,1
7568,52,Female,0
13847,20,Male,0
1358,71,Female,0
7149,27,Male,0
3447,19,Male,1
3754,27,Male,0
19054,48,Male,0
13694,30,Female,0
19759,21,Male,1
3934,42,Male,1
8372,67,Female,0
1925,24,Male,0
11083,48,Female,0
15306,43,Male,1
16944,48,Female,0
14500,35,Female,0
18863,44,Female,0
17160,61,Female,0
18901,48,Female,0
11446,35,Female,0
9873,55,Female,0
18542,59,Female,0
15811,75,Male,1
8305,76,Female,0
4720,77,Female,0
12566,47,Male,0
17491,76,Male,0
16524,38,Male,1
4829,38,Male,0
9651,53,Male,0
14424,36,Female,0
6853,23,Male,1
13554,58,Male,0
8663,63,Female,0
6855,42,Female,0
8050,63,Female,0
11219,23,Female,0
17132,55,Female,0
8174,76,Male,0
8330,72,Female,0
16752,43,Male,0
2005,75,Male,0
11519,22,Female,0
9540,48,Male,0
12729,46,Male,1
3377,39,Female,0
16526,35,Female,0
3646,46,Male,1
6730,47,Male,0
5470,24,Male,0
1085,74,Male,0
14789,25,Female,0
19857,77,Female,0
14060,60,Male,0
6436,73,Female,0
16239,30,Male,0
3318,36,Male,0
4051,47,Male,0
3005,19,Male,0
5468,51,Male,0
19796,22,Male,0
9055,45,Male,0
17905,53,Male,0
9739,34,Female,0
9604,69,Female,0
9447,50,Female,0
2431,24,Male,0
19268,72,Female,1
7687,53,Female,0
1132,18,Female,1
13488,46,Female,0
12846,73,Female,1
13937,50,Male,0
19739,68,Male,1
2998,45,Male,0
16244,60,Male,0
1778,80,Female,0
5969,30,Male,0
15664,42,Female,0
1425,48,Female,0
11541,67,Male,0
5365,19,Male,0
2342,26,Male,0
5626,33,Male,0
14927,34,Male,0
13680,35,Female,0
19528,72,Male,1
8501,41,Male,0
2690,33,Female,0
14361,69,Female,0
11233,53,Male,0
14882,21,Male,0
14877,31,Female,0
3748,39,Male,1
9025,53,Female,0
7424,24,Female,0
3629,28,Male,0
13064,57,Female,0
5413,28,Female,0
18217,54,Female,0
14634,78,Female,1
12974,64,Male,0
19929,42,Male,1
7450,20,Female,0
19055,56,Female,0
3787,62,Female,0
7469,62,Male,0
15267,61,Male,0
16175,61,Female,0
1203,43,Male,0
12536,52,Male,0
8072,70,Female,1
12753,40,Female,0
15478,18,Male,0
1523,34,Male,0
11947,24,Female,0
6924,74,Male,1
6465,48,Male,0
8678,32,Male,0
13661,28,Male,0
7922,36,Female,0
2195,67,Male,0
17640,56,Male,1
7889,28,Female,0
15010,54,Female,0
6122,32,Female,0
11805,42,Male,0
17910,59,Female,0
8373,32,Female,0
16114,41,Male,1
4185,44,Female,0
16458,45,Male,1
8992,59,Female,1
8214,70,Male,0
12049,50,Male,0
3487,76,Male,0
15548,51,Female,0
2368,76,Female,1
18240,56,Female,0
1210,24,Female,0
6253,30,Male,0
2107,79,Male,1
3769,78,Female,0
16125,36,Female,0
13026,38,Male,0
18564,26,Male,1
13687,29,Male,0
15032,27,Female,0
18354,67,Female,0
6677,76,Male,0
8429,63,Female,0
17101,50,Female,0
13331,46,Male,1
9871,60,Female,0
6059,35,Male,0
2445,51,Female,0
16419,59,Male,1
19181,28,Male,0
3804,44,Female,0
11949,24,Male,0
12263,39,Male,0
4433,71,Female,0
3417,47,Female,1
3742,43,Male,1
5853,43,Male,0
2313,49,Female,0
9421,45,Female,1
6287,61,Female,0
16835,31,Male,0
6415,72,Female,0
16876,56,Male,1
5825,32,Female,0
12376,25,Male,0
7109,71,Female,0
13818,54,Male,0
4519,38,Female,1
15847,32,Female,0
12692,34,Female,1
7349,51,Male,0
1617,43,Female,1
3010,67,Female,1
5168,36,Female,0
14079,23,Male,1
9777,65,Female,0
12535,76,Male,1
18913,64,Male,0
17505,37,Male,0
14678,44,Female,0
13316,34,Female,0
17016,60,Male,0
6664,72,Male,0
12928,48,Male,0
16514,42,Female,0
19751,73,Male,0
18230,65,Male,0
8444,61,Female,0
16333,33,Male,0
16741,67,Male,0
15524,58,Male,1
5267,70,Male,0
9550,68,Male,1
6351,36,Female,0
19235,63,Male,0
11545,43,Male,0
17280,24,Female,0
14019,64,Female,0
19716,56,Male,0
16599,77,Female,1
19177,61,Male,0
16623,28,Male,0
8647,31,Male,0
9365,73,Male,0
19171,68,Male,1
6490,66,Female,0
14035,67,Female,0
12641,52,Female,0
4962,73,Male,0
4323,71,Female,0
11698,65,Female,0
7910,51,Female,0
11899,41,Male,0
6246,27,Male,0
11186,48,Male,1
13662,22,Male,0
15913,54,Female,0
2535,24,Male,0
19675,56,Male,0
9493,40,Female,0
1978,24,Female,1
14885,28,Female,0
18435,67,Female,0
9020,79,Male,0
3481,20,Male,0
16479,20,Male,0
1467,71,Female,0
12339,51,Male,0
1056,24,Female,0
17351,75,Female,0
14612,25,Male,0
8272,28,Male,1
17344,59,Female,0
16613,57,Female,1
19550,20,Male,0
7107,46,Male,0
12209,44,Male,1
9925,29,Female,1
5533,53,Female,0
1093,56,Female,0
1512,80,Female,1
12680,77,Female,0
18129,43,Female,0
19800,54,Female,0
16907,31,Female,1
14256,21,Female,0
17588,29,Female,0
8929,67,Male,0
17456,37,Female,0
1022,76,Female,0
14884,21,Female,1
12742,72,Male,1
15718,79,Female,1
12944,72,Female,0
15280,48,Female,0
18817,50,Male,0
16828,32,Female,0
2477,54,Female,0
14824,42,Female,0
9026,32,Male,0
8886,54,Female,0
8949,36,Female,0
19178,34,Female,0
17415,39,Male,0
3348,25,Male,0
2276,44,Male,0
13593,27,Female,0
6632,59,Male,0
1719,55,Male,1
13608,68,Female,0
6543,73,Male,0
3696,69,Female,0
6689,34,Male,0
3775,31,Female,0
14282,78,Male,0
14285,71,Female,0
7033,40,Male,0
5950,51,Male,0
11076,40,Male,0
16922,52,Female,0
16979,57,Female,0
11211,65,Male,0
14005,56,Female,0
13532,71,Female,0
17691,19,Female,1
18827,44,Female,0
17721,63,Male,0
2007,28,Female,0
17913,46,Female,1
16782,38,Male,0
16797,64,Female,0
11765,46,Male,1
16728,25,Female,0
7595,72,Female,0
15728,67,Male,0
15498,77,Female,0
1546,22,Male,0
3137,24,Female,0
13723,20,Female,0
3846,63,Male,0
4714,59,Female,0
5270,38,Male,0
8221,19,Female,1
8347,32,Female,0
6885,24,Female,0
8227,62,Male,0
13930,59,Female,0
6138,31,Female,0
18538,20,Female,1
16031,25,Female,0
5567,37,Male,0
17306,68,Male,0
2805,35,Male,1
2341,67,Male,0
12429,27,Male,0
11693,23,Male,0
16375,48,Male,0
17673,55,Male,0
3330,30,Female,0
6794,22,Male,0
16328,40,Male,0
9983,26,Female,0
11471,66,Male,0
13409,57,Female,0
6337,36,Male,0
8865,72,Female,1
12348,22,Female,0
13552,56,Female,1
13426,66,Female,0
14607,23,Female,0
7531,40,Male,0
13779,54,Female,0
3603,41,Female,0
12505,47,Male,1
18485,20,Male,1
8487,59,Male,0
17790,32,Male,1
9909,47,Male,0
14327,69,Female,0
6967,40,Female,0
14006,73,Female,0
13203,64,Male,1
15971,45,Female,0
16956,26,Female,0
15328,40,Female,0
7893,70,Female,0
1967,29,Female,0
7883,40,Female,0
9805,63,Female,0
15837,63,Male,1
2078,40,Male,1
12511,27,Male,0
11188,38,Female,0
13669,36,Male,1
13735,41,Female,0
1353,60,Male,0
19897,65,Male,0
13209,27,Male,1
12567,65,Male,0
11061,49,Female,0
13682,65,Female,0
4290,55,Female,1
14642,60,Female,0
13885,75,Female,0
16593,28,Female,1
16372,69,Male,0
6020,61,Female,0
5258,65,Female,0
2534,55,Male,0
8193,77,Female,0
16502,73,Male,0
15302,37,Male,0
17590,33,Female,0
17942,74,Male,0
9035,36,Female,0
8173,23,Female,0
3950,74,Female,0
15854,28,Male,0
7193,44,Female,0
9319,24,Male,0
17316,64,Female,0
3044,72,Male,1
14158,37,Female,0
14788,40,Female,0
2185,72,Female,1
9496,68,Male,0
2956,49,Male,0
15644,45,Male,1
7488,64,Male,0
7768,68,Male,0
15772,44,Male,0
13008,58,Female,0
7546,71,Male,0
2840,22,Male,0
17340,62,Male,0
15287,36,Female,0
1178,19,Female,0
14506,29,Male,0
11128,30,Female,0
5454,31,Male,0
16963,19,Female,0
5126,77,Male,0
7428,57,Female,0
3017,19,Female,0
6129,64,Male,1
16568,31,Female,1
5282,36,Male,0
9605,48,Male,0
15665,43,Male,1
4926,32,Male,0
6528,64,Female,0
15992,67,Male,0
8505,50,Male,0
16198,37,Female,0
2444,62,Male,1
19436,41,Male,1
12777,29,Male,1
15914,61,Male,0
4206,63,Female,0
11251,31,Male,0
8274,50,Male,0
1915,40,Female,0
17480,49,Female,0
16176,34,Male,0
19079,26,Female,0
19062,51,Male,0
16140,53,Female,0
2578,28,Male,0
6000,51,Male,1
19646,43,Female,0
11895,66,Female,0
4325,24,Female,0
6944,55,Male,0
16123,60,Female,0
16153,78,Female,0
19545,36,Male,0
16702,59,Female,1
16751,64,Male,0
5004,62,Male,0
8593,40,Male,1
7652,42,Female,0
18010,21,Male,0
4777,31,Female,1
11384,30,Female,0
1605,68,Male,0
11054,54,Female,1
13518,37,Male,0
7565,43,Male,0
18046,39,Male,0
15296,48,Female,0
19416,37,Male,0
16220,67,Male,0
13925,53,Male,0
17770,53,Female,0
13703,61,Male,0
15991,46,Male,0
11894,45,Female,0
18496,65,Male,0
3408,72,Female,0
6236,21,Male,0
6218,21,Male,0
6214,31,Male,0
19249,36,Male,0
19806,20,Male,0
2110,74,Female,1
16463,61,Female,0
13211,35,Male,0
7352,74,Male,0
9016,61,Female,0
11828,65,Female,0
12915,38,Male,0
3171,37,Male,0
15414,18,Female,0
17007,54,Female,0
19431,55,Female,0
4946,19,Male,0
12738,23,Female,0
4732,23,Female,0
11642,36,Female,0
15178,52,Female,0
8816,74,Female,0
13793,42,Male,0
17217,72,Female,0
3929,53,Male,0
14669,30,Female,0
2285,77,Female,0
9993,27,Female,0
16035,19,Male,0
8646,28,Female,0
9963,40,Female,0
13856,61,Female,0
5467,62,Female,0
17799,75,Female,0
9061,63,Male,0
15187,29,Male,0
17388,71,Male,0
17364,48,Female,0
19216,55,Female,0
16047,59,Male,0
19265,63,Male,0
7137,61,Male,0
19950,53,Female,0
13959,29,Female,1
11932,38,Female,0
14953,65,Female,0
19430,32,Male,0
16206,65,Male,0
12878,26,Male,0
4137,40,Female,0
1000,53,Male,0
6373,73,Female,0
12794,49,Female,0
15511,61,Male,0
17071,22,Female,0
14567,60,Male,0
7210,74,Male,0
8852,62,Male,0
17062,51,Male,0
9003,68,Female,0
14556,74,Female,0
3587,36,Male,0
5802,64,Male,1
18214,70,Male,0
18652,57,Male,0
3636,71,Male,0
7515,28,Male,0
8896,50,Male,0
5587,34,Male,0
8925,74,Female,0
7610,35,Female,0
8849,26,Male,0
2749,74,Female,0
4981,61,Female,0
2708,61,Female,1
16477,72,Male,0
3462,70,Male,0
12207,57,Female,0
7310,54,Male,0
2739,50,Female,0
7334,24,Male,0
17077,79,Male,0
8335,58,Male,0
15311,52,Female,0
14803,47,Female,0
8187,35,Female,0
3038,58,Male,0
7555,63,Female,0
8416,54,Female,0
2911,74,Male,0
19201,55,Male,0
18839,22,Male,0
7124,46,Male,0
9129,27,Female,0
5753,48,Female,0
6836,79,Male,0
12425,76,Female,1
14181,60,Male,0
12390,30,Male,0
18278,27,Male,1
5852,72,Male,0
5868,58,Male,0
5875,26,Male,0
1300,68,Male,0
9412,25,Male,0
16473,67,Male,0
5273,19,Female,0
12843,78,Male,0
4647,67,Female,0
9756,32,Female,0
14022,53,Female,1
5091,25,Male,0
18079,72,Male,1
17136,38,Male,0
5212,58,Male,0
2117,41,Female,0
3758,31,Male,0
3389,19,Female,0
12002,43,Male,0
16038,64,Female,1
6484,41,Male,0
3209,18,Male,0
12464,57,Male,0
13699,59,Male,0
3368,18,Male,0
12368,20,Male,0
8922,73,Male,0
4672,42,Female,0
1899,66,Female,1
18158,59,Male,0
7086,31,Female,0
13458,70,Female,0
19919,49,Male,0
13071,50,Male,1
5306,51,Male,0
8860,39,Female,0
3795,32,Male,0
1974,30,Male,0
13736,78,Male,0
8499,65,Female,0
16058,26,Male,0
14532,21,Female,0
18348,70,Male,0
6046,27,Male,0
14318,30,Female,0
9952,43,Female,0
14765,74,Female,0
6200,52,Female,0
6219,67,Male,0
8323,75,Male,0
2930,68,Female,1
9473,76,Female,1
4502,63,Male,1
13345,68,Female,1
4296,74,Female,0
17191,19,Female,0
18023,62,Male,1
2427,19,Female,0
1888,66,Female,0
14787,39,Male,0
1664,73,Female,0
12972,78,Female,1
11488,49,Male,1
18919,23,Female,0
14763,19,Female,0
2504,50,Male,0
12992,80,Male,0
17854,61,Male,0
4250,18,Female,0
2469,51,Male,0
17904,71,Male,0
6354,70,Male,1
1264,76,Female,0
7382,58,Male,0
6363,35,Female,0
7357,25,Female,0
18471,61,Female,0
19681,51,Male,0
1694,57,Male,0
15586,33,Male,1
11708,50,Female,0
7750,37,Female,0
16518,74,Male,0
14271,24,Male,0
13471,64,Female,0
6193,65,Female,0
11800,71,Male,0
3585,59,Female,0
15677,62,Female,1
4449,29,Female,0
13411,35,Male,1
2981,45,Male,0
16687,51,Male,0
12814,70,Male,0
17234,50,Male,0
15955,61,Male,0
4993,22,Male,1
16960,59,Male,0
5459,63,Male,1
19850,48,Male,1
12363,78,Male,0
2878,34,Male,0
4551,40,Male,1
5713,54,Male,1
1492,29,Female,0
15926,61,Female,0
9048,35,Female,0
13991,73,Female,0
2086,67,Female,0
8814,25,Male,0
19567,34,Male,0
13966,41,Male,0
14593,51,Male,0
2165,37,Female,0
1889,40,Female,0
19259,21,Male,0
9629,61,Female,0
11477,22,Male,0
11324,29,Male,0
11171,61,Female,1
1252,29,Female,0
3020,52,Female,0
14417,59,Female,1
6777,72,Female,0
4438,41,Female,0
15137,64,Male,0
17514,26,Female,0
1824,66,Male,0
13901,71,Female,0
17704,66,Male,0
18032,55,Female,0
8086,76,Female,0
17781,68,Female,0
12504,31,Female,0
14406,21,Female,0
5383,61,Male,0
2336,24,Male,0
1886,73,Male,0
19250,50,Male,0
13786,21,Female,0
15686,26,Male,0
17055,33,Male,0
4009,46,Male,0
11933,42,Male,1
16313,63,Male,0
18020,63,Female,0
18162,77,Male,0
18722,64,Male,0
3174,76,Female,0
8157,51,Male,0
9080,51,Male,0
18215,44,Male,0
12494,58,Female,0
9094,63,Male,0
4553,47,Female,0
12633,61,Male,1
1141,61,Male,0
5452,41,Male,0
13207,79,Male,0
19323,53,Male,0
2796,53,Female,0
17725,29,Male,0
12853,33,Female,0
2576,78,Female,0
11169,20,Female,0
2270,63,Male,0
2105,59,Female,0
18074,69,Female,1
13989,25,Male,0
18443,44,Male,1
16296,22,Male,0
12610,59,Female,1
11653,27,Female,0
18415,67,Female,0
11224,26,Male,1
17098,47,Male,0
13639,72,Female,1
14804,72,Female,0
15373,49,Male,0
15379,40,Male,0
11572,72,Male,1
16217,68,Female,0
5158,19,Male,0
2896,60,Female,0
7178,31,Female,1
5338,59,Male,0
3041,75,Male,1
1806,20,Female,1
12807,71,Male,0
15288,22,Male,0
17579,78,Female,1
19185,27,Female,0
5906,67,Male,0
9852,23,Female,0
16783,35,Male,0
5726,43,Male,0
2986,59,Female,0
2732,63,Male,1
13056,36,Female,0
2711,37,Female,1
7108,79,Male,0
13491,69,Female,0
19548,53,Female,1
15736,58,Male,0
15400,38,Male,0
6151,40,Male,0
12725,18,Male,1
17794,22,Female,0
2190,48,Male,0
18765,59,Female,0
19932,26,Male,0
4984,33,Male,0
6080,18,Male,0
14296,61,Male,1
1985,39,Male,0
14387,47,Male,0
11216,32,Female,0
16204,71,Female,0
7587,78,Female,0
17811,58,Female,1
16976,26,Male,0
16368,55,Male,0
1363,68,Female,0
13839,19,Male,0
18400,45,Female,0
7937,63,Male,0
9010,77,Female,1
1941,53,Female,0
18427,18,Male,0
7317,46,Female,1
13721,40,Male,0
1652,18,Male,1
18131,46,Female,0
7557,42,Male,0
14107,25,Male,0
11861,75,Male,0
17339,39,Male,0
18315,34,Male,0
8131,80,Female,0
13326,74,Male,1
2664,78,Female,0
19315,41,Male,0
15172,66,Female,0
16612,26,Female,0
5423,66,Female,0
17864,29,Female,0
2307,62,Male,0
19329,72,Female,0
17667,46,Female,0
7160,42,Male,0
6631,52,Male,1
18854,47,Female,0
13084,52,Male,0
14484,45,Female,1
6668,40,Female,1
16813,71,Female,1
8919,66,Female,0
19961,38,Female,1
14550,40,Male,0
5090,46,Male,0
4606,48,Male,0
19486,28,Male,1
7694,71,Female,0
17645,43,Male,1
14945,31,Female,1
5887,26,Female,1
5327,49,Male,0
19485,47,Female,0
13339,62,Female,0
12065,40,Male,0
17994,29,Male,1
15076,42,Male,1
6070,54,Female,0
12091,51,Male,1
15912,22,Female,0
2697,75,Female,0
13940,46,Female,0
5725,34,Female,1
17318,65,Male,0
16940,50,Male,1
12533,58,Female,0
18017,71,Male,1
19347,37,Female,0
6460,64,Female,1
9775,70,Female,0
18727,26,Female,1
18033,69,Female,0
7341,33,Male,1
14207,56,Male,0
9028,74,Male,0
12614,36,Female,0
8981,61,Female,0
3598,61,Male,0
7050,40,Male,1
4583,24,Male,0
13691,27,Male,0
15956,55,Female,0
13928,22,Male,0
16041,26,Male,0
16060,30,Female,1
9006,33,Female,1
6680,47,Female,0
14967,79,Female,1
3702,64,Male,0
8685,24,Female,0
8701,18,Male,0
8715,20,Male,1
3729,28,Male,0
11110,61,Female,0
2751,65,Female,0
2018,63,Male,0
1212,79,Female,1
5288,22,Male,1
7642,39,Male,0
4003,35,Female,0
3522,21,Male,0
1712,61,Male,0
7863,47,Female,1
11306,65,Male,0
1401,23,Female,0
15160,24,Female,0
18290,71,Male,0
6722,27,Male,0
13318,25,Male,0
14010,68,Female,0
14661,41,Female,0
13038,29,Male,0
15512,70,Female,0
13384,65,Female,0
8779,54,Female,0
9099,41,Male,1
6984,49,Female,1
3557,28,Female,0
5931,63,Male,0
8088,64,Male,1
2886,22,Male,0
18686,40,Female,1
14379,25,Female,0
11206,57,Female,0
3680,24,Female,1
16446,60,Female,0
14968,20,Female,1
19883,25,Male,0
19098,50,Female,0
15044,25,Male,0
2282,79,Female,0
8441,65,Female,0
2041,49,Female,1
15560,43,Female,0
7225,49,Male,0
6404,50,Female,0
12286,75,Male,1
17498,71,Male,0
8572,75,Male,0
18872,61,Male,0
2224,21,Female,0
13378,43,Female,0
18061,74,Female,0
7144,50,Male,0
5114,49,Female,1
2649,33,Female,0
16255,30,Male,0
17204,24,Female,0
5417,68,Female,0
15767,71,Male,0
19358,29,Female,0
9659,65,Male,1
13408,18,Female,1
7736,57,Male,0
18929,53,Female,0
12922,70,Female,0
13607,35,Female,1
3870,30,Male,0
17943,73,Female,0
8152,45,Male,0
9813,60,Female,0
17661,80,Male,0
6826,31,Male,1
17333,64,Female,0
1718,73,Male,0
5429,52,Male,0
12045,47,Male,1
4258,46,Male,0
8432,34,Male,1
12227,63,Male,0
14913,20,Male,0
2061,53,Male,0
4793,50,Female,0
18967,38,Female,0
13952,53,Male,0
5406,44,Female,0
7031,43,Male,0
17052,72,Male,0
9298,57,Male,0
13364,59,Male,0
17868,73,Male,0
14237,32,Male,0
1592,39,Male,1
2036,57,Female,1
19908,54,Male,0
13145,70,Male,1
3031,67,Female,0
4485,44,Male,0
11778,46,Male,0
18751,22,Male,0
3889,31,Female,0
5661,51,Male,0
18781,74,Female,1
7702,57,Male,0
9656,52,Male,0
7795,80,Female,0
1450,23,Male,0
16761,72,Male,0
15668,60,Male,0
9506,52,Female,1
3739,74,Female,0
1248,66,Male,0
15420,26,Female,1
15504,20,Male,0
1853,58,Male,0
15754,79,Female,0
14749,38,Female,0
15325,33,Male,0
1643,28,Female,0
3325,23,Male,0
16930,53,Female,0
1237,72,Male,1
2113,50,Male,0
9535,36,Male,0
18731,66,Female,0
1761,21,Male,1
3686,80,Male,0
16946,38,Male,0
4093,78,Female,0
14894,65,Female,0
19838,61,Female,1
7529,72,Male,1
17200,31,Male,0
11246,48,Female,1
12660,19,Female,0
3698,50,Male,0
17271,75,Male,0
8775,72,Female,0
16582,47,Male,0
12034,48,Female,1
9585,60,Male,0
1543,60,Male,0
16874,23,Male,1
9634,68,Male,0
3911,77,Female,0
19029,62,Male,0
16439,74,Male,0
19379,31,Female,0
6414,56,Female,0
7534,27,Male,0
15472,42,Female,1
4278,35,Female,0
6172,49,Female,0
12084,42,Male,1
14073,73,Female,1
17032,56,Male,1
13083,21,Male,0
16180,49,Male,1
16226,21,Female,0
9522,57,Male,1
5964,20,Female,0
13782,68,Male,0
9149,23,Female,0
11910,18,Female,0
2072,45,Male,0
4126,26,Female,0
18100,38,Female,0
18323,62,Female,0
11147,64,Male,0
5037,71,Female,0
9402,21,Female,0
12476,64,Male,0
6026,18,Female,0
2507,27,Female,0
14767,40,Male,1
19601,77,Male,0
1725,77,Female,0
7909,69,Male,0
2042,60,Female,0
17663,35,Male,0
2220,76,Male,0
8825,58,Male,0
11718,30,Male,0
18579,47,Male,0
3705,50,Male,0
3812,68,Male,1
15861,20,Male,0
12035,65,Female,0
14315,59,Male,0
3409,28,Male,0
8716,78,Female,0
14570,68,Male,0
18497,31,Female,0
3682,65,Female,1
6220,51,Female,0
6419,32,Female,0
17251,40,Female,0
15527,59,Male,0
7861,26,Female,0
18848,76,Female,1
7079,47,Female,0
4445,69,Female,0
13878,51,Male,0
13252,71,Female,1
2645,79,Male,0
3612,19,Male,0
9957,42,Female,1
4664,44,Female,1
13124,50,Female,0
7191,35,Female,1
7585,43,Female,0
4930,37,Male,0
5489,38,Male,1
2537,42,Female,0
12815,24,Female,0
2734,22,Female,0
12216,76,Male,0
18942,67,Female,0
17985,44,Male,0
4995,57,Male,0
16101,24,Female,0
3227,80,Male,0
1970,59,Female,1
4582,69,Female,0
15974,51,Female,0
2783,59,Male,0
5384,78,Female,0
11342,29,Female,0
1828,79,Male,0
7507,22,Female,0
12079,67,Male,0
15643,58,Male,0
2092,58,Male,0
3567,63,Male,0
17115,55,Female,0
6164,74,Male,0
5184,48,Male,0
13051,51,Male,0
9980,27,Male,0
3849,70,Female,1
6615,70,Female,0
11398,23,Female,1
14410,34,Male,0
4392,66,Female,1
18505,58,Male,0
8881,53,Female,0
14991,36,Female,0
4814,51,Female,1
16245,71,Male,0
9801,60,Female,0
6745,26,Female,1
15361,57,Male,1
6904,54,Male,0
18800,62,Male,1
18534,67,Female,0
3172,46,Male,1
11261,59,Male,0
11794,32,Female,1
6383,52,Female,0
13601,41,Male,0
15281,52,Female,0
6271,25,Male,0
18410,43,Female,0
7416,30,Male,0
7441,49,Female,0
17059,59,Male,0
14742,31,Female,0
6003,58,Female,1
1770,78,Male,0
11496,53,Male,1
16955,76,Male,1
18160,45,Male,0
16346,73,Female,1
16560,58,Female,0
12824,23,Female,0
16973,29,Male,0
19972,29,Male,1
14152,54,Female,0
6333,35,Male,0
17996,58,Female,0
3133,48,Female,0
1421,66,Female,0
12148,32,Female,0
14124,63,Female,1
7360,80,Female,0
5772,48,Male,0
15266,22,Male,1
8562,24,Male,0
19962,27,Female,0
8812,76,Male,0
4527,54,Male,0
3759,72,Female,1
14366,65,Male,0
19539,21,Male,1
2100,71,Male,0
1170,54,Male,0
6078,18,Male,1
12247,57,Male,0
19002,26,Male,0
9686,27,Female,0
19955,56,Male,1
4575,37,Female,0
9038,33,Female,0
15806,45,Female,0
4358,30,Female,0
4098,35,Female,0
11287,41,Female,1
11912,42,Male,1
15862,27,Female,0
19297,32,Male,1
8933,24,Male,0
11046,47,Male,0
16975,28,Female,0
3132,35,Male,0
4549,68,Female,0
4305,23,Male,0
19141,57,Female,0
11077,59,Female,0
2094,55,Male,0
16939,76,Female,0
16535,80,Male,0
3301,61,Male,0
12217,53,Female,0
6160,74,Male,0
11440,32,Male,0
3466,51,Male,0
2707,74,Male,0
9556,48,Female,1
16577,43,Male,0
17457,37,Female,0
15388,41,Male,0
13711,44,Female,0
13748,53,Male,1
19748,57,Female,0
6754,22,Male,0
16891,68,Female,0
17898,33,Female,0
13935,28,Female,1
9857,55,Male,0
4953,45,Female,1
9512,47,Female,0
2904,69,Female,0
9515,54,Male,0
5608,29,Female,0
14199,31,Male,1
7234,27,Female,0
16802,40,Female,1
18899,46,Female,0
16437,34,Female,1
3379,57,Male,1
19236,36,Male,0
2954,46,Female,0
16259,25,Female,1
13600,44,Female,0
2567,28,Female,0
9323,52,Male,0
2874,38,Male,1
11682,47,Female,0
17391,53,Male,0
6973,35,Female,0
8879,41,Female,0
15961,29,Male,1
19730,53,Male,0
13801,26,Female,0
2284,74,Male,0
3899,69,Male,1
12732,45,Female,1
11254,75,Male,0
3531,28,Female,0
14438,73,Male,0
4751,27,Female,0
6045,37,Male,0
1423,51,Male,0
16697,39,Male,1
13876,77,Male,0
13467,21,Female,0
16844,76,Male,0
6079,79,Male,0
9835,76,Male,0
3755,23,Female,0
5589,70,Male,0
5505,29,Female,0
4464,36,Female,1
5561,51,Male,0
13526,64,Male,0
13421,50,Female,0
18559,22,Male,0
19221,78,Male,1
7126,54,Male,0
4958,33,Male,0
8290,18,Male,0
4259,22,Female,0
3273,58,Female,0
12703,28,Female,0
6107,64,Male,0
7044,20,Female,0
13296,76,Female,0
5897,23,Female,1
5923,47,Male,0
16145,64,Female,0
4827,41,Female,0
11081,23,Male,0
3251,28,Female,0
13189,18,Male,0
13313,34,Male,0
9375,36,Female,1
19023,79,Male,0
4808,79,Male,0
11193,74,Male,1
18961,51,Female,0
16742,66,Female,0
3000,56,Female,1
11804,62,Male,0
6288,45,Female,1
17321,68,Female,0
19389,35,Male,0
15579,80,Female,0
17359,29,Male,0
15737,62,Male,0
13598,77,Male,0
4611,46,Female,1
16380,79,Male,1
17434,19,Female,0
14911,72,Female,1
8780,44,Female,0
1385,27,Male,0
5239,63,Female,0
18522,44,Male,0
5614,19,Female,0
7085,48,Male,0
7629,35,Male,0
9037,39,Female,1
15514,58,Female,0
19534,35,Female,0
12386,38,Female,0
13667,51,Male,0
1057,71,Female,0
18593,70,Male,0
7120,79,Female,0
7798,18,Male,0
9142,58,Male,0
5132,50,Female,0
1911,46,Male,0
19822,72,Female,0
4384,55,Male,1
11482,29,Male,0
8202,51,Female,1
16958,74,Male,1
14724,26,Male,0
2632,18,Female,1
8361,80,Male,0
8479,50,Male,1
18864,75,Male,1
9460,52,Male,0
3764,60,Male,1
9068,73,Female,0
12744,24,Female,1
13693,65,Female,0
5970,41,Female,0
3224,28,Male,1
6035,57,Female,0
6672,70,Female,0
6624,31,Female,0
12693,29,Female,1
9198,18,Male,1
16413,20,Male,0
13684,58,Female,0
12851,34,Male,0
12939,19,Male,0
5457,20,Female,1
17154,37,Male,0
15323,19,Female,0
1566,26,Male,0
17893,20,Male,0
4167,36,Male,0
5676,75,Female,0
15506,52,Female,1
7354,42,Male,1
13933,70,Female,0
9923,43,Female,1
17338,72,Female,1
17518,55,Male,1
11047,62,Female,0
17997,32,Male,0
4589,24,Female,0
4834,62,Male,0
17912,52,Female,0
11009,22,Male,1
4558,25,Male,0
6073,34,Male,0
14234,73,Male,1
2310,79,Male,0
11607,18,Male,0
3568,67,Male,0
7430,30,Female,0
16102,18,Female,1
2651,40,Male,1
11562,46,Female,0
3547,55,Male,0
15603,25,Male,0
16227,32,Female,0
2158,19,Male,0
7903,65,Female,0
3390,64,Male,0
16379,69,Male,1
11192,28,Male,0
7800,22,Female,0
15390,76,Male,0
1746,57,Female,0
16391,47,Male,0
11806,74,Male,0
1434,27,Male,0
5289,47,Female,0
2451,46,Male,0
11260,61,Female,0
15330,31,Male,1
7899,66,Male,0
1097,19,Male,0
3538,78,Male,0
9645,65,Male,0
1035,32,Female,1
7571,56,Female,0
8851,25,Male,0
7699,25,Female,0
15965,55,Female,1
6278,35,Female,0
4950,50,Female,0
14023,26,Female,0
2001,36,Male,0
1681,74,Male,0
9338,62,Female,0
8842,27,Female,0
12921,72,Male,0
5640,39,Female,0
16914,44,Male,0
11555,28,Female,1
12709,75,Female,0
18879,47,Female,1
16843,80,Male,0
6721,78,Male,0
16898,29,Male,0
5841,52,Male,0
4602,37,Male,0
11860,73,Male,0
9179,43,Male,0
15903,56,Male,1
11732,54,Female,0
2122,19,Male,1
16061,28,Male,0
8944,70,Female,0
15477,27,Female,0
17348,67,Male,0
6431,20,Female,0
13800,26,Male,0
7412,26,Male,0
6766,49,Male,1
11714,35,Female,0
11614,21,Male,0
17205,23,Male,1
5830,34,Female,0
15255,47,Female,0
1876,54,Female,1
6198,65,Female,0
2560,62,Female,0
8219,79,Male,0
5570,70,Male,0
12588,40,Female,0
5490,30,Male,0
18969,31,Male,0
1217,43,Female,1
2365,35,Male,0
19881,19,Male,0
8534,55,Female,0
9627,66,Female,0
12559,21,Female,0
15221,42,Female,0
9423,67,Male,0
14651,49,Male,0
19270,49,Female,0
11030,71,Female,1
16603,57,Male,0
11365,26,Male,0
8850,69,Male,1
2487,19,Male,0
8398,65,Female,0
17513,31,Male,0
1062,62,Male,0
14904,37,Male,0
15273,44,Male,0
8592,21,Male,0
19183,55,Female,0
14475,76,Female,1
7948,79,Female,1
1706,79,Male,0
1465,54,Female,0
8111,43,Female,0
11377,24,Male,0
15567,23,Female,1
13489,39,Male,0
19138,50,Female,1
2262,29,Female,0
1634,21,Female,0
4339,27,Female,0
13505,55,Male,0
2902,20,Female,0
19498,48,Male,0
4041,75,Female,0
16314,46,Male,0
14351,22,Female,0
1321,28,Male,0
4978,44,Female,0
3513,74,Male,1
3967,52,Female,0
3608,64,Female,0
19845,39,Female,0
13120,78,Male,0
19870,23,Male,0
12495,79,Female,0
17099,71,Female,0
6823,31,Female,0
19220,18,Female,0
7928,38,Female,0
11157,42,Female,0
9449,62,Female,0
1127,80,Male,0
18056,23,Female,0
19376,63,Male,0
7953,30,Female,0
12630,46,Male,0
15336,67,Male,0
12194,37,Female,0
8750,23,Female,0
19189,51,Female,1
3794,61,Male,0
12489,26,Male,0
2372,47,Male,1
16932,31,Male,0
3892,73,Female,0
3747,73,Female,0
11928,34,Male,0
2529,20,Male,0
15106,77,Female,0
16829,50,Female,0
3672,51,Male,0
13493,79,Male,0
1091,22,Male,1
9275,38,Female,0
4909,46,Male,0
6547,52,Male,0
6593,31,Male,1
12713,57,Male,0
12051,24,Female,1
17412,54,Male,0
6210,61,Female,0
11343,76,Male,1
18379,38,Male,1
11004,61,Female,0
9114,57,Female,0
12741,37,Female,0
12869,70,Female,1
17085,27,Male,0
9221,58,Male,0
17492,42,Female,0
5601,51,Male,0
13794,29,Male,0
13100,62,Female,0
4133,59,Male,0
12319,42,Female,0
19578,38,Male,0
15635,50,Female,0
3622,31,Male,1
3014,67,Male,0
3960,34,Female,0
18035,48,Male,0
9133,21,Male,0
12159,66,Female,0
15465,23,Male,0
16064,50,Female,0
17291,39,Female,0
2776,80,Male,0
11691,18,Male,0
12187,26,Female,0
7093,47,Female,0
5028,25,Male,0
17229,72,Female,1
17925,19,Male,0
13372,75,Male,0
17817,40,Male,0
16154,40,Female,0
14427,75,Male,0
17276,60,Male,0
17000,59,Female,0
15211,69,Male,0
13651,42,Female,0
13150,30,Female,1
17980,68,Female,0
13136,67,Female,0
17447,71,Male,0
17885,53,Male,0
17694,70,Female,0
18743,32,Male,1
17676,77,Female,0
19658,30,Female,0
14608,63,Male,0
14242,50,Male,0
17891,63,Female,0
14595,67,Male,0
7943,20,Male,0
4959,28,Male,1
4885,48,Male,1
7942,73,Female,0
1288,32,Female,1
9623,75,Female,1
8876,25,Female,0
11439,54,Male,0
12500,68,Male,0
11182,59,Female,0
7589,48,Male,0
6990,36,Male,0
3518,37,Male,0
11690,73,Female,0
1869,51,Male,0
5568,51,Female,1
2803,46,Female,0
6266,56,Female,0
6447,47,Female,1
1021,71,Female,1
9676,63,Male,0
15939,69,Male,0
15550,79,Male,0
6918,62,Male,0
18729,46,Female,1
15131,37,Male,0
15043,76,Male,0
14344,32,Male,0
19160,59,Female,1
15691,41,Male,1
19350,34,Female,0
9311,45,Male,0
5515,68,Male,0
11798,37,Male,1
14324,37,Male,0
2232,19,Female,0
16615,18,Male,1
16570,74,Male,0
14091,31,Female,0
6358,70,Female,1
17720,53,Female,0
1449,40,Female,0
11977,35,Female,0
2926,44,Male,0
8346,80,Female,1
4636,24,Male,0
14544,31,Female,0
16600,25,Male,1
13030,53,Male,0
18301,67,Male,0
5585,77,Female,0
5575,57,Female,0
3359,18,Male,1
12081,68,Male,0
14627,65,Female,0
4725,66,Male,1
5507,40,Male,1
7291,79,Female,0
17631,21,Female,0
17565,50,Male,0
5531,78,Female,0
15404,65,Female,0
18531,19,Female,0
13446,20,Female,1
14415,28,Female,0
13305,22,Female,0
3162,34,Female,0
4123,74,Male,0
9765,43,Male,0
6999,38,Male,1
19488,74,Male,0
14952,30,Male,0
19586,70,Female,0
3701,29,Female,0
14912,26,Male,0
1013,42,Female,0
16847,71,Female,0
16234,62,Male,1
16696,40,Male,0
16261,34,Female,0
6075,22,Male,0
19662,72,Male,0
3505,57,Female,0
13523,66,Male,0
6749,73,Male,1
4826,29,Male,1
11469,28,Male,0
11134,80,Female,1
13107,64,Female,0
6206,76,Male,0
7837,52,Male,1
18934,62,Female,0
2810,63,Female,0
8820,74,Male,0
18445,33,Male,0
3082,57,Female,0
13812,77,Female,0
4341,48,Male,1
16144,52,Male,0
14656,20,Male,0
12402,73,Male,0
11958,61,Male,0
13851,66,Male,0
2802,72,Female,0
15244,32,Male,0
16540,34,Male,0
16723,51,Female,0
2369,27,Female,0
9450,19,Male,0
5562,77,Female,0
1962,50,Female,1
5606,33,Female,0
2115,31,Male,0
9225,78,Male,0
9385,64,Male,0
8544,33,Female,0
13315,51,Female,0
9661,31,Male,0
1254,47,Female,0
6438,61,Female,0
8476,78,Male,0
13307,57,Male,0
7286,31,Female,0
6505,66,Female,1
13629,38,Male,0
19956,29,Female,0
12295,78,Male,0
12070,56,Male,0
13300,50,Female,0
1150,21,Male,0
6445,48,Female,0
2240,29,Female,0
7431,67,Female,0
4081,26,Female,0
11189,50,Female,0
17404,46,Male,1
16485,61,Male,1
8367,65,Male,1
6110,57,Female,0
1663,60,Female,0
9349,61,Female,1
12405,46,Female,0
16673,75,Male,1
15258,49,Male,0
12571,70,Male,0
17021,63,Female,0
17014,80,Male,0
7830,21,Female,1
8376,30,Male,0
4090,71,Female,1
9696,51,Female,0
9975,31,Female,1
16170,72,Male,0
6250,30,Male,1
16039,68,Female,0
6886,23,Female,0
11553,27,Male,0
7097,72,Male,0
5465,52,Female,1
17068,33,Female,0
7724,79,Male,0
4912,72,Female,0
8031,63,Male,0
15132,37,Male,0
9997,30,Male,0
7433,30,Female,0
12105,60,Female,0
8790,21,Female,1
1388,34,Male,0
8804,65,Male,0
18885,33,Female,0
9796,20,Male,0
2154,43,Female,0
14377,51,Male,0
14218,39,Female,0
2408,67,Male,0
18310,67,Male,0
2710,69,Female,0
2892,55,Male,0
14041,36,Female,0
1180,41,Female,0
14011,22,Female,1
8990,21,Female,0
9146,70,Female,0
15092,68,Female,1
5492,78,Female,0
9264,26,Male,0
11092,55,Male,0
13923,24,Male,0
8013,46,Female,0
7991,75,Female,0
4884,41,Female,1
18855,43,Female,0
11152,56,Female,0
9715,32,Male,0
12232,76,Female,0
16384,24,Female,0
19558,69,Female,0
2103,41,Male,1
11620,66,Female,1
16853,71,Female,1
14596,37,Female,0
6600,80,Male,1
16021,65,Female,0
15333,71,Male,0
2726,76,Male,0
1276,30,Male,0
2795,75,Male,1
16377,52,Male,1
9285,74,Male,0
4944,64,Male,0
5410,21,Male,0
14297,58,Male,1
17013,50,Female,1
12568,21,Male,0
7478,34,Female,0
5124,38,Male,0
5098,52,Male,0
19453,79,Male,1
7739,54,Female,1
5845,42,Female,0
1755,37,Female,0
1735,44,Male,0
6582,27,Female,0
12018,58,Male,0
12022,45,Male,0
8661,63,Male,0
4260,50,Male,1
4389,27,Female,0
18238,39,Male,0
4159,74,Male,1
17881,44,Male,0
3433,72,Male,0
15443,43,Male,0
9464,44,Female,0
15828,57,Female,0
18095,21,Female,0
5930,35,Male,0
13668,59,Female,0
3868,48,Male,0
9543,34,Female,0
8635,67,Male,0
3987,51,Female,0
12686,55,Male,0
15907,70,Male,0
9834,57,Female,0
5188,70,Male,0
3984,74,Male,0
11305,56,Female,1
12702,78,Male,0
2003,77,Male,0
13829,32,Female,1
14714,70,Male,0
17469,32,Male,0
13367,79,Female,0
4776,60,Female,0
19861,74,Female,0
11066,47,Male,0
13226,58,Male,0
8016,21,Male,0
13894,54,Male,0
6401,68,Female,1
2989,36,Male,0
11033,78,Female,1
7472,50,Female,1
17938,76,Male,1
19106,79,Female,0
14114,48,Male,0
14955,45,Female,0
3351,73,Male,1
18475,64,Male,0
18709,28,Male,0
15757,18,Female,0
6178,77,Male,1
18213,68,Male,0
1272,27,Female,0
16410,40,Male,0
14125,39,Female,1
13589,63,Male,0
6194,32,Male,0
19733,35,Female,1
13015,18,Female,0
1486,49,Female,1
1642,28,Female,0
3512,51,Male,1
3475,62,Female,0
9456,80,Female,0
12463,58,Male,0
3158,22,Female,0
4854,24,Male,0
13380,45,Male,0
13805,70,Female,0
18902,22,Female,0
2403,72,Female,0
4924,64,Female,0
8116,73,Male,0
2411,46,Female,0
17297,61,Male,0
18665,51,Female,1
15265,24,Male,0
15615,58,Female,0
17653,62,Female,0
11518,75,Male,0
12872,38,Female,0
6991,41,Male,0
3056,36,Male,0
19626,66,Female,1
1635,60,Female,0
13407,77,Female,0
1641,63,Male,1
17643,66,Female,0
18135,28,Female,0
2888,35,Male,0
17700,80,Female,0
16404,54,Female,0
17696,75,Male,0
14629,38,Female,0
7905,35,Female,1
14705,66,Female,0
6811,74,Female,0
18229,57,Male,0
3103,37,Female,1
3991,68,Female,0
13880,35,Male,1
19050,29,Male,0
1903,44,Female,0
2187,41,Male,0
7385,44,Male,0
3314,37,Female,0
3427,39,Male,0
17185,38,Female,0
8215,63,Female,0
16724,75,Female,0
11634,62,Female,0
3397,28,Male,0
8691,29,Male,0
11039,22,Male,0
8604,25,Male,0
4272,34,Female,0
1365,54,Female,0
1836,33,Male,0
13648,39,Male,1
5542,18,Female,0
12188,64,Female,1
4660,61,Female,1
6635,21,Female,1
15649,18,Female,0
13611,24,Female,1
5307,54,Female,0
11662,18,Male,1
14675,75,Female,0
11582,58,Male,0
5060,23,Female,1
9854,39,Female,0
8987,36,Male,0
16718,37,Female,0
12493,35,Female,0
3469,68,Male,1
3891,22,Male,0
13507,74,Male,1
12781,42,Female,0
8309,80,Female,0
19653,39,Female,0
13920,28,Female,0
7183,55,Male,0
9387,80,Male,0
14482,32,Male,0
8581,27,Female,1
15425,75,Female,0
15243,25,Male,0
8160,31,Male,0
7145,52,Female,0
8475,53,Female,1
15339,28,Female,0
17821,64,Female,0
17577,56,Female,0
6157,20,Male,0
13155,50,Male,0
19561,52,Female,0
6068,79,Female,0
5712,43,Male,1
2356,24,Female,0
4155,29,Female,0
18632,35,Male,1
1524,22,Female,0
1223,53,Male,0
6247,22,Male,0
5248,19,Male,0
17575,31,Male,0
11735,49,Male,0
4779,54,Male,0
3256,69,Female,0
19799,32,Female,0
14491,54,Female,0
17120,69,Female,0
4967,44,Female,0
11738,74,Female,0
4089,65,Male,0
2441,44,Female,0
3096,36,Male,0
3405,80,Female,0
17049,45,Male,0
12258,77,Female,0
8835,69,Male,0
7749,76,Female,1
5211,53,Male,0
13182,31,Female,0
19172,59,Female,0
19661,54,Female,0
16436,67,Female,0
6787,25,Female,0
4424,49,Male,0
15194,48,Female,0
6665,19,Male,0
6279,24,Female,1
11403,23,Male,0
17652,48,Female,1
6633,77,Female,0
4828,24,Male,0
19507,59,Female,0
1910,51,Male,1
13557,64,Male,0
1823,53,Male,1
4356,53,Female,1
12039,65,Male,0
2102,67,Female,0
14244,61,Female,0
5195,66,Male,1
17806,35,Male,0
4873,75,Male,0
4639,55,Male,0
15027,30,Male,1
7733,22,Female,0
13255,77,Male,0
17443,27,Male,0
5009,51,Male,0
11801,52,Female,0
2339,26,Female,1
6806,56,Female,0
14655,48,Female,0
2748,61,Female,0
15999,29,Female,0
15739,27,Female,0
6907,32,Male,0
15942,35,Male,0
9104,30,Female,0
19312,70,Male,0
1117,34,Female,0
14795,58,Female,0
14141,25,Female,0
5391,24,Female,1
1294,56,Male,0
5353,51,Male,0
6622,78,Female,0
1043,76,Male,0
1873,66,Female,0
1690,45,Male,0
8073,78,Male,0
2144,79,Male,0
14783,71,Male,1
13204,40,Male,1
8455,38,Female,0
3561,43,Female,0
3244,60,Male,0
13845,38,Female,0
13061,45,Male,0
3896,73,Female,0
8845,43,Male,0
18986,78,Female,0
12914,44,Male,0
13734,63,Male,0
5734,63,Male,0
15314,44,Male,0
6669,54,Male,0
7929,43,Female,0
5471,49,Female,0
11946,25,Male,0
7048,48,Female,1
15817,51,Female,0
13746,70,Male,0
16303,29,Female,0
15563,61,Female,0
8422,62,Male,0
17207,61,Female,1
18922,32,Female,0
5921,33,Female,0
18404,76,Male,0
14245,44,Male,1
8895,29,Male,0
18779,25,Female,1
18708,39,Male,0
4560,69,Female,0
15853,79,Female,0
11220,72,Male,0
13546,71,Female,0
14166,32,Female,0
9066,45,Male,0
18136,66,Male,0
6709,61,Male,0
15053,30,Male,0
12572,74,Male,0
1329,65,Female,0
13660,28,Male,0
4757,66,Male,0
4678,21,Male,0
4113,19,Male,0
2591,44,Male,1
18049,63,Male,0
3975,59,Male,1
11031,39,Female,0
7392,34,Male,1
12912,46,Female,0
15432,76,Female,0
14293,22,Male,0
12128,37,Female,0
12938,80,Male,0
19515,78,Female,0
8100,28,Male,1
16062,52,Male,0
9112,43,Male,0
18157,45,Male,0
14597,18,Male,0
11095,30,Female,0
4366,67,Female,1
5448,74,Male,0
9966,20,Male,0
14134,24,Male,1
17908,77,Female,0
9752,39,Female,0
5403,70,Male,0
16486,73,Female,0
7423,64,Female,0
13977,60,Male,0
13973,49,Female,0
15313,46,Female,1
2012,73,Female,1
3048,40,Female,0
9767,74,Male,0
15829,45,Female,0
11481,59,Male,0
14051,28,Male,0
11361,64,Female,1
6259,49,Male,0
6248,29,Male,0
12712,33,Male,0
15937,80,Male,0
16658,18,Female,1
2116,65,Female,0
11544,49,Male,0
12548,48,Male,0
4240,30,Female,0
17104,43,Female,0
14844,45,Male,0
8506,65,Male,0
17176,67,Female,0
17924,44,Female,0
8703,27,Female,0
8200,63,Female,1
4440,77,Female,0
4697,30,Female,0
7292,30,Female,1
15687,29,Female,0
11638,54,Female,0
11679,26,Female,0
5842,33,Male,0
14577,44,Male,1
7994,47,Male,0
19841,57,Female,0
1351,34,Male,1
16822,18,Male,0
7232,18,Male,0
8066,39,Male,0
17294,28,Female,0
5325,52,Male,0
19303,49,Male,0
7660,66,Male,0
2787,49,Male,0
4966,54,Female,1
13564,61,Female,1
13710,42,Male,0
13678,57,Female,0
11290,37,Male,0
12269,68,Female,0
8062,54,Male,1
4203,21,Female,0
13771,45,Male,0
17497,50,Male,0
11228,48,Female,0
1958,29,Female,0
6566,27,Male,0
17195,78,Male,0
8006,39,Male,0
7151,45,Male,0
5121,18,Male,0
18360,78,Male,0
6042,65,Male,0
7175,48,Male,1
13789,79,Male,1
7920,24,Male,0
8619,79,Female,1
7211,77,Female,0
9371,68,Male,0
19970,62,Male,0
9395,35,Female,0
9273,55,Male,0
13403,18,Male,1
3597,26,Male,0
13475,46,Male,0
4348,50,Male,0
18728,59,Male,0
3633,40,Female,0
16730,26,Female,0
16057,30,Male,0
8105,39,Male,0
5480,53,Male,1
6596,57,Male,0
9668,40,Male,0
12056,75,Female,1
8453,31,Male,0
9091,27,Female,0
18071,44,Female,0
3952,44,Male,0
18065,78,Female,0
4261,69,Female,0
9839,30,Female,0
1790,65,Male,0
5905,49,Male,0
8832,80,Male,0
9406,20,Female,0
12310,56,Female,0
13886,73,Male,0
11566,58,Male,1
5791,74,Male,0
12829,22,Male,0
19834,62,Male,0
11577,46,Female,0
14522,59,Male,1
15521,34,Male,0
16647,22,Male,0
1982,41,Female,0
18604,60,Female,0
2203,77,Male,0
7783,27,Male,0
3307,61,Female,0
16090,64,Female,0
15181,71,Male,0
11344,32,Male,0
7483,34,Female,0
15833,71,Male,0
4960,67,Female,0
13169,54,Female,0
19738,80,Female,0
16302,65,Male,0
3610,26,Female,0
3029,39,Male,0
3609,48,Male,0
1030,69,Male,0
8998,40,Female,0
6945,57,Female,0
13644,42,Male,0
1830,47,Male,1
6857,28,Female,0
4312,44,Female,0
5183,31,Male,0
14937,42,Male,0
12935,21,Male,1
15623,79,Female,0
9938,65,Female,0
5422,45,Male,0
4838,61,Male,0
1676,44,Male,0
14828,30,Male,0
15269,57,Male,0
12496,58,Male,0
15943,46,Male,1
7608,52,Female,1
17525,71,Female,0
7235,37,Female,0
1819,48,Male,0
1433,43,Male,0
13348,22,Male,0
4624,29,Female,0
16052,59,Male,0
12820,18,Male,1
16954,28,Male,1
5494,72,Female,0
5694,38,Male,0
17865,48,Male,0
11225,19,Female,0
1144,42,Male,0
14206,51,Male,1
17433,63,Female,1
7543,26,Female,0
8698,60,Female,0
8524,31,Male,0
11325,27,Male,1
16557,31,Male,1
6283,67,Male,0
7926,52,Male,0
12312,48,Male,0
18816,46,Female,1
4872,80,Male,0
3032,52,Male,0
9039,20,Male,1
7057,36,Male,1
4435,39,Female,1
11449,61,Male,0
1120,40,Female,0
15636,33,Female,0
2781,79,Female,0
4388,19,Male,0
3720,46,Female,1
8425,19,Female,0
15673,75,Female,0
1536,75,Female,1
18465,36,Male,0
19631,77,Female,0
11088,40,Female,0
8046,35,Female,0
7641,45,Male,0
8609,73,Female,0
11992,71,Female,0
6146,67,Female,0
15805,66,Male,1
18725,50,Male,0
19667,48,Female,0
9660,44,Female,0
7266,21,Female,0
1354,21,Male,0
13295,49,Male,0
12587,69,Male,0
14687,64,Female,1
12682,58,Female,1
12819,73,Female,1
5800,37,Male,0
9339,79,Female,0
8010,28,Female,1
12717,69,Female,0
2123,66,Male,0
3756,47,Male,0
11180,28,Female,0
4054,58,Female,1
1837,49,Male,0
1807,36,Male,0
17831,24,Male,0
17689,65,Male,0
6954,58,Male,0
19048,73,Female,0
12509,29,Male,0
15074,23,Female,0
19600,23,Female,1
6088,44,Male,0
6808,34,Male,0
9367,51,Female,1
15324,19,Female,1
9598,79,Female,1
12882,24,Male,0
3394,73,Male,1
5317,22,Female,0
7037,35,Female,0
7885,49,Male,0
17178,64,Female,1
5197,75,Male,0
13388,75,Male,0
19777,70,Female,0
18680,42,Male,1
14214,36,Male,0
17613,65,Male,0
17005,46,Female,0
4377,62,Male,1
11957,67,Female,0
19736,76,Male,0
5102,54,Female,0
4344,70,Female,0
1784,39,Female,1
9336,72,Male,0
12474,40,Male,1
13218,54,Female,1
1918,19,Male,0
2178,76,Female,0
17073,56,Male,0
18978,70,Female,0
6400,35,Male,0
13529,32,Female,0
17741,62,Female,0
9024,56,Female,0
12094,36,Male,1
15496,40,Male,0
6324,56,Female,1
14425,79,Female,0
14405,73,Male,1
17455,59,Female,1
18377,36,Male,0
11673,26,Male,0
11694,60,Female,0
1981,78,Female,0
13192,28,Male,0
9521,45,Female,0
9124,79,Female,0
6626,37,Male,0
1232,22,Male,1
14853,69,Male,0
12086,40,Male,0
11502,24,Male,1
5792,26,Female,1
15321,62,Female,0
19043,19,Female,0
13265,34,Female,0
14939,57,Female,0
18164,39,Male,0
8772,23,Male,1
4534,38,Male,0
9671,50,Female,1
2140,80,Female,0
7710,31,Male,0
4818,46,Female,1
3135,63,Male,0
5408,19,Male,0
16213,54,Female,0
17520,59,Male,0
2672,63,Female,0
1851,73,Male,0
17987,58,Female,1
7279,32,Male,1
1760,34,Female,1
4075,69,Female,0
11082,45,Male,1
19764,50,Male,0
6256,53,Female,0
17804,39,Male,0
12720,48,Female,0
3887,66,Female,0
13577,60,Male,0
13849,43,Male,0
18776,60,Female,0
5378,79,Male,0
19757,35,Female,0
11456,72,Female,1
2481,42,Female,1
4716,43,Male,1
15060,34,Male,0
19392,20,Female,0
7637,45,Male,0
1436,43,Female,0
7060,76,Female,1
7006,62,Male,0
6449,75,Female,0
5006,71,Male,0
15018,58,Female,1
13343,49,Male,0
15213,67,Female,1
3919,62,Female,0
9190,74,Male,0
3043,66,Male,1
19390,46,Female,0
8478,61,Male,0
4657,46,Male,0
8577,48,Female,0
1576,78,Male,0
2728,52,Female,0
6258,44,Male,1
13681,55,Female,0
16935,24,Male,0
6019,63,Female,0
6495,50,Female,0
1456,69,Male,0
6515,49,Female,0
6496,27,Male,0
2157,38,Female,0
2893,39,Male,0
3381,23,Female,0
14560,20,Female,0
8217,24,Female,0
9567,31,Female,0
4225,64,Female,0
1481,20,Male,0
8239,49,Male,1
4302,57,Male,0
3297,21,Male,0
12942,28,Female,0
3147,67,Female,1
14790,76,Male,0
14527,55,Female,0
15960,60,Female,0
2484,56,Female,0
17214,72,Male,0
15409,31,Female,1
5745,67,Female,0
9305,72,Female,1
18340,67,Male,0
5377,65,Male,0
18154,71,Female,0
12012,46,Male,1
17599,22,Male,0
2334,20,Male,0
18197,34,Female,0
1661,19,Female,0
18021,76,Female,0
16094,34,Male,1
7609,66,Female,0
19874,18,Female,0
18051,57,Female,0
19758,34,Female,0
19080,71,Female,0
18661,33,Male,0
18275,36,Female,0
14187,66,Female,0
6837,28,Male,0
8281,58,Male,0
3264,19,Male,0
12284,23,Male,0
11750,76,Female,0
17134,18,Female,0
2126,54,Female,0
9566,40,Male,1
17972,57,Male,0
5071,31,Male,0
16243,45,Female,1
2873,47,Male,0
9274,25,Male,0
15698,21,Female,0
3448,30,Female,0
1404,55,Female,0
14431,25,Female,0
7638,74,Male,0
11530,68,Female,1
18586,35,Female,1
9070,28,Male,0
9036,62,Female,0
6950,28,Female,1
8014,18,Female,1
13106,71,Male,0
9294,70,Male,1
5714,74,Male,1
5388,58,Female,1
14552,18,Female,1
19648,47,Male,1
13492,52,Male,0
2568,52,Female,0
1927,48,Male,0
17444,59,Male,0
1879,53,Male,0
5544,55,Female,1
19579,79,Female,1
13806,59,Male,0
13759,41,Female,1
9602,80,Female,0
4862,62,Female,0
15827,77,Female,0
2163,19,Female,0
13140,77,Male,1
17815,33,Male,0
18232,30,Female,0
14031,74,Female,1
18346,47,Male,1
8500,23,Male,0
6359,55,Male,0
11442,53,Female,1
11218,53,Male,0
4897,20,Male,1
3213,56,Male,0
8837,69,Female,0
3412,23,Female,0
9870,36,Male,1
5152,58,Female,1
8048,55,Female,1
16756,52,Female,0
6038,58,Male,0
7659,45,Male,0
18741,22,Female,1
9712,19,Male,0
12798,50,Male,1
2516,77,Female,0
16809,32,Female,0
12104,76,Female,0
3599,48,Female,0
6089,39,Male,0
8164,69,Female,0
19053,40,Female,0
9864,32,Female,0
4322,34,Female,0
9282,21,Female,0
19654,52,Female,0
19514,31,Female,1
7912,33,Male,0
4851,54,Male,0
15800,70,Female,1
19210,64,Female,0
8146,70,Male,1
12919,59,Male,1
2350,55,Female,0
15571,65,Male,0
4942,61,Female,1
16142,28,Male,0
11944,18,Female,0
1427,71,Male,0
17567,74,Male,0
17570,61,Female,1
16233,23,Female,0
7881,56,Female,0
6976,65,Female,1
19958,79,Female,1
5411,42,Male,0
8246,72,Male,0
12298,25,Male,1
16310,42,Female,0
18432,31,Male,1
3374,72,Male,0
13599,41,Male,0
19403,66,Female,0
9417,27,Male,0
9917,39,Male,0
16444,33,Female,0
4285,59,Female,1
1253,58,Female,0
9912,41,Female,0
19424,25,Male,0
3343,62,Male,0
7131,49,Female,1
15087,21,Male,1
7484,71,Female,0
3660,30,Male,0
6097,37,Male,0
2242,76,Female,0
4871,56,Male,0
9503,67,Male,1
16841,52,Male,0
12936,48,Female,1
2281,74,Male,1
19440,21,Male,1
16983,46,Male,0
2295,42,Male,0
5918,63,Male,0
15822,56,Male,0
15143,37,Male,1
5834,19,Male,0
4164,48,Male,0
16084,56,Male,0
3941,64,Male,0
6008,54,Male,0
2125,44,Male,0
16918,67,Male,0
16641,70,Male,1
13086,49,Female,0
14702,53,Male,0
1591,24,Female,0
19361,56,Male,1
19100,51,Male,0
17722,63,Female,0
13487,21,Male,0
2811,36,Female,1
16482,42,Female,0
17918,71,Male,1
12177,29,Male,0
11250,32,Female,0
11864,33,Male,1
2457,72,Female,0
13451,57,Male,0
19679,30,Female,0
9008,43,Male,0
16279,64,Female,1
6103,46,Male,1
5202,26,Male,0
9637,70,Female,0
15647,74,Male,0
3094,49,Male,0
3767,60,Male,0
1847,25,Male,1
1540,36,Female,0
5262,66,Female,0
2375,33,Male,1
5520,29,Female,1
12200,21,Male,1
4890,76,Female,0
4512,50,Male,0
6102,43,Male,0
15657,53,Male,0
16686,75,Male,0
4417,46,Male,0
5663,30,Male,0
12048,48,Female,1
5794,21,Male,1
3100,42,Male,0
13046,23,Male,0
18660,24,Female,1
12855,63,Female,0
2741,55,Female,1
14622,30,Female,0
8586,40,Female,0
11879,80,Female,0
6567,51,Female,0
2324,44,Male,0
11177,44,Male,0
2121,40,Female,0
19755,71,Male,0
13302,22,Male,0
17479,38,Male,0
6289,41,Male,0
14954,78,Female,0
14777,48,Male,0
6738,53,Male,0
19753,66,Female,1
15180,41,Male,0
6033,47,Female,1
17625,29,Female,0
19455,53,Male,1
17958,80,Female,0
13892,21,Female,1
4242,74,Male,0
19131,41,Male,0
15688,56,Male,0
12961,36,Female,0
5556,73,Female,0
13289,44,Male,0
11647,43,Female,1
4599,65,Male,0
16861,36,Female,1
15985,24,Male,0
15008,69,Male,0
13895,62,Male,0
19663,30,Female,1
9361,75,Male,0
16188,43,Female,0
18147,80,Female,0
16002,26,Male,0
9022,48,Male,0
5041,73,Female,1
2921,39,Female,1
18951,31,Male,0
2492,21,Male,1
15876,79,Female,0
5047,31,Female,0
16324,53,Female,0
14889,33,Female,0
19686,27,Male,0
5493,42,Female,1
9116,63,Female,0
17727,47,Male,0
17323,70,Female,0
8721,37,Female,0
8726,28,Male,0
8729,39,Female,0
12029,35,Male,1
12677,66,Female,1
9911,57,Female,0
5111,64,Male,0
8231,65,Male,1
11741,26,Male,0
12845,62,Female,0
5221,80,Male,0
1227,23,Female,0
3605,45,Female,0
12219,64,Male,1
8275,74,Female,0
17370,68,Male,0
2252,55,Female,0
1152,45,Female,0
4279,73,Female,0
19530,72,Male,0
5170,80,Male,0
1795,19,Male,0
15706,19,Male,1
5658,51,Male,0
9490,73,Male,0
9487,55,Female,0
5400,40,Male,0
7952,44,Female,0
5230,39,Male,0
11666,45,Male,0
18394,27,Female,0
12736,68,Male,0
7734,48,Female,0
4034,51,Female,0
6451,34,Male,0
8508,29,Male,1
6135,37,Female,0
17283,51,Female,0
3813,45,Female,1
15995,44,Male,0
15376,52,Female,1
8412,25,Male,0
2234,33,Male,1
19007,71,Female,0
4631,47,Female,1
17829,74,Female,1
7890,38,Female,0
3691,65,Female,0
16306,20,Female,0
9764,58,Female,1
18891,48,Male,1
6776,42,Female,1
18368,76,Male,1
2831,44,Male,1
15453,39,Male,0
18889,50,Male,0
13866,18,Female,0
7975,70,Female,1
1579,67,Male,1
1553,54,Female,0
13863,32,Female,1
13141,67,Female,0
14676,23,Female,0
18092,55,Male,0
13238,66,Female,0
7078,48,Female,0
18556,42,Female,1
2709,69,Male,0
7570,53,Male,1
7674,48,Male,1
7199,40,Female,0
15794,72,Female,1
7791,36,Female,0
7663,57,Female,0
16449,31,Male,0
6032,61,Female,0
14111,70,Male,0
11336,65,Female,0
5732,66,Male,0
8637,43,Female,1
4792,74,Female,0
5277,65,Male,0
13500,34,Male,1
19242,43,Male,0
12599,23,Female,0
19668,19,Female,0
4913,33,Female,1
17286,70,Female,0
19482,61,Male,0
5018,79,Male,0
3501,61,Male,1
8803,30,Female,0
11100,37,Male,1
4197,58,Male,0
19594,25,Male,0
16684,78,Male,0
4484,52,Female,0
16545,27,Female,0
17849,30,Female,0
7283,38,Male,0
16608,43,Female,0
4111,49,Male,0
7189,58,Male,0
5666,37,Male,0
17736,71,Male,0
5611,41,Male,0
4541,51,Female,0
2499,36,Female,0
14369,66,Male,0
9546,58,Female,0
15552,75,Female,0
1185,49,Male,0
6841,60,Female,0
2500,71,Male,1
8028,29,Female,1
13787,60,Female,0
7854,51,Female,0
4870,57,Female,0
12265,38,Female,0
3415,21,Female,0
15928,71,Female,1
8857,52,Female,1
16993,76,Female,1
9802,19,Female,0
13053,73,Female,0
14241,36,Female,0
7388,33,Male,1
19925,67,Male,0
11200,44,Male,1
13701,49,Female,0
9229,63,Male,0
15721,63,Male,1
3074,80,Male,0
17249,35,Male,0
11674,46,Female,0
17334,51,Male,0
1409,42,Male,0
4682,40,Female,0
16725,78,Female,0
11927,75,Female,0
11971,73,Male,0
4859,49,Female,0
14457,34,Male,1
13432,63,Male,1
3913,30,Female,0
12609,43,Male,0
11405,32,Female,1
11395,36,Female,0
8368,54,Male,0
15002,22,Female,0
15384,71,Male,0
15147,21,Female,0
18300,68,Male,1
15171,47,Male,0
3539,72,Male,0
9960,51,Female,0
12059,80,Male,0
16534,50,Male,0
5942,62,Female,1
14771,29,Female,0
6017,40,Female,1
11354,29,Female,0
16195,53,Male,0
4173,26,Female,1
13357,25,Female,0
4303,39,Male,0
11300,23,Female,1
13210,38,Male,0
8363,55,Male,0
3326,22,Male,0
15948,69,Female,0
18371,73,Female,0
9654,59,Female,0
15891,75,Male,0
6805,32,Male,0
1715,76,Male,0
6417,55,Male,0
1382,62,Male,0
12773,23,Male,0
16343,66,Female,0
3895,53,Male,0
16304,75,Female,0
11462,80,Female,0
9168,79,Female,1
9033,71,Male,1
3995,77,Male,0
4866,56,Female,0
7494,80,Male,1
2964,66,Male,0
12229,30,Male,0
5426,19,Female,0
4633,28,Female,0
4332,31,Female,0
4603,19,Male,0
5198,37,Female,0
16173,68,Male,0
6629,53,Male,0
7123,73,Male,0
7163,52,Male,0
13843,30,Male,1
2253,45,Female,1
2359,24,Female,0
18851,48,Female,0
8683,74,Female,0
19364,80,Male,0
13058,22,Female,1
12624,55,Male,0
14539,26,Male,0
19245,41,Male,1
1482,64,Male,0
1754,52,Male,0
19063,79,Female,0
18739,75,Male,1
5716,72,Female,0
11587,69,Male,0
11360,76,Female,0
2641,62,Male,0
12999,30,Male,1
6686,69,Male,0
19535,68,Male,0
18760,23,Female,0
11252,26,Male,1
4450,41,Female,0
16869,33,Female,0
9955,74,Female,0
2211,59,Male,1
13846,70,Male,0
8878,41,Male,0
1758,69,Female,0
1187,55,Female,0
14224,19,Male,0
3506,70,Male,0
11240,70,Female,1
11874,36,Male,0
17220,29,Female,0
14029,50,Male,1
13013,77,Male,0
3035,34,Male,0
3167,52,Male,0
4768,40,Male,0
5206,35,Male,0
2344,55,Female,1
13697,38,Male,0
15715,59,Male,0
4172,36,Female,0
17906,45,Male,0
18803,40,Male,0
3779,55,Male,1
12751,24,Female,0
9316,68,Female,0
12289,18,Male,0
18673,67,Female,0
14338,25,Male,1
2721,38,Male,0
13470,54,Female,1
17984,19,Female,0
7720,62,Female,0
11505,67,Male,1
19438,32,Female,0
16358,54,Female,0
15291,78,Female,0
7222,77,Female,1
12443,73,Female,0
12622,35,Male,1
7528,76,Female,0
18472,59,Male,0
2048,24,Female,1
1114,25,Female,0
19266,20,Male,0
19307,38,Female,0
12254,40,Female,0
11597,42,Female,0
15154,19,Female,0
9019,72,Female,0
11043,19,Female,0
15711,29,Female,0
1261,76,Male,0
4625,52,Male,0
5109,58,Female,0
2093,30,Male,0
18602,75,Female,1
5256,58,Female,1
3749,77,Male,0
6800,78,Male,1
7380,61,Male,0
16309,63,Male,0
11036,76,Female,0
3955,54,Male,1
9184,61,Female,0
15408,37,Male,0
11788,22,Female,0
15620,23,Female,0
19435,37,Male,0
11506,51,Female,0
17426,66,Male,0
16734,69,Male,0
5813,50,Male,0
8926,72,Female,0
18646,34,Female,0
11368,34,Female,0
12704,41,Female,0
7549,65,Male,0
11498,61,Female,0
5612,67,Male,1
2301,38,Male,1
2850,69,Male,0
17950,33,Female,0
11613,32,Male,1
12017,48,Female,0
18979,34,Male,1
6655,79,Male,0
6926,25,Female,0
11402,80,Female,0
3537,26,Female,0
6824,75,Female,0
19998,27,,1
8411,31,Female,0
18609,43,Female,0
14421,42,Female,0
4496,62,Male,0
1618,25,Male,0
12743,31,Female,0
1822,21,Female,0
16755,46,Male,1
1752,76,Female,0
16709,32,Male,0
4567,37,Male,1
9267,25,Female,0
19976,53,Female,0
1060,72,Male,0
9633,33,Female,0
3422,34,Male,1
18001,23,Female,0
16592,66,Female,0
19381,18,Female,0
18480,40,Female,0
13275,62,Male,0
9525,77,Female,0
11389,28,Female,0
12837,21,Female,0
1306,33,Female,0
19461,31,Male,0
9953,66,Male,0
17300,58,Female,0
3903,51,Male,0
4893,35,Male,0
18378,48,Male,0
1036,60,Male,1
6299,41,Female,0
2525,67,Female,0
1348,20,Male,0
2315,50,Female,1
8212,38,Female,0
1944,68,Male,0
14738,72,Male,1
9853,73,Male,1
14785,34,Male,1
8995,66,Male,0
9013,21,Male,0
2198,59,Male,0
6768,43,Male,0
9210,55,Male,0
16468,76,Female,0
5682,77,Female,0
2766,76,Female,0
7176,42,Female,0
11115,28,Female,0
2650,57,Female,1
7314,34,Female,0
3291,63,Female,0
3219,52,Female,0
12307,50,Male,0
6272,34,Female,1
9851,21,Male,1
2736,76,Female,0
5252,78,Female,0
9086,54,Male,0
15908,49,Male,0
13009,34,Male,0
9169,33,Female,0
13297,52,Female,0
19010,72,Female,1
5385,63,Male,0
13891,63,Female,0
9046,18,Female,1
11681,56,Male,0
14908,65,Female,0
5031,19,Male,0
8462,23,Female,1
13082,65,Female,0
8385,71,Male,0
16928,34,Male,0
9921,77,Male,0
12073,75,Female,0
11140,58,Male,0
9670,71,Male,0
18956,18,Female,0
7146,28,Male,0
12448,76,Female,0
12557,78,Male,0
15720,68,Female,0
12733,39,Male,0
11265,31,Male,1
18419,63,Female,0
5101,27,Male,0
19965,51,Female,0
6187,47,Male,1
13729,26,Female,0
15377,57,Female,1
2530,33,Female,0
3907,67,Male,1
11390,34,Female,0
1924,18,Male,0
3098,49,Male,0
14715,57,Female,0
11149,33,Female,0
2410,61,Male,0
7470,57,Male,0
17650,47,Male,0
3571,40,Female,1
19410,35,Female,0
13449,21,Female,0
19143,35,Female,0
19090,78,Male,1
12320,60,Female,0
17592,33,Male,0
9981,78,Female,0
17607,42,Male,0
9058,31,Male,1
15091,48,Female,0
6202,57,Female,0
8530,55,Male,0
11274,68,Male,1
6273,52,Male,0
17097,77,Male,1
12154,47,Male,0
7866,31,Male,0
16203,39,Male,0
16499,20,Male,0
2235,28,Male,1
18177,54,Male,1
12010,60,Male,1
19051,65,Male,0
17628,56,Male,0
13942,25,Female,0
19022,40,Male,0
7293,65,Male,0
7829,56,Male,1
3520,63,Male,0
11020,45,Female,0
1651,62,Female,0
4569,64,Male,1
17603,36,Male,0
17576,77,Female,0
15539,71,Female,0
12486,57,Male,0
15951,46,Female,1
3413,45,Male,0
16476,73,Male,0
14557,67,Female,0
18388,19,Male,0
13558,53,Male,0
3783,42,Male,0
8264,24,Female,0
17072,45,Female,0
17495,29,Male,1
7395,78,Female,0
14996,59,Male,0
3059,43,Male,0
16682,36,Female,1
19421,61,Female,1
7379,56,Male,0
12026,45,Male,0
11266,33,Female,0
3642,19,Male,1
5005,80,Female,0
4085,52,Female,0
12513,33,Male,1
16272,37,Female,0
15898,18,Male,1
7356,71,Female,0
6589,26,Female,0
6443,72,Female,0
5697,40,Female,0
15556,80,Female,0
19017,38,Male,0
4049,47,Male,0
13634,70,Male,0
14892,78,Female,0
18173,25,Female,0
19859,77,Female,0
13256,72,Male,1
14205,33,Male,0
14999,60,Male,0
7130,76,Male,0
15826,29,Male,0
1813,37,Female,1
11372,55,Female,1
13216,61,Male,0
11988,40,Male,0
15654,43,Female,0
12332,48,Female,0
7516,32,Male,0
18887,41,Male,0
11876,47,Male,0
9822,73,Male,0
11347,56,Male,0
19940,64,Female,0
4522,30,Male,0
2546,70,Male,0
11668,25,Female,0
18802,21,Female,0
2917,23,Male,0
7337,72,Female,0
4928,77,Female,1
18684,32,Female,0
1619,64,Female,0
17074,38,Male,0
7415,61,Male,1
11253,72,Male,0
5473,59,Female,0
6185,53,Female,0
5668,54,Female,0
5129,40,Male,0
9519,62,Female,0
5521,38,Female,0
2829,35,Male,0
13263,66,Male,0
4693,51,Female,0
11367,68,Male,0
16683,76,Male,0
5300,30,Female,1
6607,31,Female,0
4254,55,Female,0
1989,69,Female,0
12062,78,Female,0
19122,67,Female,0
16107,29,Female,0
3118,40,Male,0
11214,29,Female,0
15051,37,Male,0
3121,68,Female,0
14225,59,Male,1
4071,20,Female,0
18517,33,Male,1
7348,58,Male,0
16977,28,Female,0
4345,64,Female,0
8561,38,Female,0
13533,37,Female,1
12000,18,Male,0
11243,76,Female,0
6090,20,Female,1
12236,50,Female,0
8245,52,Female,0
13196,37,Female,1
2124,41,Female,1
13810,52,Female,0
6791,67,Female,0
13219,75,Male,0
9625,60,Female,0
7941,60,Male,0
15877,44,Female,1
2145,20,Female,0
2472,38,Female,0
15017,48,Male,0
9561,53,Male,0
18932,19,Male,0
16293,27,Male,0
13652,44,Female,0
7904,69,Female,0
7986,79,Male,0
17668,39,Female,0
7315,60,Male,1
18592,29,Female,0
9085,52,Male,0
18809,64,Female,0
7312,33,Female,1
9589,48,Male,0
4432,35,Female,0
11821,35,Male,1
18270,35,Male,0
5835,72,Male,0
19481,19,Male,1
7517,48,Female,0
12055,46,Male,0
12718,43,Female,0
11873,60,Female,0
16205,45,Female,0
6162,69,Male,0
8474,67,Male,0
3862,57,Female,0
18018,80,Male,0
3280,74,Male,0
7340,77,Female,0
2903,75,Male,1
2897,43,Male,0
8009,51,Male,1
5498,48,Female,0
7962,56,Male,0
12946,38,Female,0
4028,44,Female,0
3459,75,Male,0
4668,45,Female,0
13466,61,Male,0
1581,32,Male,1
6471,62,Male,0
17436,64,Male,0
14150,52,Female,0
14343,21,Female,0
4222,64,Male,0
3998,51,Female,1
9785,36,Female,0
9628,35,Male,0
5292,35,Female,0
4168,28,Male,0
11006,30,Female,0
6441,71,Female,0
4466,34,Male,0
14472,59,Female,1
7027,38,Male,1
7697,68,Male,1
12380,23,Female,0
9209,32,Male,0
3336,35,Female,0
6865,38,Male,1
2882,60,Male,0
2730,50,Male,1
6846,72,Male,0
11284,63,Female,0
14674,22,Male,0
4971,69,Male,1
8972,59,Female,1
17706,33,Female,0
6762,30,Male,0
5940,71,Female,0
12598,71,Male,0
9734,39,Male,0
9755,69,Male,0
6843,22,Female,0
3296,21,Male,0
13039,73,Female,0
7343,29,Male,0
12273,68,Male,0
8727,69,Male,0
16919,50,Female,0
2166,57,Male,0
7623,35,Male,0
1738,60,Female,0
4283,34,Male,0
8991,59,Female,0
12960,61,Female,0
19750,62,Female,1
18567,35,Female,0
13036,63,Male,0
9776,37,Male,0
11453,58,Male,0
16032,59,Female,0
6842,50,Male,0
8470,56,Female,0
15421,25,Female,0
2047,23,Female,0
8417,48,Female,0
6427,45,Female,0
12601,48,Male,0
2570,18,Male,0
18159,54,Male,0
9147,43,Female,0
5310,44,Female,0
4878,64,Male,1
11611,31,Male,0
11184,43,Female,0
7345,68,Female,1
15966,78,Male,0
7696,69,Male,0
17257,67,Female,0
13174,40,Female,0
4557,42,Male,1
7332,56,Male,1
8079,67,Female,0
4537,21,Female,0
16072,33,Female,0
18785,54,Male,1
7576,56,Female,0
5758,42,Female,0
11964,45,Female,0
6717,62,Male,1
5621,48,Male,1
14834,58,Male,1
17989,59,Female,0
11285,35,Male,0
6039,37,Male,0
3688,34,Female,0
7527,24,Male,1
7154,39,Female,0
3230,62,Female,1
11485,24,Male,0
9619,43,Female,0
12445,34,Male,0
2063,75,Female,0
9563,22,Female,0
14197,63,Female,0
3675,74,Male,0
19346,74,Female,1
9346,19,Female,0
11363,45,Male,0
7747,29,Male,0
8356,57,Female,1
11212,55,Male,0
12605,42,Female,0
13992,76,Female,1
9736,33,Male,0
7198,36,Male,0
4868,80,Male,0
17298,27,Male,0
2528,28,Male,0
11205,60,Female,0
19310,41,Male,0
17090,38,Female,0
7742,35,Female,0
3961,31,Female,0
11349,22,Male,1
14251,33,Male,0
8461,27,Male,1
7810,42,Female,0
11374,78,Male,0
1844,45,Male,0
8207,78,Female,0
7914,34,Male,0
6296,78,Female,0
16340,70,Male,0
18677,65,Female,0
6309,73,Male,1
3989,25,Female,0
17983,33,Male,0
13576,53,Male,0
6260,67,Male,1
8464,73,Female,0
4758,76,Male,0
5013,47,Male,0
16968,52,Female,0
7002,56,Female,0
2186,27,Female,0
17209,77,Male,1
14545,26,Female,1
14919,27,Female,0
4787,18,Female,0
19125,43,Male,0
7069,71,Male,0
5944,63,Male,0
5508,62,Female,0
9477,33,Female,0
2887,38,Female,0
11308,61,Male,0
11272,61,Female,0
2230,61,Female,1
9707,58,Male,0
8423,54,Male,0
14131,66,Female,0
13784,80,Female,1
5547,61,Female,0
4951,26,Female,0
1267,47,Male,1
13368,25,Male,0
12097,69,Male,1
8380,78,Female,0
7451,79,Female,0
13453,20,Female,1
18535,54,Female,0
17785,72,Female,0
9731,21,Female,1
13309,80,Female,0
5003,73,Male,0
13157,47,Male,0
19505,27,Female,1
1033,54,Female,0
13177,39,Female,0
4987,72,Male,0
2677,76,Male,1
2015,28,Male,0
4124,75,Male,0
8640,29,Female,0
7867,68,Female,0
1119,24,Male,0
5958,24,Female,0
17061,76,Female,0
11124,22,Female,0
19652,78,Female,0
4905,80,Male,0
5446,63,Male,0
12927,50,Male,0
1229,67,Male,0
7387,73,Female,0
17121,21,Male,0
7391,50,Male,0
6004,35,Female,0
1658,43,Male,0
11432,73,Female,0
11619,72,Male,1
5927,56,Male,0
3344,60,Female,0
8529,23,Female,0
8533,80,Male,0
5873,64,Female,0
14523,80,Female,0
5701,61,Female,0
3630,27,Male,0
13578,30,Male,0
18428,40,Male,0
2283,48,Female,0
14413,68,Female,0
3780,56,Female,0
12576,70,Female,0
17672,55,Female,0
16883,74,Female,0
15455,44,Male,0
18806,32,Female,0
16112,54,Female,0
17551,35,Female,0
6043,50,Male,0
8206,24,Female,0
8875,48,Female,0
9885,72,Male,0
3365,38,Male,0
4130,24,Female,0
2689,74,Male,1
18697,33,Female,0
17183,40,Female,0
14901,66,Female,1
2719,58,Male,0
3920,38,Female,0
8307,44,Female,0
7140,20,Female,0
18019,44,Female,0
15049,38,Male,1
2014,37,Male,0
8213,55,Female,0
8885,31,Male,0
9959,48,Male,0
4612,43,Female,0
6870,24,Male,0
14502,30,Male,0
11113,50,Female,1
9811,33,Male,0
8063,75,Male,0
16040,74,Female,0
16055,76,Female,0
17465,71,Male,0
9689,75,Female,0
3353,39,Female,0
12578,80,Female,0
2807,29,Female,0
12324,58,Female,0
7461,52,Male,1
4387,45,Female,0
3790,67,Female,0
15959,59,Female,0
13161,37,Male,0
14429,43,Male,0
19624,28,Male,0
13112,24,Male,0
7547,24,Female,0
9539,29,Female,0
11090,43,Male,1
6877,48,Female,0
8517,37,Female,0
19414,20,Female,0
1431,50,Female,0
19076,26,Male,0
16714,50,Male,0
17042,23,Female,0
1381,34,Female,0
16082,35,Female,0
3387,54,Male,0
16075,24,Male,1
11543,44,Male,0
13022,37,Female,0
8742,24,Male,0
1729,54,Female,1
2889,64,Male,0
1290,54,Male,0
9697,70,Female,0
8930,18,Female,0
17180,49,Male,0
12272,23,Male,0
13985,55,Female,1
1517,70,Male,0
17764,25,Female,1
15798,72,Male,1
2031,36,Male,1
8241,71,Female,0
18619,52,Female,0
3669,20,Female,0
11814,68,Male,0
3203,57,Female,0
8192,27,Male,0
9652,65,Male,0
13831,37,Female,0
3430,52,Female,0
6437,72,Female,0
18185,31,Female,0
8312,78,Male,0
15079,53,Female,1
18274,73,Female,0
2343,63,Male,0
8263,33,Female,0
3710,59,Male,0
3352,66,Male,0
13065,20,Female,0
18192,45,Male,0
8545,52,Female,0
13747,55,Male,0
5907,68,Male,1
4234,66,Male,0
1308,30,Female,1
7075,47,Female,0
7115,37,Female,0
19876,28,Female,0
16385,57,Male,0
18769,36,Female,0
5551,54,Female,1
12025,64,Male,0
1571,51,Female,0
19997,27,Male,0
7680,53,Male,0
13486,56,Female,0
1900,24,Female,0
18391,30,Male,0
11497,40,Male,1
8854,79,Female,1
5736,78,Male,0
14278,73,Female,0
15741,57,Female,0
5870,80,Female,0
3110,73,Male,0
17194,30,Female,0
12411,20,Male,0
17155,67,Male,0
4005,64,Female,0
8611,30,Male,0
4114,71,Female,0
9662,34,Male,0
1950,36,Female,0
8709,34,Male,0
2353,48,Female,0
8699,33,Female,1
12164,74,Female,0
19232,74,Male,0
4815,41,Male,0
18169,68,Female,1
18742,55,Female,0
12730,35,Female,1
19446,45,Male,0
2625,75,Female,1
1393,37,Male,0
2503,35,Male,0
12385,18,Male,0
18473,63,Male,0
1246,61,Male,0
8610,44,Male,0
11294,20,Female,1
6662,25,Male,0
15206,41,Male,0
6851,38,Male,0
11369,72,Female,1
15628,50,Female,0
6834,62,Female,0
8043,56,Male,0
16817,69,Male,1
16403,62,Male,0
6737,60,Female,1
13858,59,Female,0
3238,75,Female,0
12949,73,Male,0
11328,43,Female,1
13231,26,Female,0
5893,72,Male,0
3039,29,Female,0
12611,70,Female,0
7792,27,Female,0
11244,36,Female,1
3188,64,Male,1
18645,31,Female,0
5146,21,Male,0
2422,61,Female,0
14930,47,Male,0
11985,69,Male,0
7735,44,Female,1
19290,18,Male,0
4117,61,Female,0
15445,27,Female,0
11917,38,Female,0
4461,74,Female,1
11974,33,Male,1
6473,79,Female,0
17605,72,Male,1
18746,71,Female,0
11967,19,Female,0
2598,33,Female,0
11697,76,Female,0
13356,53,Male,0
12155,75,Female,1
5275,44,Male,0
13499,56,Female,1
15224,31,Male,0
17813,67,Male,1
12190,47,Female,0
5063,41,Male,0
5159,32,Male,0
9779,73,Female,0
5874,47,Male,0
8600,58,Male,0
3574,48,Male,0
5329,57,Male,0
8490,56,Male,1
13452,77,Female,0
19153,38,Female,0
19061,63,Male,0
11692,34,Male,0
6880,67,Female,0
14401,68,Male,0
8463,79,Male,0
19308,65,Female,0
4080,71,Female,1
12696,36,Female,1
9237,43,Male,1
17636,74,Female,0
5976,45,Male,0
6663,25,Female,0
14464,80,Female,1
5247,59,Female,1
8973,24,Male,1
15405,32,Male,0
12621,78,Female,1
7448,47,Female,0
6203,45,Male,0
3404,79,Female,0
6562,41,Male,0
19913,33,Male,1
19422,66,Male,0
6165,28,Female,0
6992,54,Male,0
12873,25,Female,0
13033,22,Male,0
11685,68,Female,0
15426,60,Male,0
2351,32,Female,0
19524,20,Male,0
13116,28,Male,0
5855,62,Female,0
6875,41,Male,0
12111,21,Female,0
9251,52,Female,1
11337,59,Male,0
4739,39,Male,0
12962,19,Female,0
19314,62,Male,0
7049,57,Male,0
2171,76,Female,0
9984,79,Male,0
1639,20,Male,0
2740,60,Female,1
6731,32,Female,0
6903,31,Male,1
4460,34,Female,1
6646,69,Male,0
3051,64,Male,1
2088,67,Female,0
2935,37,Male,1
8093,75,Male,0
1390,77,Female,1
1067,49,Male,0
1337,41,Male,0
3198,61,Male,0
3484,71,Male,0
3333,55,Female,0
8692,48,Female,0
4469,47,Male,0
4327,25,Female,0
5704,55,Male,0
7100,60,Male,0
7384,70,Female,1
8863,68,Male,0
9784,27,Male,0
6483,52,Male,1
1218,48,Female,0
6832,79,Female,0
8442,67,Male,0
3116,66,Male,0
9042,32,Male,0
7818,69,Male,1
5859,47,Male,0
4178,43,Male,0
8339,52,Male,0
9511,65,Male,0
8764,74,Female,0
9134,77,Male,0
8409,37,Male,1
3893,42,Male,1
7087,22,Female,0
5428,55,Female,0
6704,29,Female,0
2532,78,Male,0
2423,39,Male,0
1703,56,Female,0
2152,36,Female,0
3201,64,Male,0
7898,69,Female,0
7703,54,Female,1
2907,75,Female,1
6448,24,Female,0
3965,54,Female,1
3923,33,Female,0
4357,52,Female,1
8778,51,Female,0
6411,35,Female,1
8560,76,Female,1
1768,28,Male,0
7678,54,Male,1
8017,24,Male,0
8580,54,Male,1
9845,41,Female,1
5798,59,Male,0
6335,39,Male,0
6290,31,Female,0
7374,72,Male,0
9332,80,Male,0
8344,20,Female,0
1785,40,Female,1
3833,50,Male,0
8471,50,Female,0
3852,62,Female,0
4359,24,Female,0
6390,19,Female,0
9106,70,Male,1
9015,77,Male,0
8071,46,Male,1
8766,70,Female,0
2674,62,Male,0
5078,67,Female,0
3339,71,Female,0
2071,56,Male,0
7752,31,Male,1
5501,74,Female,0
5199,30,Female,0
7237,52,Male,0
6525,54,Male,0
2782,68,Male,0
6554,62,Female,0
4939,36,Female,0
1296,60,Female,0
1877,58,Male,0
9769,39,Male,0
3178,71,Male,1
2488,63,Male,0
4761,76,Female,0
9159,37,Male,0
2221,25,Male,1
3163,71,Male,0
4361,54,Female,0
3564,19,Male,0
2857,79,Male,1
4578,40,Male,1
5880,27,Female,1
9500,22,Female,1
8946,22,Female,1
2987,50,Male,0
6741,43,Female,0
2764,28,Female,0
7054,22,Male,0
7505,74,Female,0
3949,32,Male,0
9517,54,Male,1
7719,22,Female,1
8667,19,Male,0
6561,59,Male,1
2653,77,Male,0
7080,37,Male,0
8584,57,Female,0
8805,74,Male,0
9082,53,Male,0
5440,42,Male,0
7808,64,Male,0
3354,52,Female,0
5711,37,Female,0
4618,80,Male,1
3799,24,Male,0
4297,43,Male,1
7900,21,Male,0
4619,33,Male,0
8634,77,Female,0
3385,43,Female,0
9162,74,Male,0
1477,76,Female,0
4227,50,Male,0
4056,51,Male,0
6526,77,Female,0
7985,78,Female,1
5180,48,Male,0
1053,79,Female,0
6044,69,Male,0
6493,51,Female,0
9788,43,Male,0
7835,56,Male,1
3529,79,Male,0
1451,74,Female,0
2498,69,Male,0
6485,35,Male,0
1420,73,Male,0
9499,79,Female,0
8224,30,Female,1
1987,30,Female,0
9574,23,Male,1
3042,75,Male,0
4253,43,Female,0
3217,48,Female,1
2797,30,Male,0
4685,34,Female,0
1788,79,Female,0
2226,65,Male,0
5453,78,Female,0
4648,47,Female,1
1369,21,Male,0
6392,33,Female,0
2573,70,Male,0
3916,75,Male,0
3560,45,Female,1
3286,47,Female,0
7116,35,Female,0
6196,46,Male,0
7927,18,Female,1
7741,27,Female,0
3533,58,Female,0
8302,35,Male,1
6694,78,Female,0
2705,63,Female,0
7790,20,Female,0
1699,52,Male,1
2543,67,Male,1
4788,67,Female,0
2241,56,Male,0
3894,74,Male,0
4702,46,Female,0
6365,19,Female,0
9951,67,Female,0
1977,79,Male,0
3904,32,Male,0
9922,71,Female,0
8147,66,Female,0
3858,71,Female,0
3057,78,Female,0
3836,33,Female,0
4094,31,Male,1
9748,47,Male,1
1904,67,Female,1
9763,18,Female,0
9130,34,Female,0
5381,51,Female,1
3750,36,Female,0
5548,47,Female,1
8481,76,Male,0
9920,74,Female,0
8020,50,Female,0
9018,60,Male,0
7778,49,Female,0
5553,54,Female,0
4980,27,Male,0
4877,35,Female,1
1136,20,Female,0
9749,41,Male,0
3521,66,Female,0
7432,77,Female,0
4921,28,Female,1
7157,40,Female,0
2808,32,Female,0
3249,36,Male,0
1998,51,Male,0
4934,70,Male,0
7156,80,Female,0
4321,23,Male,0
5224,43,Female,1
2358,71,Female,0
5475,33,Female,0
3818,45,Male,0
3023,51,Male,1
9164,37,Female,0
7938,23,Male,0
3275,57,Female,1
9226,32,Female,1
5014,46,Male,0
8950,57,Female,1
5263,54,Male,1
3259,65,Male,0
2900,31,Male,0
5858,18,Male,0
6614,53,Female,0
4669,23,Female,0
2060,55,Male,1
7657,61,Male,0
7220,80,Female,0
9581,68,Male,0
1047,73,Male,0
4237,57,Male,0
3104,52,Female,0
8005,29,Male,1
4055,25,Male,0
4490,64,Male,1
9257,57,Female,1
2272,36,Female,0
8208,72,Male,1
6167,74,Male,0
3607,66,Female,1
3744,52,Female,0
8510,52,Male,1
6988,46,Female,0
9640,58,Male,0
7582,32,Male,0
2611,49,Male,0
2864,34,Male,0
8091,41,Female,0
1129,36,Female,1
4743,49,Male,0
2523,61,Female,0
6896,52,Male,1
2828,69,Female,1
7277,48,Female,0
5066,32,Female,0
4288,50,Male,0
1526,75,Female,0
8961,65,Male,0
5166,22,Female,0
4402,32,Male,0
1624,23,Male,0
2216,65,Male,0
9235,50,Male,1
3507,78,Male,0
3703,49,Male,0
6736,77,Female,0
2401,67,Male,0
8632,60,Female,0
6565,26,Male,0
2894,61,Male,0
1494,36,Male,0
4547,44,Female,0
2136,48,Female,0
3142,54,Female,0
9287,23,Female,0
3435,34,Female,0
2052,46,Female,0
4022,66,Male,0
9206,80,Male,0
1143,27,Female,0
8777,54,Female,0
7063,53,Female,0
3360,43,Male,0
2643,76,Female,1
9053,40,Female,1
8433,56,Male,0
4223,26,Female,0
9248,45,Female,0
7930,48,Male,0
3287,63,Male,0
4661,59,Male,0
5884,44,Male,0
2860,42,Female,0
2680,45,Male,0
2201,20,Female,0
3191,23,Male,0
6581,64,Male,0
4228,70,Male,0
5686,20,Female,0
4262,34,Female,0
2571,71,Female,0
2685,50,Male,0
5924,78,Male,1
8449,32,Male,0
1167,66,Female,1
9688,54,Male,0
4454,37,Male,0
3943,63,Female,0
9256,54,Female,0
1626,20,Male,1
9195,55,Male,0
6940,66,Male,0
5364,79,Female,0
3069,69,Male,0
6902,28,Female,0
3640,58,Male,0
2306,36,Female,0
9451,64,Female,1
9425,50,Male,0
2120,53,Female,0
5831,32,Male,0
4431,25,Male,0
2141,26,Female,0
7330,35,Female,0
3503,47,Female,0
8119,56,Female,0
3030,53,Male,0
3657,43,Female,0
6666,33,Female,0
1020,57,Female,0
8547,52,Female,1
2438,56,Male,0
2746,69,Male,0
5777,72,Female,0
1396,71,Female,1
3546,73,Female,0
3257,70,Male,0
5882,51,Male,0
5692,53,Female,0
8185,51,Male,0
4380,80,Male,0
8396,20,Male,0
3594,44,Male,0
6112,23,Male,0
6195,25,Male,0
5647,24,Female,0
8809,68,Male,0
7831,58,Male,0
7023,30,Female,0
5914,66,Female,0
8980,69,Female,0
5173,78,Male,0
8906,50,Male,0
5255,21,Male,0
3900,74,Female,0
3549,80,Male,1
1362,61,Male,1
1186,18,Male,0
7651,76,Male,0
7530,45,Female,1
5572,59,Female,0
5571,20,Female,0
2420,39,Female,0
5582,48,Female,1
8570,47,Male,0
9548,23,Female,0
1705,21,Male,0
4465,20,Female,0
3644,75,Male,0
9380,79,Female,0
9474,59,Female,0
4188,35,Male,0
8977,59,Female,0
1028,79,Female,0
6049,25,Female,0
5788,68,Female,0
7300,68,Female,1
1070,30,Male,0
6301,72,Male,1
9575,78,Female,0
3721,32,Female,0
4869,30,Male,0
9488,18,Male,0
3611,38,Female,1
8495,61,Female,0
7369,43,Male,0
5030,69,Female,0
1645,51,Male,0
5655,62,Female,1
6816,41,Male,0
8706,64,Female,0
1299,59,Male,0
4144,75,Male,0
7239,75,Male,0
5557,37,Male,1
6153,58,Male,0
1027,22,Male,0
9252,65,Female,0
6830,80,Female,0
8556,33,Female,0
3489,31,Female,1
2995,25,Male,1
9615,43,Female,0
3562,63,Male,0
4654,53,Male,1
8755,28,Female,0
1710,33,Female,0
8959,27,Female,0
8718,23,Male,0
7172,39,Male,0
9207,27,Female,0
5699,30,Male,0
1931,36,Male,0
8578,46,Female,0
4949,66,Male,0
9580,35,Female,0
5474,37,Male,0
7826,29,Male,0
6866,27,Male,0
3938,71,Female,0
5938,35,Female,1
3157,29,Male,0
4498,39,Female,0
5538,50,Male,0
1892,34,Female,0
9059,27,Male,0
1660,50,Male,0
5980,75,Male,1
7153,29,Female,0
8308,78,Male,1
4479,78,Female,0
2184,36,Female,0
9313,63,Female,0
6898,55,Male,0
3850,78,Female,0
8002,65,Female,1
7981,64,Female,0
6304,40,Male,1
7974,72,Male,0
8054,53,Male,0
6975,70,Male,0
8645,54,Female,1
9931,19,Male,0
7328,53,Male,0
2827,46,Male,0
1262,44,Male,1
5430,68,Male,0
7213,49,Female,1
4600,67,Male,1
2319,62,Female,0
9029,24,Female,0
1701,51,Female,1
3511,49,Male,0
9687,36,Female,0
6265,50,Female,0
4888,48,Female,0
6303,50,Male,0
9695,33,Female,0
8074,67,Female,0
9828,54,Male,0
8220,33,Male,0
5434,33,Male,0
2982,21,Male,1
8668,35,Male,0
8090,43,Female,1
1341,53,Male,0
2010,46,Female,0
6261,74,Male,0
4008,74,Male,1
7307,80,Male,0
1320,60,Male,0
4229,69,Female,0
3312,58,Male,0
3708,30,Male,0
9268,57,Female,0
9155,37,Male,1
6217,49,Female,1
7561,25,Male,0
2542,24,Female,0
1668,75,Female,0
6166,71,Female,0
3260,64,Male,0
4183,53,Female,0
4931,24,Male,0
8298,80,Male,0
1570,31,Male,0
7004,30,Female,0
1745,49,Female,0
8136,57,Female,1
7205,53,Male,1
1622,80,Female,0
8932,25,Female,0
4025,69,Female,0
9090,55,Male,0
2842,48,Male,0
1318,20,Male,0
7244,33,Male,0
5351,80,Female,1
9182,50,Male,0
6578,80,Female,0
8717,67,Female,0
2506,19,Female,1
4251,24,Female,0
2436,62,Male,0
6192,18,Female,1
7583,58,Female,0
6376,65,Female,0
1800,26,Male,0
6040,53,Male,0
4795,37,Female,1
6661,59,Female,0
1189,31,Male,0
3976,53,Female,0
1182,78,Male,0
1599,79,Male,0
4415,70,Female,1
6996,19,Female,0
7788,64,Female,0
6066,64,Male,0
1430,24,Male,0
2938,55,Male,1
3986,29,Male,0
6251,55,Female,1
4220,62,Male,0
6235,42,Female,0
6375,39,Female,0
7933,29,Female,1
6430,58,Female,0
1429,57,Male,0
7026,20,Male,0
4830,70,Male,0
9650,38,Male,1
7042,71,Female,0
4150,51,Female,0
2338,60,Male,0
2640,68,Female,1
7605,64,Female,0
1769,29,Female,1
1424,21,Female,1
8537,79,Female,0
4650,33,Male,0
9400,78,Male,0
9175,26,Female,0
3066,66,Female,0
6154,67,Female,0
9613,57,Female,0
6069,34,Female,0
5392,68,Female,1
7487,64,Female,0
7226,43,Male,0
5878,23,Male,0
5973,37,Female,0
5965,41,Female,0
3637,18,Male,1
2875,22,Male,0
7208,46,Male,0
9148,45,Male,0
7195,54,Female,0
7326,28,Male,0
4597,34,Male,0
8958,65,Female,0
7233,28,Female,1
3092,46,Female,0
7862,28,Male,0
9908,44,Female,0
2148,76,Male,0
4695,23,Male,0
9093,79,Male,1
8034,38,Female,0
1194,61,Male,0
2108,22,Male,1
5913,21,Male,0
8374,19,Male,0
4286,33,Male,0
9858,37,Male,0
6425,68,Female,0
1861,20,Male,0
6379,42,Female,0
3262,39,Male,0
3905,80,Female,0
6838,57,Male,1
7135,33,Male,0
4729,66,Male,0
2692,62,Male,1
5996,56,Female,0
6238,18,Female,0
9378,60,Female,1
7737,57,Female,0
2613,48,Male,0
6604,55,Male,0
8988,21,Female,0
6656,29,Male,0
3716,56,Male,0
7013,65,Male,0
7047,25,Male,1
7500,22,Female,0
7490,49,Male,1
7215,37,Male,0
4334,63,Male,1
7869,35,Female,1
2819,72,Male,0
8900,43,Female,0
5165,48,Male,0
7806,34,Male,0
1448,56,Female,0
1541,66,Male,0
1613,33,Male,0
2549,22,Male,0
1957,77,Female,0
7206,38,Male,1
8931,20,Female,0
5205,74,Female,0
9388,80,Female,0
1007,35,Male,0
3665,39,Male,0
3141,48,Female,1
3673,26,Female,0
5738,56,Male,0
1074,58,Male,0
1980,25,Male,0
3544,78,Female,0
7489,68,Female,0
8345,23,Male,0
7170,30,Female,0
6119,74,Female,0
2614,46,Female,0
2348,25,Female,1
6055,60,Female,0
2713,67,Male,0
7512,28,Female,0
7704,47,Male,1
8404,63,Male,0
8997,68,Female,0
2054,56,Male,0
9610,67,Female,1
1697,43,Male,0
5160,80,Male,1
5107,75,Male,0
1344,67,Male,0
1937,34,Male,0
3551,73,Female,0
8788,61,Male,1
3284,66,Female,0
1130,75,Female,1
8163,49,Female,0
3826,33,Male,0
3243,80,Male,0
8182,36,Female,1
8437,23,Female,0
7999,29,Female,1
7200,35,Female,1
4588,33,Female,0
5769,18,Male,1
7707,29,Male,0
1298,34,Male,0
2213,32,Female,0
4074,27,Female,0
7018,79,Male,1
2229,66,Female,0
3711,45,Male,1
9379,28,Female,0
5092,51,Male,0
8774,39,Male,1
5361,69,Female,0
6922,36,Female,0
4475,23,Male,0
7238,55,Male,0
4556,72,Male,0
8671,31,Male,0
2654,63,Female,1
3248,67,Female,0
5244,25,Female,1
4608,36,Female,0
5910,41,Female,0
8015,63,Female,0
9408,74,Male,0
7254,60,Male,1
9896,43,Male,0
9444,59,Male,0
8588,23,Male,1
8360,46,Male,0
6728,39,Female,0
3576,59,Male,1
6901,34,Male,1
9437,70,Male,0
3267,62,Female,0
7295,77,Male,0
6209,76,Male,0
9501,51,Male,0
8633,73,Female,1
1293,49,Male,1
4609,50,Male,1
8762,61,Female,0
3997,79,Female,0
5848,44,Male,1
6031,20,Male,1
3467,46,Male,0
6520,62,Male,1
1956,62,Male,0
4406,58,Female,0
7723,58,Female,0
7299,28,Female,0
6861,48,Female,0
4170,27,Male,0
6724,55,Female,0
7947,65,Female,0
1723,33,Female,0
6504,52,Male,0
1442,50,Female,0
5900,23,Male,0
8888,57,Male,0
2884,52,Female,0
2424,36,Male,0
5776,38,Male,0
6380,52,Female,0
1048,67,Female,0
3003,77,Male,0
3589,25,Male,0
8106,48,Male,0
9194,38,Female,0
3222,39,Female,0
1726,34,Male,1
8894,43,Female,0
6227,75,Male,1
8628,39,Male,0
9720,49,Male,1
4722,21,Female,0
9002,20,Male,0
9391,29,Male,0
4806,20,Female,0
7495,47,Male,0
4368,47,Male,0
5460,31,Female,1
1168,54,Female,0
9573,28,Female,0
1142,63,Female,0
9398,62,Male,0
8858,33,Female,0
6545,73,Female,1
6617,68,Male,0
3398,60,Female,0
4337,57,Female,0
5934,25,Female,1
7114,49,Male,0
9894,69,Male,0
8797,41,Female,0
2633,28,Male,0
9884,31,Female,1
2563,64,Female,1
3277,76,Female,0
3371,57,Female,0
8760,72,Male,0
7650,65,Female,1
2491,60,Male,0
4895,63,Female,0
2388,25,Male,0
6432,53,Male,0
6732,28,Male,0
9527,75,Female,1
1304,23,Female,0
7364,54,Female,1
5977,39,Male,1
1515,51,Female,0
8253,41,Female,1
9508,52,Male,0
9838,39,Male,0
9200,57,Female,1
2551,50,Female,0
4239,26,Male,1
4590,39,Female,1
3232,67,Female,0
3246,50,Female,0
1976,72,Male,1
5234,41,Male,0
4658,29,Male,1
5657,43,Female,0
4572,27,Male,0
6179,74,Male,0
5994,66,Male,0
1263,20,Male,0
7216,19,Female,0
1593,31,Male,0
7717,69,Female,0
2183,35,Male,1
7767,50,Female,1
3263,78,Female,0
7825,42,Female,0
5352,70,Female,1
1946,27,Male,0
6221,61,Male,0
8749,33,Female,1
8748,54,Female,0
8166,40,Male,0
2463,78,Male,0
6519,41,Female,0
5201,78,Male,0
2132,48,Male,0
2075,56,Male,0
5257,66,Female,0
6353,76,Female,0
2686,66,Female,0
2206,56,Male,0
8710,49,Female,1
2838,68,Male,0
6398,55,Male,1
9343,45,Male,0
6878,73,Male,1
9180,55,Female,0
1647,54,Female,0
7997,45,Male,0
4614,78,Female,0
2225,57,Male,0
2580,55,Female,1
2696,33,Male,0
5438,55,Female,0
5315,19,Male,0
3645,72,Male,0
8817,76,Female,0
9465,42,Male,0
4087,66,Male,1
3809,44,Female,0
8124,79,Male,1
6144,57,Male,0
2514,48,Male,1
6852,21,Female,0
6292,21,Female,0
3434,39,Male,0
3455,53,Female,0
4734,40,Male,1
2000,60,Male,0
3148,57,Male,1
7754,78,Male,0
4269,26,Female,1
5536,59,Female,1
4532,80,Female,0
1228,35,Female,0
8855,65,Male,0
3563,50,Female,0
8098,74,Male,0
4362,78,Male,0
5628,40,Male,1
5053,19,Male,0
4874,58,Male,0
4591,66,Male,0
9899,78,Male,0
2960,47,Male,1
7122,66,Male,0
4765,71,Male,0
5593,64,Male,0
1040,45,Female,1
1834,76,Male,0
8873,55,Female,0
5144,71,Female,0
4474,75,Female,0
6098,44,Female,0
8101,45,Male,0
4932,80,Female,0
7760,19,Male,1
6012,48,Male,0
8341,59,Male,0
8402,57,Female,1
6027,67,Female,1
4162,22,Female,0
4780,38,Female,0
2656,76,Male,0
6189,78,Male,0
2681,39,Male,1
9846,21,Male,0
4856,43,Male,1
7251,37,Female,1
8104,35,Male,0
9240,20,Male,0
4370,39,Male,0
5925,31,Male,0
3628,70,Male,0
5592,77,Male,0
2565,49,Male,0
9541,25,Female,0
3053,19,Female,0
1195,32,Female,0
7594,76,Male,1
5863,45,Female,0
3316,21,Female,0
4852,44,Male,0
4988,60,Male,0
8452,45,Female,0
4016,42,Male,1
6468,38,Female,0
3113,48,Male,0
6318,28,Male,0
4457,40,Female,0
5752,78,Male,0
4699,79,Female,0
8957,25,Female,1
7504,70,Male,1
1379,69,Male,0
5059,58,Female,0
9646,41,Female,0
1326,25,Male,1
5314,73,Male,0
9621,20,Female,0
1736,31,Female,1
4652,23,Female,0
5397,55,Male,0
2969,59,Male,0
9396,73,Male,0
3383,37,Female,0
2912,22,Male,0
9919,66,Male,0
6477,69,Female,1
3781,50,Male,0
4446,66,Female,0
6332,24,Male,1
2712,67,Male,1
8138,76,Male,0
5431,42,Male,0
5901,34,Male,0
9172,71,Female,0
5405,77,Female,1
3877,47,Male,0
2527,75,Female,1
8038,64,Male,0
2863,76,Female,1
5108,76,Male,0
4833,47,Female,1
9832,43,Female,1
5708,26,Male,0
9173,34,Male,0
9982,18,Male,1
4196,45,Female,0
9861,33,Male,0
7982,77,Male,0
6450,46,Female,0
1781,24,Male,0
4157,34,Male,0
7073,26,Male,0
4030,44,Female,0
4420,34,Female,0
3139,18,Male,0
8099,69,Female,1
2374,31,Male,0
7770,67,Male,0
8180,31,Female,0
4706,64,Female,0
8535,33,Male,1
9742,51,Female,0
9833,69,Female,0
2256,27,Female,1
6767,76,Male,0
4845,56,Male,1
6116,65,Female,0
2978,65,Female,0
6812,59,Female,0
8018,64,Male,0
9823,77,Female,0
7859,26,Female,0
5609,26,Female,0
5435,29,Male,0
5312,71,Male,0
4513,66,Female,0
5416,78,Female,0
7476,66,Male,0
3346,52,Female,0
7809,30,Female,0
2923,44,Female,0
7852,26,Male,0
3523,80,Female,1
4204,55,Male,0
3553,76,Female,0
2290,35,Male,0
3654,39,Female,0
2138,21,Female,0
8445,77,Female,0
6479,45,Female,1
8943,21,Female,0
5194,73,Male,0
3058,41,Female,0
5223,40,Female,1
3948,40,Male,0
9136,56,Female,1
4965,40,Female,0
1753,36,Female,0
2058,49,Female,0
4255,36,Female,0
3443,50,Male,0
2966,28,Female,1
7252,33,Male,0
6054,61,Female,1
7685,70,Male,0
1556,77,Female,0
9564,19,Male,1
7155,64,Male,0
9915,48,Female,1
9227,26,Female,0
8786,55,Female,0
8299,22,Female,0
5622,45,Female,0
1349,53,Female,0
4120,19,Male,0
6233,39,Female,0
5075,18,Male,0
2080,80,Male,0
4478,30,Male,0
8247,30,Male,0
9806,73,Female,1
6527,72,Female,0
5072,74,Female,1
6475,46,Male,0
6243,42,Male,0
8596,30,Female,0
1463,71,Female,0
6929,36,Male,1
7532,44,Male,0
7422,49,Male,0
2983,71,Male,1
7455,33,Female,0
5822,22,Male,0
7553,49,Female,0
4824,20,Male,0
5190,19,Female,0
2742,20,Female,1
3942,35,Female,0
2050,46,Female,0
4850,34,Male,0
4292,80,Male,1
4605,67,Female,0
1942,36,Male,1
6752,73,Male,0
6701,74,Female,0
8702,47,Male,0
8394,47,Female,1
9469,38,Female,0
6890,18,Female,0
5099,27,Female,0
7675,43,Male,0
7676,73,Male,0
9534,41,Male,0
7274,55,Female,0
8598,60,Female,0
8626,36,Male,1
6965,66,Male,1
9214,38,Female,0
4998,33,Female,1
4801,32,Female,0
1929,41,Male,1
2479,80,Male,0
7462,55,Female,0
8381,44,Female,0
4991,72,Female,0
6671,66,Male,0
1008,66,Female,0
9647,60,Male,0
7919,52,Male,0
1885,65,Female,0
4914,74,Male,0
1419,55,Female,1
6618,36,Female,1
7669,18,Female,0
2933,48,Female,0
8151,73,Male,0
4211,45,Female,0
2354,64,Male,1
6306,26,Male,1
